LABEL,ID,TRACK_ID,QUALITY,POSITION_X,POSITION_Y,POSITION_Z,POSITION_T,FRAME,RADIUS,VISIBILITY,MANUAL_SPOT_COLOR,MEAN_INTENSITY_CH1,MEDIAN_INTENSITY_CH1,MIN_INTENSITY_CH1,MAX_INTENSITY_CH1,TOTAL_INTENSITY_CH1,STD_INTENSITY_CH1,CONTRAST_CH1,SNR_CH1
Label,Spot ID,Track ID,Quality,X,Y,Z,T,Frame,Radius,Visibility,Manual spot color,Mean intensity ch1,Median intensity ch1,Min intensity ch1,Max intensity ch1,Sum intensity ch1,Std intensity ch1,Contrast ch1,Signal/Noise ratio ch1
Label,Spot ID,Track ID,Quality,X,Y,Z,T,Frame,R,Visibility,Spot color,Mean ch1,Median ch1,Min ch1,Max ch1,Sum ch1,Std ch1,Ctrst ch1,SNR ch1
,,,(quality),(pixel),(pixel),(pixel),(frame),,(pixel),,,(counts),(counts),(counts),(counts),(counts),(counts),,
ID192514,192514,7,10.314807891845703,109.59873118439211,132.66665893628848,0.0,787.0,787,5.0,1,,139.4536082474227,140.0,74.0,199.0,13527.0,36.17867138089233,0.246854391161083,1.5262731192975911
ID30724,30724,7,8.646984100341797,128.27269741683403,103.27550197742254,0.0,116.0,116,5.0,1,,126.74226804123711,119.0,69.0,186.0,12294.0,33.427246356364314,0.19867915045209797,1.2568985088698252
ID4101,4101,7,8.902953147888184,125.689785722875,108.04517158514014,0.0,8.0,8,5.0,1,,127.63917525773196,122.0,69.0,192.0,12381.0,35.2550781114728,0.2009661708107036,1.21167036792881
ID217094,217094,7,10.991368293762207,100.65076463028045,157.9252092813162,0.0,889.0,889,5.0,1,,141.38144329896906,140.0,69.0,200.0,13714.0,37.77687875842209,0.2581588924743458,1.5358469229681013
ID61447,61447,7,8.906418800354004,138.17262499440363,133.83323522308459,0.0,244.0,244,5.0,1,,125.68041237113403,118.0,68.0,196.0,12191.0,35.51776151676104,0.19910074454109322,1.1750848234253757
ID169994,169994,7,9.909379959106445,98.08131824915137,124.31730155796825,0.0,692.0,692,5.0,1,,136.27835051546393,133.0,72.0,194.0,13219.0,35.92084534896405,0.23071995386570165,1.4224474451585252
ID208905,208905,7,10.272740364074707,102.4246180860645,145.98533054965444,0.0,856.0,856,5.0,1,,139.88659793814432,137.0,80.0,201.0,13569.0,33.543465672871044,0.24974508443401527,1.6667623597123817
ID213001,213001,7,10.570964813232422,116.39299644721942,147.28070072582025,0.0,872.0,872,5.0,1,,140.29896907216494,140.0,70.0,196.0,13609.0,34.77042713417227,0.25986516046629915,1.6645561199976888
ID221192,221192,7,8.927295684814453,102.32440114465628,156.39348017920545,0.0,907.0,907,5.0,1,,131.6701030927835,129.0,73.0,187.0,12772.0,32.22276681216135,0.21322415520100155,1.4363150024045557
ID161807,161807,7,10.323202133178711,70.07817582549892,103.09240874996404,0.0,659.0,659,5.0,1,,134.82474226804123,126.0,78.0,199.0,13078.0,37.075376574081695,0.23785583370108018,1.3975191360405985
ID231446,231446,7,10.068828582763672,112.32344512555368,171.29603751632456,0.0,950.0,950,5.0,1,,135.51546391752578,136.0,79.0,189.0,13145.0,34.341760717960014,0.2480859913342616,1.568751040903237
ID71702,71702,7,9.36705493927002,142.10137070790898,130.37103204410073,0.0,284.0,284,5.0,1,,131.55670103092783,129.0,67.0,193.0,12761.0,36.1795202981388,0.21448397140876602,1.2843494996397808
ID38939,38939,7,7.44913911819458,131.09222331147146,96.12710942741836,0.0,150.0,150,5.0,1,,120.19587628865979,115.0,70.0,184.0,11659.0,30.94573179214224,0.16617936087674734,1.1069564620829326
ID114717,114717,7,9.854921340942383,87.40263162719371,124.91251066569998,0.0,466.0,466,5.0,1,,135.659793814433,134.0,84.0,194.0,13159.0,32.87409269912065,0.2430570866367235,1.6137809595161292
ID124963,124963,7,10.558127403259277,73.4947909034123,127.66086013373503,0.0,503.0,503,5.0,1,,139.62886597938143,135.0,85.0,207.0,13544.0,35.16932837111908,0.25777953499686224,1.6273652708796549
ID165921,165921,7,10.22962760925293,71.64206413053473,122.71576270318084,0.0,675.0,675,5.0,1,,136.30927835051546,135.0,69.0,199.0,13222.0,37.42085003286445,0.23961916169675662,1.4082346607767364
ID110631,110631,7,9.665019989013672,105.28174616400214,137.05845496887326,0.0,443.0,443,5.0,1,,137.08247422680412,135.0,68.0,196.0,13297.0,33.69769715892219,0.2290669344892379,1.516346928959486
ID139300,139300,7,8.455890655517578,104.69926407778674,131.07392096644045,0.0,562.0,562,5.0,1,,127.31958762886597,126.0,65.0,187.0,12350.0,33.713111442901734,0.19376069061966592,1.2259557154407614
ID24617,24617,7,9.143702507019043,120.17933538192747,97.79314811940777,0.0,90.0,90,5.0,1,,130.1340206185567,127.0,70.0,196.0,12623.0,35.57434377058702,0.20600886138967706,1.249739075186733
ID36906,36906,7,8.87602424621582,131.0441673805578,98.94158265608603,0.0,142.0,142,5.0,1,,129.4536082474227,119.0,76.0,199.0,12557.0,33.10747039898898,0.20141380348731294,1.3110364597973514
ID88107,88107,7,9.35027027130127,136.66442051929715,109.05743697468999,0.0,351.0,351,5.0,1,,134.18556701030928,134.0,74.0,196.0,13016.0,33.58240173343126,0.21968815554355475,1.4394012813209591
ID180264,180264,7,9.524831771850586,101.38012198523236,114.21570517863317,0.0,737.0,737,5.0,1,,138.94845360824743,137.0,90.0,190.0,13478.0,29.936520037552178,0.23329373841473058,1.755977532705247
ID14379,14379,7,8.888569831848145,107.28313708782443,84.45230710064195,0.0,53.0,53,5.0,1,,123.75257731958763,117.0,61.0,197.0,12004.0,37.366994942014855,0.19987975362920998,1.103385201937327
ID92202,92202,7,9.113892555236816,111.0755124755348,114.39378360039609,0.0,370.0,370,5.0,1,,132.20618556701032,126.0,80.0,193.0,12824.0,31.893683460421112,0.219155619856713,1.4902892132752856
ID22572,22572,7,8.779541015625,127.49731584381769,92.50708643431511,0.0,83.0,83,5.0,1,,128.09278350515464,125.0,71.0,189.0,12425.0,33.4331056222181,0.20851041899733816,1.3220725875673538
ID196654,196654,7,10.609564781188965,104.0365897878806,139.44889980225474,0.0,804.0,804,5.0,1,,141.55670103092783,138.0,72.0,204.0,13731.0,37.29694163963184,0.2430437633280086,1.4841755398730547
ID235574,235574,7,10.043656349182129,126.99779737987132,180.0978754953263,0.0,968.0,968,5.0,1,,130.49484536082474,122.0,69.0,199.0,12658.0,37.22905555234496,0.23576806927176494,1.3374863284807386
ID155700,155700,7,10.396702766418457,99.80761544469206,109.54355966786831,0.0,633.0,633,5.0,1,,138.24742268041237,135.0,76.0,200.0,13410.0,36.742638414561775,0.2447335604568816,1.4795642519960768
ID118838,118838,7,9.638675689697266,73.52430644868967,137.39867923374769,0.0,484.0,484,5.0,1,,130.9278350515464,133.0,61.0,199.0,12700.0,38.0589584895047,0.22484922399705481,1.2630305190715714
ID65592,65592,7,8.964351654052734,130.230838801956,129.09123028739643,0.0,259.0,259,5.0,1,,127.16494845360825,121.0,65.0,194.0,12335.0,35.56791637498227,0.2037115087539792,1.2101303228300648
ID106552,106552,7,9.395893096923828,117.57047115988561,135.48489765189066,0.0,427.0,427,5.0,1,,129.7422680412371,131.0,64.0,195.0,12585.0,37.96524681383934,0.21089923480034745,1.1903981765259117
ID135229,135229,7,10.970709800720215,108.67024398946047,130.02945779350958,0.0,549.0,549,5.0,1,,139.91752577319588,138.0,66.0,205.0,13572.0,37.68417829559819,0.2663738263189697,1.5619699907538558
ID43073,43073,7,9.061508178710938,129.9594794759422,109.04776625354374,0.0,166.0,166,5.0,1,,126.5979381443299,121.0,59.0,190.0,12280.0,36.16503254578655,0.20440533986800374,1.1881939389459917
ID8260,8260,7,8.077284812927246,124.93500246701166,106.19980851977868,0.0,24.0,24,5.0,1,,118.78350515463917,111.0,62.0,185.0,11522.0,35.34715535587804,0.17394960666801498,0.9958769029074516
ID147527,147527,7,9.87808895111084,91.1867120742903,124.73028285905379,0.0,598.0,598,5.0,1,,132.90721649484536,128.0,69.0,200.0,12892.0,37.22400728311043,0.22809494459622104,1.3262919998516667
ID204869,204869,7,11.008368492126465,127.93803812645992,142.27198513982376,0.0,838.0,838,5.0,1,,147.8762886597938,147.0,88.0,201.0,14344.0,32.92043999426205,0.2690226702679933,1.9045062639840118
ID131155,131155,7,9.458033561706543,78.88932464382185,139.73304991863046,0.0,529.0,529,5.0,1,,136.02061855670104,135.0,78.0,188.0,13194.0,31.797529837710172,0.22818695437427974,1.5895261950964892
ID84051,84051,7,8.476147651672363,149.86539280159533,110.8852439816032,0.0,336.0,336,5.0,1,,126.69072164948453,122.0,61.0,189.0,12289.0,34.444811179365324,0.18920689197594104,1.170389809016963
ID190544,190544,7,10.460906982421875,110.43016369770845,129.59098953168467,0.0,780.0,780,5.0,1,,140.64948453608247,140.0,82.0,210.0,13643.0,34.46013434545096,0.2544602987862388,1.655824429622658
ID79963,79963,7,9.091334342956543,151.93831265204076,126.91945157683098,0.0,319.0,319,5.0,1,,130.88659793814432,127.0,71.0,202.0,12696.0,34.432565825785886,0.20899721035738758,1.3142287974963167
ID55388,55388,7,8.712085723876953,133.97788488865268,124.09824786075797,0.0,217.0,217,5.0,1,,123.51546391752578,112.0,70.0,194.0,11981.0,36.16401105901126,0.19052881423677448,1.093189595850781
ID122973,122973,7,10.600068092346191,71.42992391422348,120.79654948456907,0.0,493.0,493,5.0,1,,144.53608247422682,141.0,73.0,204.0,14020.0,34.519035164091626,0.252372346588254,1.6875471781804507
ID176222,176222,7,10.031389236450195,97.22568184425957,116.21468806528368,0.0,717.0,717,5.0,1,,137.50515463917526,137.0,84.0,204.0,13338.0,33.234997778239546,0.24251544982729634,1.615068452490304
ID47197,47197,7,8.35313892364502,134.6109382507648,115.35639392412449,0.0,185.0,185,5.0,1,,121.68041237113403,117.0,61.0,192.0,11803.0,36.82264543042563,0.17928374782999504,1.0047506396612214
ID20574,20574,7,9.208229064941406,114.01986958134957,90.1244452045525,0.0,74.0,74,5.0,1,,127.36082474226804,121.0,56.0,197.0,12354.0,36.70524076086022,0.20649257300591697,1.187729557562831
ID28766,28766,7,8.162778854370117,125.8530175465948,101.64013410104818,0.0,106.0,106,5.0,1,,123.89690721649484,118.0,70.0,185.0,12018.0,32.26985323541232,0.18938820155489336,1.22270803096598
ID186461,186461,7,9.20962905883789,106.5493185965498,122.4650237154417,0.0,762.0,762,5.0,1,,134.82474226804123,135.0,63.0,192.0,13078.0,34.61605188507155,0.21582193635266672,1.3827627484231715
ID172134,172134,7,9.113043785095215,99.57553629571743,115.76327982659166,0.0,702.0,702,5.0,1,,129.18556701030928,126.0,58.0,195.0,12531.0,36.254692195432675,0.20791605213848613,1.2266792999761764
ID143463,143463,7,10.922694206237793,104.60673689597019,121.59266338974479,0.0,580.0,580,5.0,1,,141.55670103092783,143.0,80.0,201.0,13731.0,37.75302666458374,0.2589040179713041,1.5422501617151068
ID233572,233572,7,10.541680335998535,122.29083321231705,192.22748599699034,0.0,959.0,959,5.0,1,,140.8659793814433,140.0,74.0,198.0,13664.0,33.190306336457695,0.2604597675037373,1.7540279700929489
ID75880,75880,7,9.42374324798584,147.0119460804448,133.32517310352625,0.0,298.0,298,5.0,1,,133.4020618556701,127.0,73.0,195.0,12940.0,34.79842542948077,0.21708606449932846,1.367551216255111
ID143464,143464,7,9.85871410369873,102.62278809844342,120.01582328232921,0.0,579.0,579,5.0,1,,137.69072164948454,138.0,77.0,189.0,13356.0,32.24333291057441,0.2435060789885497,1.6724634648009635
ID59500,59500,7,8.916661262512207,141.0506152260977,130.57990810172993,0.0,236.0,236,5.0,1,,130.60824742268042,126.0,71.0,190.0,12669.0,33.700134983975126,0.20629300380029555,1.3255638376446655
ID53360,53360,7,8.848689079284668,131.69618571985794,109.65057565479687,0.0,208.0,208,5.0,1,,126.82474226804123,122.0,67.0,193.0,12302.0,35.23345069830609,0.2058400071247253,1.2289066783668117
ID211059,211059,7,9.617015838623047,111.9701956574186,144.21863383730206,0.0,864.0,864,5.0,1,,133.72164948453607,128.0,68.0,189.0,12971.0,33.26119556757081,0.23259744008146804,1.5173212291400011
ID100464,100464,7,9.974498748779297,91.87847949259594,132.0049490313967,0.0,403.0,403,5.0,1,,127.6082474226804,120.0,62.0,205.0,12378.0,38.723258703327275,0.2286773002762881,1.2266539557368168
ID96373,96373,7,9.332124710083008,98.38624598763751,132.00070643383782,0.0,384.0,384,5.0,1,,136.04123711340208,132.0,85.0,193.0,13196.0,29.78566403132457,0.23035196693853177,1.710235192043158
ID200825,200825,7,10.584075927734375,111.19259268221644,151.50426942709524,0.0,824.0,824,5.0,1,,146.2680412371134,144.0,88.0,197.0,14188.0,31.85890621942758,0.2596988590142776,1.893005541303119
ID149625,149625,7,8.933751106262207,92.0692776723242,129.54218501039946,0.0,608.0,608,5.0,1,,126.69072164948453,121.0,59.0,199.0,12289.0,34.99564283138874,0.21213254338999052,1.267120793801738
ID69757,69757,7,9.021976470947266,133.32544139441518,125.18238618893946,0.0,273.0,273,5.0,1,,130.02061855670104,122.0,75.0,193.0,12612.0,33.95922168002974,0.20350945969980413,1.2948503799153017
ID32894,32894,7,7.586706161499023,133.77901184559136,118.75019206827236,0.0,127.0,127,5.0,1,,118.5979381443299,114.0,61.0,179.0,11504.0,32.17972310380871,0.16999568140126003,1.0709728506657632
ID235644,235644,7,9.729207992553711,129.80361128653857,182.92504927816879,0.0,967.0,967,5.0,1,,128.5463917525773,121.0,63.0,192.0,12469.0,36.64014778290699,0.23192498647504076,1.320979097881726
ID129153,129153,7,10.141542434692383,75.59427586379813,132.89842858253812,0.0,519.0,519,5.0,1,,129.75257731958763,128.0,56.0,205.0,12586.0,39.50976433317757,0.2389817867126696,1.2668973599400895
ID157827,157827,7,10.719524383544922,87.13868225883746,109.239024716804,0.0,641.0,641,5.0,1,,136.18556701030928,132.0,78.0,202.0,13210.0,36.89380308650176,0.25885215986300225,1.5180452500758392
ID104579,104579,7,10.491519927978516,106.90470736348375,136.1640728296562,0.0,421.0,421,5.0,1,,134.93814432989691,128.0,69.0,205.0,13089.0,37.40984006943385,0.24340392996731672,1.4121935639558736
ID141447,141447,7,10.132583618164062,103.58137423255667,126.61166778609177,0.0,569.0,569,5.0,1,,136.37113402061857,139.0,71.0,198.0,13228.0,36.944586767332154,0.23962270418644507,1.4270529163393981
ID219269,219269,7,10.28293514251709,105.27065096366809,146.64667205747136,0.0,899.0,899,5.0,1,,143.63917525773195,139.0,94.0,199.0,13933.0,32.5343362103186,0.24706780542364568,1.7493916056189815
ID6282,6282,7,8.179512977600098,124.78626051824376,108.91413352485608,0.0,15.0,15,5.0,1,,121.4639175257732,116.0,59.0,187.0,11782.0,34.30137930161304,0.18216643304699953,1.0913283238655127
ID63626,63626,7,8.387670516967773,139.12883484153568,131.37836204719844,0.0,251.0,251,5.0,1,,127.02061855670104,123.0,63.0,196.0,12321.0,32.3467474477224,0.19375830937491814,1.2747280137053947
ID151694,151694,7,9.830161094665527,103.196186751109,118.02149225913236,0.0,615.0,615,5.0,1,,138.2680412371134,137.0,86.0,197.0,13412.0,30.716619912217155,0.24453191245520087,1.7689187668271642
ID215181,215181,7,10.86733341217041,108.52102646710762,154.04962231129764,0.0,880.0,880,5.0,1,,144.02061855670104,141.0,73.0,197.0,13970.0,35.226345308306804,0.2605635189895452,1.6901916662662946
ID163987,163987,7,9.610410690307617,76.57124510039417,114.6163090106633,0.0,671.0,671,5.0,1,,134.70103092783506,136.0,75.0,197.0,13066.0,34.45805570679784,0.23014899408267395,1.462721051182384
ID194705,194705,7,10.297825813293457,101.68163609597488,141.42461751198053,0.0,796.0,796,5.0,1,,141.53608247422682,142.0,73.0,196.0,13729.0,34.98126339427714,0.24665184659634762,1.601035134057527
ID223376,223376,7,10.930025100708008,104.69035224267911,154.8779608742348,0.0,914.0,914,5.0,1,,145.8762886597938,148.0,75.0,207.0,14150.0,35.72209217579238,0.257092318483719,1.670320236068023
ID206998,206998,7,10.306422233581543,113.14072940031268,142.45233468576583,0.0,845.0,845,5.0,1,,145.61855670103094,143.0,94.0,196.0,14125.0,31.591284168187734,0.24908908557472867,1.8384030106441605
ID112793,112793,7,10.63260269165039,90.45155242416719,134.8756590096708,0.0,453.0,453,5.0,1,,143.62886597938143,144.0,89.0,197.0,13932.0,33.297684975719676,0.2582439468230298,1.770610306131722
ID159897,159897,7,9.803145408630371,69.72529679767436,107.62872780797942,0.0,652.0,652,5.0,1,,138.39175257731958,137.0,78.0,195.0,13424.0,33.81831256294155,0.23037356840728637,1.5324415818134287
ID12446,12446,7,7.724253177642822,117.11367266195636,87.90047945610348,0.0,39.0,39,5.0,1,,117.8659793814433,113.0,65.0,181.0,11433.0,33.08468580337289,0.17088124362310697,1.0398555095473143
ID94369,94369,7,8.44257640838623,100.69091088950321,118.48344301164643,0.0,378.0,378,5.0,1,,123.0,119.0,60.0,190.0,11931.0,36.31861322609478,0.18556348792461647,1.0601652409905011
ID182432,182432,7,10.198264122009277,101.1985660654618,112.0766101721547,0.0,745.0,745,5.0,1,,141.23711340206185,138.0,80.0,195.0,13700.0,32.442504654348475,0.24886435182082964,1.7350495224630316
ID90276,90276,7,8.884995460510254,119.81475770752789,112.41101016603488,0.0,365.0,365,5.0,1,,127.30927835051547,124.0,63.0,188.0,12349.0,35.981002170341654,0.1987546401715295,1.173285684722357
ID73895,73895,7,10.070280075073242,145.13475426883303,130.26124996224434,0.0,292.0,292,5.0,1,,135.94845360824743,134.0,57.0,203.0,13187.0,36.72146600140164,0.23476026033230527,1.4077521377548134
ID51367,51367,7,9.03018569946289,128.43953235220465,105.9084980618793,0.0,199.0,199,5.0,1,,129.41237113402062,124.0,75.0,196.0,12553.0,33.901435741880086,0.21120338396329316,1.3312864013012162
ID137387,137387,7,10.762751579284668,106.52140845008846,128.7636666827992,0.0,555.0,555,5.0,1,,139.22680412371133,132.0,78.0,206.0,13505.0,36.7135604927523,0.2608058924510634,1.5689009096091473
ID41130,41130,7,8.063024520874023,133.37792377615418,105.96010371330968,0.0,158.0,158,5.0,1,,121.11340206185567,112.0,70.0,193.0,11748.0,34.21801313168858,0.1753815507224843,1.0562639235956344
ID116917,116917,7,7.79931116104126,78.66124512925032,138.34572812108487,0.0,471.0,471,5.0,1,,115.5360824742268,112.0,54.0,187.0,11207.0,35.101359736147835,0.17697522591364725,0.9898487682323743
ID86196,86196,7,9.047203063964844,150.41991260699382,113.23382199380822,0.0,341.0,341,5.0,1,,125.88659793814433,123.0,58.0,192.0,12211.0,38.027642437404374,0.2062369552777392,1.1319935431231691
ID45238,45238,7,8.643566131591797,129.55094092292398,119.49216832545024,0.0,176.0,176,5.0,1,,126.28865979381443,128.0,62.0,194.0,12250.0,37.054565272853175,0.19041014578988952,1.0903002044371597
ID67771,67771,7,8.868388175964355,125.52931446406123,125.79364254561253,0.0,266.0,266,5.0,1,,131.88659793814432,130.0,72.0,190.0,12793.0,33.34193939590815,0.20391852810095074,1.3399833220183568
ID18620,18620,7,8.488419532775879,116.60514256980768,92.17032686996177,0.0,68.0,68,5.0,1,,124.23711340206185,121.0,64.0,185.0,12051.0,35.13419903143881,0.18856322711527576,1.1219822938807735
ID26818,26818,7,9.07757568359375,129.19078418619375,98.12659399032717,0.0,100.0,100,5.0,1,,129.23711340206185,121.0,73.0,198.0,12536.0,34.120428019698444,0.2095624489437361,1.312465643620042
ID108739,108739,7,9.071310997009277,112.23928127594078,137.798150018183,0.0,438.0,438,5.0,1,,133.01030927835052,126.0,81.0,188.0,12902.0,30.70949054084667,0.22241719462116577,1.5761284043037782
ID153798,153798,7,9.938457489013672,101.98004495674125,114.54437428209283,0.0,626.0,626,5.0,1,,138.09278350515464,134.0,84.0,199.0,13395.0,31.662965509878017,0.24647029422186403,1.7247733856304523
ID82116,82116,7,9.735687255859375,146.76042092076432,122.43663358518562,0.0,325.0,325,5.0,1,,137.8556701030928,138.0,72.0,194.0,13372.0,35.36918082017217,0.22914823845440704,1.4532552077988887
ID178372,178372,7,10.437233924865723,96.25802553949241,115.14703936227417,0.0,729.0,729,5.0,1,,137.3298969072165,130.0,77.0,203.0,13321.0,37.8557353782875,0.23767616162537156,1.3932915444550036
ID198853,198853,7,10.539743423461914,109.80326112186997,140.95496376538608,0.0,814.0,814,5.0,1,,143.02061855670104,143.0,78.0,211.0,13873.0,33.56460790445895,0.2495663193244211,1.7020555602657745
ID121033,121033,7,9.746752738952637,70.85137078962556,136.0229400370119,0.0,488.0,488,5.0,1,,133.18556701030928,129.0,69.0,198.0,12919.0,34.48590590640713,0.2330137039232491,1.459684783156117
ID127176,127176,7,9.453526496887207,75.44490436086177,140.1577933806358,0.0,515.0,515,5.0,1,,134.51546391752578,130.0,76.0,195.0,13048.0,33.09333813941443,0.2252338616374414,1.4944325717956588
ID227528,227528,7,10.859857559204102,116.75635811346366,165.24925121878758,0.0,933.0,933,5.0,1,,145.28865979381445,146.0,85.0,197.0,14093.0,33.97209601364239,0.26177559819873486,1.7745425076604595
ID78029,78029,7,8.79440689086914,151.26800254164908,131.4083653245993,0.0,309.0,309,5.0,1,,127.54639175257732,123.0,71.0,184.0,12372.0,34.351134327024255,0.20332221416345014,1.2547580377257628
ID98508,98508,7,10.17660903930664,94.28948989510413,135.39045142268594,0.0,396.0,396,5.0,1,,130.31958762886597,129.0,60.0,206.0,12641.0,38.31463667009661,0.2426038801890578,1.3281282619518089
ID133324,133324,7,10.12025260925293,87.38259198672347,135.04266289560604,0.0,537.0,537,5.0,1,,141.56701030927834,141.0,91.0,195.0,13732.0,32.05038585847253,0.24611973317382857,1.7447992098490064
ID225491,225491,7,10.250057220458984,102.37452556940778,167.5826682019256,0.0,925.0,925,5.0,1,,143.22680412371133,143.0,90.0,193.0,13893.0,31.277156585197808,0.2565650061405347,1.8699908987648206
ID202966,202966,7,11.014933586120605,118.48042576020816,148.90082585480675,0.0,829.0,829,5.0,1,,144.36082474226805,138.0,93.0,206.0,14003.0,34.78870313736028,0.26488018148085674,1.7379656485669306
ID2263,2263,7,8.491168975830078,122.36569085327905,118.18067889458571,0.0,3.0,3,5.0,1,,128.63917525773195,128.0,71.0,184.0,12478.0,30.83733720637016,0.20264840548849508,1.4058237757292744
ID16604,16604,7,8.2999267578125,110.46080335894669,85.86993958471403,0.0,57.0,57,5.0,1,,126.56701030927834,123.0,69.0,186.0,12277.0,31.745376046656663,0.19661980969290715,1.3102106477218403
ID174307,174307,7,10.526531219482422,90.09117479596078,118.46419417316555,0.0,713.0,713,5.0,1,,139.04123711340208,136.0,74.0,202.0,13487.0,35.909294736232404,0.24873977856861795,1.542552806701837
ID229601,229601,7,10.583986282348633,118.15475270274547,157.47264027757197,0.0,941.0,941,5.0,1,,145.41237113402062,142.0,83.0,195.0,14105.0,32.72191944289778,0.25811755308526924,1.823429172039435
ID188641,188641,7,9.725668907165527,115.01035783992891,119.93230070745066,0.0,771.0,771,5.0,1,,138.23711340206185,137.0,74.0,196.0,13409.0,31.758454647239304,0.23595752166856457,1.6619791519375158
ID57572,57572,7,8.451723098754883,138.68386846490776,123.86214415788112,0.0,226.0,226,5.0,1,,125.76288659793815,123.0,75.0,193.0,12199.0,34.04799712534385,0.18995140948879874,1.1792454678499742
ID184551,184551,7,10.154695510864258,103.47465459497299,122.72025009512352,0.0,754.0,754,5.0,1,,139.6701030927835,137.0,86.0,195.0,13548.0,35.46909501285489,0.24003986308846045,1.5245127666159208
ID213235,213235,7,9.324870109558105,113.63639267739285,146.74407431511247,0.0,873.0,873,5.0,1,,131.659793814433,129.0,73.0,192.0,12771.0,33.273139378839964,0.22497984987981504,1.4534632816313615
ID217331,217331,7,11.181294441223145,98.82355966757265,160.96910166345475,0.0,890.0,890,5.0,1,,142.340206185567,135.0,85.0,213.0,13807.0,35.4814759763041,0.2718019573978123,1.7147033631351316
ID4337,4337,7,6.4056782722473145,126.22295607936081,104.38536174355052,0.0,12.0,12,5.0,1,,118.85567010309278,110.0,81.0,177.0,11529.0,26.206308754891467,0.1427134345862009,1.13284781664607
ID49394,49394,7,9.230896949768066,132.9656928634981,111.47728460107226,0.0,192.0,192,5.0,1,,130.1340206185567,128.0,73.0,196.0,12623.0,36.02708149954102,0.20862099271604284,1.2469804248575738
ID145649,145649,7,9.738715171813965,95.71048314648232,125.33519297912724,0.0,590.0,590,5.0,1,,135.06185567010309,132.0,68.0,198.0,13101.0,35.59635235086996,0.22476944449531558,1.3926440892402923
ID30965,30965,7,9.246472358703613,129.59690546494397,106.71515761698585,0.0,119.0,119,5.0,1,,130.7835051546392,124.0,70.0,199.0,12686.0,35.997171996596855,0.20818296261483804,1.2520655398078484
ID2294,2294,7,8.737621307373047,121.02811400241316,117.25695728411277,0.0,2.0,2,5.0,1,,126.68041237113403,120.0,72.0,187.0,12288.0,34.172828628822124,0.19888905999316317,1.2299584297315305
ID209141,209141,7,9.663094520568848,102.53104050234116,144.35678166294545,0.0,855.0,855,5.0,1,,132.4020618556701,133.0,60.0,197.0,12843.0,38.34211669132436,0.2197134425169885,1.2440776210237199
ID35063,35063,7,9.30727481842041,140.68180555210122,104.55269273301924,0.0,135.0,135,5.0,1,,131.4742268041237,127.0,64.0,203.0,12753.0,35.606381913776225,0.21560905933209512,1.309832771595273
ID61687,61687,7,9.148934364318848,142.82673057826557,131.57844809923802,0.0,242.0,242,5.0,1,,128.37113402061857,124.0,70.0,192.0,12452.0,35.75766805514963,0.21052720355852203,1.2487107575925054
ID192760,192760,7,10.056534767150879,110.44949288958996,130.01067730354455,0.0,788.0,788,5.0,1,,133.5463917525773,129.0,72.0,203.0,12954.0,37.982731991699396,0.2312142295282429,1.3205561954323397
ID10496,10496,7,8.54265308380127,124.13027284429116,100.49624678465226,0.0,31.0,31,5.0,1,,124.70103092783505,122.0,60.0,193.0,12096.0,35.657854718039104,0.19256873894403928,1.1293984668642942
ID162048,162048,7,9.68160629272461,68.37984110412124,108.99471194010026,0.0,661.0,661,5.0,1,,131.8556701030928,126.0,70.0,197.0,12790.0,35.62302324653773,0.22611070809742728,1.3651786141089102
ID231681,231681,7,9.728841781616211,113.94653991416014,170.87855662527542,0.0,951.0,951,5.0,1,,133.1340206185567,128.0,68.0,189.0,12914.0,33.03900121635899,0.2393611668849276,1.556495762626547
ID170241,170241,7,10.01738452911377,92.33054724893756,126.23113791573329,0.0,691.0,691,5.0,1,,136.79381443298968,129.0,75.0,201.0,13269.0,35.46445936436748,0.23176094480132214,1.4514996471539559
ID168198,168198,7,9.420047760009766,83.32083654004198,130.33395282115643,0.0,683.0,683,5.0,1,,132.97938144329896,133.0,70.0,198.0,12899.0,34.691491326357465,0.2210503040588093,1.387870340831367
ID221447,221447,7,9.59280014038086,103.40590194428832,161.00700234474695,0.0,906.0,906,5.0,1,,132.63917525773195,125.0,80.0,197.0,12866.0,34.936604957828706,0.2246857383160574,1.3930668438661407
ID39177,39177,7,7.731363296508789,130.70486997956303,96.78479801967607,0.0,148.0,148,5.0,1,,116.83505154639175,112.0,55.0,187.0,11333.0,34.79543804281052,0.16826782532702717,0.9672517134967884
ID71946,71946,7,9.560888290405273,144.98334412505193,129.4539279937817,0.0,288.0,288,5.0,1,,135.56701030927834,133.0,69.0,200.0,13150.0,34.81136883754563,0.2237729759105071,1.4241957726654162
ID139535,139535,7,7.86271858215332,102.64220107570736,129.27560821958528,0.0,565.0,565,5.0,1,,121.51546391752578,118.0,60.0,177.0,11787.0,34.174525539885536,0.17247429275260598,1.0461166023407267
ID114958,114958,7,11.0480318069458,86.53403091559579,132.12756690688676,0.0,461.0,461,5.0,1,,140.15463917525773,138.0,65.0,203.0,13595.0,39.07347251391324,0.25799331721477536,1.4712469875060818
ID88337,88337,7,9.200550079345703,136.64969218537144,110.73469553463772,0.0,354.0,354,5.0,1,,132.06185567010309,130.0,67.0,193.0,12810.0,33.899611119017564,0.21756659753215324,1.3922337888364493
ID166163,166163,7,10.186274528503418,74.67633817817806,121.5313891908857,0.0,676.0,676,5.0,1,,139.11340206185568,143.0,80.0,201.0,13494.0,35.46708459046328,0.24201377434925417,1.528576395734822
ID110866,110866,7,10.762335777282715,105.6968075846037,134.26704004777545,0.0,446.0,446,5.0,1,,139.43298969072166,137.0,69.0,212.0,13525.0,37.82385358928467,0.2525941644324009,1.4867662377115112
ID125205,125205,7,7.832479000091553,76.1484965537752,134.12922943169178,0.0,505.0,505,5.0,1,,117.22680412371135,113.0,55.0,177.0,11371.0,33.32744900811216,0.17847297617378777,1.06538771873411
ID24858,24858,7,7.7642693519592285,121.62997557508865,92.53760248269036,0.0,92.0,92,5.0,1,,121.96907216494846,117.0,68.0,181.0,11831.0,32.20101370306771,0.17690259779426437,1.1386856853976977
ID180504,180504,7,10.668937683105469,95.65435129417737,113.20191517766919,0.0,736.0,736,5.0,1,,142.8762886597938,139.0,71.0,202.0,13859.0,35.55402512725023,0.25262745026621025,1.620914082071318
ID92442,92442,7,9.249469757080078,113.9463861728589,114.65088403962598,0.0,369.0,369,5.0,1,,132.29896907216494,127.0,66.0,191.0,12833.0,33.52926736091098,0.22051801085648093,1.4258120001293466
ID155942,155942,7,9.058025360107422,102.32344857073066,106.98656889986567,0.0,634.0,634,5.0,1,,130.23711340206185,125.0,79.0,187.0,12633.0,33.17748144320315,0.21090811742465762,1.3674247846284728
ID22821,22821,7,7.888665199279785,123.2883711203615,92.38140702938665,0.0,84.0,84,5.0,1,,126.3917525773196,121.0,80.0,186.0,12260.0,30.275662909419687,0.18184975341860674,1.2847112229044402
ID106791,106791,7,7.841733932495117,118.36601793407834,135.15571708311558,0.0,432.0,432,5.0,1,,121.80412371134021,117.0,69.0,186.0,11815.0,31.506824384851438,0.17885944282266253,1.1731058540771733
ID65830,65830,7,9.125300407409668,126.04342556549634,126.91400250716683,0.0,263.0,263,5.0,1,,127.88659793814433,121.0,73.0,197.0,12405.0,36.12215279686984,0.20254881576862732,1.1926373278788565
ID119078,119078,7,10.639650344848633,73.07185378342747,130.98939592611205,0.0,482.0,482,5.0,1,,137.97938144329896,135.0,75.0,199.0,13384.0,35.588205964617956,0.261709262270661,1.6084141900847344
ID43307,43307,7,9.21175479888916,131.31839610538933,112.1310784222767,0.0,169.0,169,5.0,1,,130.9278350515464,126.0,75.0,188.0,12700.0,34.090030135498196,0.21505156008250753,1.359510253147222
ID196911,196911,7,9.673053741455078,107.73012061368489,137.53620168726874,0.0,805.0,805,5.0,1,,138.27835051546393,139.0,79.0,200.0,13413.0,32.580266991706175,0.23371160185536335,1.6080374917525437
ID147759,147759,7,9.960135459899902,94.78718275290598,125.03815380387643,0.0,601.0,601,5.0,1,,136.95876288659792,132.0,79.0,196.0,13285.0,35.42683702769613,0.2312149532387093,1.4520095635397812
ID14640,14640,7,8.477169036865234,119.09320929609041,87.35090812885707,0.0,46.0,46,5.0,1,,127.94845360824742,122.0,73.0,184.0,12411.0,31.382509437988386,0.19880694102121482,1.3522583228168035
ID135478,135478,7,10.176292419433594,109.02885645358712,131.5105723299379,0.0,548.0,548,5.0,1,,139.89690721649484,141.0,88.0,190.0,13570.0,31.701894178451195,0.2575979124640949,1.8078126814242113
ID102715,102715,7,9.57526969909668,101.4182202867422,131.13633831453197,0.0,411.0,411,5.0,1,,131.62886597938143,128.0,66.0,193.0,12768.0,33.81392698394555,0.237240616265742,1.4928645309965114
ID190780,190780,7,8.437631607055664,111.58919648556298,127.84828668959996,0.0,779.0,779,5.0,1,,129.46391752577318,124.0,77.0,186.0,12558.0,30.427530658815,0.20097375556051958,1.424025815746288
ID8514,8514,7,8.959110260009766,123.52518224951305,109.91513831112226,0.0,23.0,23,5.0,1,,125.31958762886597,121.0,61.0,204.0,12156.0,37.679444659232686,0.19821118374279525,1.100371277990232
ID84290,84290,7,8.913825035095215,145.43803544725893,111.22770417665417,0.0,333.0,333,5.0,1,,132.91752577319588,131.0,83.0,197.0,12893.0,32.79693523000434,0.20799495311723495,1.3956183120202517
ID55621,55621,7,8.755630493164062,134.2675324358256,121.15763160178504,0.0,218.0,218,5.0,1,,128.89690721649484,125.0,70.0,192.0,12503.0,32.750154114167444,0.2022255569498424,1.324064765490187
ID80196,80196,7,9.24904727935791,152.1811760903146,125.7598244327027,0.0,318.0,318,5.0,1,,133.28865979381445,127.0,78.0,199.0,12929.0,32.96556244871513,0.21715759964746062,1.4427494731056738
ID131399,131399,7,9.819774627685547,84.59435991764445,138.70028552533356,0.0,532.0,532,5.0,1,,137.7319587628866,139.0,70.0,194.0,13360.0,33.271457820454486,0.24226572075147002,1.6146201054048681
ID96584,96584,7,10.962137222290039,91.22826102625822,132.56412707736538,0.0,387.0,387,5.0,1,,139.82474226804123,138.0,74.0,202.0,13563.0,37.41629833967143,0.2654670862743616,1.5678807661378713
ID205129,205129,7,11.256508827209473,128.2658028448372,142.9719507431543,0.0,837.0,837,5.0,1,,147.72164948453607,148.0,87.0,202.0,14329.0,33.904812302250825,0.2773370312358114,1.8919739784138525
ID233801,233801,7,10.521272659301758,120.67904830965156,188.9615346554653,0.0,960.0,960,5.0,1,,140.35051546391753,141.0,70.0,200.0,13614.0,33.90981950861032,0.2639317607823691,1.7285683523667337
ID186706,186706,7,10.32526969909668,102.69273422903262,122.85643959899878,0.0,765.0,765,5.0,1,,142.39175257731958,142.0,74.0,192.0,13812.0,34.33734504304039,0.2457885907649622,1.63630963973176
ID235859,235859,7,7.156219482421875,135.52088024831508,173.81550105705662,0.0,971.0,971,5.0,1,,107.73195876288659,102.0,51.0,175.0,10450.0,35.3210028004814,0.15273870110476623,0.8082761155807832
ID168273,168273,7,10.550752639770508,90.73729370550902,132.95462257916563,0.0,686.0,686,5.0,1,,140.97938144329896,138.0,81.0,207.0,13675.0,35.31347104312181,0.24841984568224001,1.5888057859401183
ID172369,172369,7,9.51695728302002,108.42460508411477,116.65251056380288,0.0,700.0,700,5.0,1,,133.17525773195877,129.0,82.0,195.0,12918.0,34.54043835047986,0.22852086155549467,1.4343958294421901
ID176470,176470,7,10.250410079956055,90.22490744407357,109.34513320278253,0.0,719.0,719,5.0,1,,140.53608247422682,135.0,80.0,201.0,13632.0,35.19619470898987,0.23782349125506558,1.5343278110369463
ID29020,29020,7,9.01416015625,132.70763141158943,106.72421850761252,0.0,109.0,109,5.0,1,,129.23711340206185,126.0,69.0,193.0,12536.0,35.675263721250275,0.20482892953899168,1.2317312529489233
ID158046,158046,7,9.372957229614258,83.62706270888083,109.54350985402259,0.0,644.0,644,5.0,1,,131.02061855670104,125.0,64.0,191.0,12709.0,34.7296041408489,0.22941082516601594,1.4079482170322148
ID20829,20829,7,8.825969696044922,116.31327472116898,91.83886270525775,0.0,77.0,77,5.0,1,,127.05154639175258,122.0,77.0,187.0,12324.0,34.36306493837188,0.2043053096594902,1.254472399895559
ID47454,47454,7,7.747636795043945,131.96864851306802,114.20318857189109,0.0,184.0,184,5.0,1,,119.41237113402062,113.0,62.0,185.0,11583.0,32.601365186560685,0.17207051655023023,1.0754649280704787
ID100703,100703,7,10.360137939453125,94.07885579302113,130.09528884487065,0.0,405.0,405,5.0,1,,134.04123711340208,126.0,67.0,195.0,13002.0,36.57467177050638,0.25082328413371563,1.4698055354033204
ID149858,149858,7,8.322779655456543,92.16453512282699,131.24071355392437,0.0,607.0,607,5.0,1,,123.71134020618557,116.0,73.0,188.0,12000.0,32.180467277943684,0.19464038854044183,1.25268803981824
ID201058,201058,7,9.789886474609375,108.08933203308828,146.5180856395643,0.0,821.0,821,5.0,1,,138.15463917525773,135.0,77.0,195.0,13401.0,33.09026172399062,0.23584069745875305,1.5934980049644143
ID18788,18788,7,7.594709396362305,117.79542982878692,90.52584527896096,0.0,66.0,66,5.0,1,,117.03092783505154,109.0,60.0,187.0,11352.0,34.56227881431558,0.16273224129341773,0.9478119180550549
ID76132,76132,7,9.387907028198242,146.88162830079256,134.63765551376056,0.0,304.0,304,5.0,1,,133.42268041237114,132.0,78.0,197.0,12942.0,32.986056098103276,0.22367845196097091,1.4787205199446731
ID59751,59751,7,9.564607620239258,139.77717905067533,130.9738295246401,0.0,234.0,234,5.0,1,,130.56701030927834,127.0,62.0,202.0,12665.0,38.522425075233464,0.21180162586532525,1.1848069555801033
ID123241,123241,7,10.21824836730957,66.21687699745314,124.32960172050961,0.0,498.0,498,5.0,1,,131.79381443298968,125.0,73.0,202.0,12784.0,38.441497256743354,0.24028731297424458,1.328413462972835
ID104811,104811,7,9.386703491210938,106.49089606658912,134.5483085141309,0.0,418.0,418,5.0,1,,130.31958762886597,127.0,76.0,191.0,12641.0,33.673229473299884,0.23622632531353688,1.479058083669185
ID211305,211305,7,10.26082706451416,113.92528765414433,145.30389265840785,0.0,865.0,865,5.0,1,,138.55670103092783,137.0,77.0,194.0,13440.0,33.57143163966603,0.24970378725558323,1.649322985717613
ID164207,164207,7,10.253011703491211,74.10222621316343,107.08378697678654,0.0,667.0,667,5.0,1,,142.0721649484536,138.0,84.0,202.0,13781.0,32.747215983029385,0.24262030719063207,1.6941556618161042
ID141676,141676,7,10.375931739807129,107.97398084651091,117.69002549865904,0.0,573.0,573,5.0,1,,138.340206185567,134.0,71.0,195.0,13419.0,34.87623552110679,0.25329813510369975,1.6033428940655252
ID37232,37232,7,9.314935684204102,132.51993664523988,100.4018807025728,0.0,143.0,143,5.0,1,,129.88659793814432,129.0,60.0,195.0,12599.0,37.64385637365561,0.21077723165124207,1.2013226908737975
ID33137,33137,7,6.813819885253906,131.7450625467128,116.23021192918124,0.0,126.0,126,5.0,1,,109.23711340206185,105.0,48.0,174.0,10596.0,35.143685183079796,0.13307415104567025,0.7301099773526379
ID70002,70002,7,9.849204063415527,139.51894162327548,131.7359872137443,0.0,277.0,277,5.0,1,,137.43298969072166,136.0,70.0,197.0,13331.0,35.038344238994924,0.23408942024662738,1.488033030775836
ID53622,53622,7,7.574235916137695,133.6605932961263,109.60185667408216,0.0,211.0,211,5.0,1,,117.19587628865979,113.0,51.0,183.0,11368.0,33.951141112161004,0.16846003503895088,0.9953388930991954
ID129400,129400,7,10.619054794311523,73.1922935270691,134.02974812599425,0.0,521.0,521,5.0,1,,133.27835051546393,124.0,66.0,208.0,12928.0,40.66882053757553,0.2414662951624185,1.2748221858724988
ID219513,219513,7,10.534976959228516,106.2808204294044,148.6712711053146,0.0,898.0,898,5.0,1,,145.28865979381445,143.0,89.0,200.0,14093.0,32.756665594859776,0.25221936062256156,1.7867345378751835
ID63870,63870,7,8.479923248291016,137.3598355996804,130.6627047940615,0.0,255.0,255,5.0,1,,127.65979381443299,123.0,66.0,192.0,12383.0,32.77031386469129,0.19860320118088987,1.2909646327212931
ID215420,215420,7,10.7102689743042,102.74518008020235,155.07286072883545,0.0,885.0,885,5.0,1,,137.76288659793815,136.0,75.0,196.0,13363.0,35.585218489059315,0.2602890516980177,1.5991099692196529
ID223619,223619,7,10.515535354614258,104.4425747393611,155.40430230473228,0.0,916.0,916,5.0,1,,143.27835051546393,140.0,84.0,203.0,13898.0,35.56910593831196,0.2440500236724831,1.580442246064251
ID194947,194947,7,10.264334678649902,106.38045460791115,137.32529016274572,0.0,798.0,798,5.0,1,,140.89690721649484,139.0,77.0,199.0,13667.0,35.07120273341627,0.23962250421780634,1.5531698327033803
ID151936,151936,7,10.688745498657227,102.41691064539908,118.40839298239837,0.0,619.0,619,5.0,1,,134.71134020618555,132.0,70.0,208.0,13067.0,37.06468410171787,0.27002034342840525,1.5454667189762639
ID160135,160135,7,10.783023834228516,70.15011350019581,107.86166000641522,0.0,651.0,651,5.0,1,,141.16494845360825,139.0,85.0,195.0,13693.0,34.632198533412975,0.2624789692855672,1.6949120480043574
ID207240,207240,7,10.073256492614746,113.60139419726045,140.50771792109424,0.0,848.0,848,5.0,1,,135.340206185567,135.0,50.0,194.0,13128.0,38.23226347982,0.2376035761471995,1.3592465401541922
ID12686,12686,7,8.367770195007324,120.60252117024208,90.39725566533407,0.0,41.0,41,5.0,1,,124.43298969072166,125.0,65.0,183.0,12070.0,34.40927297997313,0.18949249028892107,1.1521800033659646
ID90513,90513,7,9.537405967712402,133.99586862010383,107.86003486259739,0.0,357.0,357,5.0,1,,133.4742268041237,124.0,81.0,192.0,12947.0,34.05941279083298,0.21970969905496818,1.4118319478359727
ID182675,182675,7,10.724071502685547,96.73187176853122,116.53891837598636,0.0,746.0,746,5.0,1,,142.16494845360825,144.0,77.0,202.0,13790.0,35.743787459143135,0.2602148733671121,1.6425154900028225
ID6547,6547,7,9.40855884552002,125.98891538651739,111.78285324578306,0.0,22.0,22,5.0,1,,132.43298969072166,127.0,74.0,196.0,12846.0,34.84785598871629,0.2160213850175601,1.3502234596880742
ID113047,113047,7,10.094820022583008,90.24621903669748,137.50112508935,0.0,456.0,456,5.0,1,,139.88659793814432,136.0,79.0,198.0,13569.0,34.279450929292096,0.24346512588124558,1.5979949356806007
ID41374,41374,7,8.128790855407715,134.7405278385397,101.15254805767101,0.0,161.0,161,5.0,1,,122.15463917525773,118.0,61.0,189.0,11849.0,34.82077331558753,0.1761580298968173,1.0508441615527468
ID94626,94626,7,8.94668197631836,96.52110028106142,118.51674574018439,0.0,379.0,379,5.0,1,,126.30927835051547,124.0,55.0,188.0,12252.0,36.70983088831651,0.2112120822567583,1.2000005066209254
ID86439,86439,7,6.951562881469727,144.05835811891873,112.14068673562943,0.0,343.0,343,5.0,1,,117.37113402061856,108.0,65.0,168.0,11385.0,29.55902272982427,0.15410736423442772,1.0604212089193055
ID121255,121255,7,9.774910926818848,71.77593671952674,122.34116291783243,0.0,492.0,492,5.0,1,,137.96907216494844,139.0,75.0,194.0,13383.0,34.95695376943602,0.23011041225307458,1.4766254015366542
ID143784,143784,7,10.501693725585938,104.92687340854823,123.8091762670317,0.0,582.0,582,5.0,1,,137.6701030927835,135.0,77.0,210.0,13354.0,36.67870682513578,0.2475138154286273,1.4893943392580846
ID117162,117162,7,9.220641136169434,76.95853715769599,132.24783597949147,0.0,473.0,473,5.0,1,,127.21649484536083,121.0,76.0,195.0,12340.0,34.594745146518676,0.21529935444847004,1.3029349865038868
ID178601,178601,7,10.635540008544922,94.78328693067276,112.38809355549076,0.0,728.0,728,5.0,1,,138.84536082474227,138.0,61.0,206.0,13468.0,38.34909283102013,0.24876949762220218,1.4425176017986563
ID45485,45485,7,9.057076454162598,128.01960524113514,120.3184599437447,0.0,177.0,177,5.0,1,,128.90721649484536,124.0,70.0,191.0,12504.0,34.79555840735604,0.2082980274624988,1.2773046895055797
ID51630,51630,7,9.41749382019043,122.39258654313802,105.84575264589519,0.0,202.0,202,5.0,1,,131.8556701030928,125.0,72.0,197.0,12790.0,35.58293999315825,0.2152738507225408,1.312816733729665
ID137644,137644,7,9.981621742248535,107.48926122338408,132.07047876554998,0.0,556.0,556,5.0,1,,141.51546391752578,140.0,79.0,194.0,13727.0,31.670212543381442,0.24900557205579393,1.7816713923668286
ID227757,227757,7,10.870342254638672,113.44417154416706,162.26608681182879,0.0,934.0,934,5.0,1,,146.91752577319588,145.0,89.0,201.0,14251.0,32.82772903833637,0.2693293681898603,1.8992063136015025
ID27055,27055,7,8.75393295288086,132.33816792147934,96.70976952663716,0.0,101.0,101,5.0,1,,124.17525773195877,119.0,69.0,189.0,12045.0,36.1115200655317,0.2012340329175918,1.1521077521541916
ID133555,133555,7,10.664008140563965,91.51658118811851,134.05071739818186,0.0,539.0,539,5.0,1,,136.69072164948454,135.0,62.0,206.0,13259.0,38.70544772830818,0.2522190568955334,1.42263839355023
ID74163,74163,7,10.237960815429688,142.56782602030407,129.29226545606826,0.0,294.0,294,5.0,1,,137.03092783505156,133.0,67.0,203.0,13292.0,37.55841383993501,0.23775227553540584,1.401626499934485
ID225719,225719,7,9.96780014038086,97.71844133460598,170.37695354494488,0.0,922.0,922,5.0,1,,138.16494845360825,135.0,66.0,199.0,13402.0,33.43453815928072,0.2435335914639962,1.618578989579974
ID98745,98745,7,10.210344314575195,93.56088849306515,132.01382882027102,0.0,394.0,394,5.0,1,,131.76288659793815,125.0,72.0,213.0,12781.0,38.60423476227389,0.2393497418132933,1.3183393978994071
ID68024,68024,7,9.079751014709473,130.61183678421943,129.35794070868437,0.0,269.0,269,5.0,1,,128.39175257731958,129.0,64.0,193.0,12454.0,36.701372789104376,0.20306967910603638,1.1809706782276117
ID108984,108984,7,10.025272369384766,115.23625133033676,141.32913074484685,0.0,436.0,436,5.0,1,,134.8041237113402,127.0,73.0,199.0,13076.0,35.935891753944304,0.2331783752645609,1.4186233973190068
ID199098,199098,7,10.741568565368652,108.14615980737109,140.70623885008717,0.0,815.0,815,5.0,1,,146.27835051546393,143.0,85.0,202.0,14189.0,32.1496313703728,0.26167776694118333,1.8873499216144698
ID154040,154040,7,9.802775382995605,100.21796493983214,116.14226311195823,0.0,624.0,624,5.0,1,,132.79381443298968,128.0,80.0,197.0,12881.0,35.69370221771444,0.23004530394476938,1.3915810638432569
ID127425,127425,7,7.854452133178711,78.87554541764648,138.96421416736442,0.0,513.0,513,5.0,1,,111.08247422680412,100.0,53.0,190.0,10775.0,35.92111441034506,0.17096555288352852,0.9030051648231374
ID78272,78272,7,8.668049812316895,150.8419880939366,133.54575220489866,0.0,311.0,311,5.0,1,,128.17525773195877,125.0,60.0,191.0,12433.0,33.65697374160813,0.20129350057242754,1.2762617580535636
ID82373,82373,7,9.643903732299805,144.12388463266316,121.92706295321024,0.0,327.0,327,5.0,1,,133.96907216494844,131.0,80.0,194.0,12995.0,35.09939862027773,0.22363465160075327,1.3951541647399588
ID188874,188874,7,10.13115406036377,119.98808715135485,126.10140613171562,0.0,774.0,774,5.0,1,,140.46391752577318,136.0,77.0,200.0,13625.0,32.771641022787676,0.24246237225758288,1.6728526485102362
ID229834,229834,7,10.242925643920898,121.92750528897842,159.04866667334937,0.0,943.0,943,5.0,1,,145.04123711340208,145.0,78.0,201.0,14069.0,29.953407404171482,0.25303480655932964,1.9556556539901337
ID16846,16846,7,8.961715698242188,113.73141322082991,84.44915059217931,0.0,58.0,58,5.0,1,,127.35051546391753,124.0,65.0,192.0,12353.0,36.15333123111243,0.20252185666012,1.186482410406656
ID184786,184786,7,10.431930541992188,105.83229730623073,122.02645383404237,0.0,755.0,755,5.0,1,,135.79381443298968,130.0,69.0,206.0,13172.0,37.89319918763181,0.2370963929457986,1.373631106252601
ID145875,145875,7,10.540843963623047,97.144323086577,122.76915273532093,0.0,591.0,591,5.0,1,,138.42268041237114,134.0,75.0,200.0,13427.0,35.5837729436778,0.25072417122626334,1.5596240276680113
ID174547,174547,7,10.566722869873047,92.54898014915395,116.35293055845102,0.0,711.0,711,5.0,1,,139.70103092783506,143.0,61.0,199.0,13551.0,38.53682355565194,0.2478320715287547,1.4399753426438233
ID57812,57812,7,8.954357147216797,139.8999613507773,124.01661156119144,0.0,227.0,227,5.0,1,,131.24742268041237,128.0,75.0,191.0,12731.0,32.98864417234963,0.2096680325435002,1.3791843775909811
ID203223,203223,7,11.107890129089355,125.42819248010981,147.2600642289061,0.0,832.0,832,5.0,1,,142.17525773195877,141.0,71.0,206.0,13791.0,36.36075331237375,0.2733041074181574,1.6785534161750342
ID102868,102868,7,9.516854286193848,103.4889328150471,135.82660076955187,0.0,413.0,413,5.0,1,,133.55670103092783,132.0,79.0,185.0,12955.0,31.332547332394945,0.2523818481572589,1.7179927479108934
ID4568,4568,7,7.822459697723389,121.67617195677735,111.33978508236608,0.0,16.0,16,5.0,1,,120.21649484536083,117.0,49.0,185.0,11661.0,34.576674099059574,0.17130838883198163,1.016993593387488
ID31197,31197,7,7.106523036956787,130.88393477263847,100.65281920862006,0.0,117.0,117,5.0,1,,119.03092783505154,116.0,74.0,174.0,11546.0,29.273300409050023,0.16415300480660702,1.1467187095005362
ID217566,217566,7,10.191926002502441,103.83831959271079,151.07058537809397,0.0,896.0,896,5.0,1,,143.29896907216494,140.0,88.0,197.0,13900.0,32.10664681587677,0.24094181927627153,1.7331608721599998
ID162275,162275,7,10.21529769897461,67.25643451452068,107.6942538103251,0.0,662.0,662,5.0,1,,136.55670103092783,132.0,79.0,203.0,13246.0,36.65406101652906,0.24001133148829873,1.4422050303332898
ID221665,221665,7,9.50741195678711,99.96185781407743,153.74836172713668,0.0,908.0,908,5.0,1,,134.08247422680412,128.0,73.0,201.0,13006.0,33.71623931897555,0.22147764603967726,1.4421394552018776
ID35304,35304,7,9.02676010131836,137.3630853281437,107.25945040432812,0.0,134.0,134,5.0,1,,129.8659793814433,122.0,68.0,193.0,12597.0,34.446706684015105,0.2097334928157656,1.3072413249542092
ID61928,61928,7,9.3397216796875,143.4794970168086,131.20652031480088,0.0,243.0,243,5.0,1,,129.1340206185567,124.0,67.0,194.0,12526.0,37.555134154660806,0.21295273883509172,1.207370892504453
ID209387,209387,7,10.692313194274902,105.47317548895458,148.74526218618715,0.0,858.0,858,5.0,1,,144.29896907216494,141.0,85.0,202.0,13997.0,34.57635419993626,0.25489327608384027,1.6953743664119756
ID49642,49642,7,8.873433113098145,134.31880761608915,108.69702733651998,0.0,194.0,194,5.0,1,,131.70103092783506,132.0,83.0,187.0,12775.0,31.85879161381962,0.21036130364930813,1.4369468149235212
ID231912,231912,7,10.520296096801758,118.39610771687369,172.38337294569672,0.0,952.0,952,5.0,1,,136.16494845360825,133.0,79.0,195.0,13208.0,35.474956075956804,0.260303099893365,1.5855421465614883
ID213485,213485,7,10.58450984954834,109.50374170705905,146.49473403872375,0.0,874.0,874,5.0,1,,136.4742268041237,136.0,73.0,199.0,13238.0,37.112187122152896,0.2564638517990697,1.5012058597057705
ID170482,170482,7,10.262964248657227,105.67853917300876,123.21546500825708,0.0,694.0,694,5.0,1,,139.18556701030928,136.0,80.0,200.0,13501.0,35.772524925127954,0.23776476514400607,1.4948030801589787
ID10739,10739,7,8.340087890625,116.58173499129566,96.08971646587104,0.0,36.0,36,5.0,1,,118.63917525773196,110.0,57.0,184.0,11508.0,37.30956802188122,0.17814257915610124,0.9616294996189609
ID193009,193009,7,10.409900665283203,112.3009881420066,132.50296049367063,0.0,789.0,789,5.0,1,,142.8556701030928,140.0,92.0,200.0,13857.0,33.317284581580694,0.255332119920029,1.7442337669315204
ID115190,115190,7,10.388087272644043,85.21255074959146,129.60805108606968,0.0,464.0,464,5.0,1,,138.55670103092783,137.0,75.0,202.0,13440.0,33.921468457847894,0.2680544226404493,1.7269031015983853
ID139774,139774,7,9.260920524597168,102.46251924261965,131.81725593497427,0.0,563.0,563,5.0,1,,131.15463917525773,127.0,78.0,191.0,12722.0,34.39426436140479,0.2169502324058219,1.3596118131532455
ID25086,25086,7,7.887707233428955,123.1500749532206,91.7635355202837,0.0,94.0,94,5.0,1,,121.6082474226804,115.0,69.0,190.0,11796.0,31.40314365268989,0.18271897999668898,1.1965256010256045
ID111103,111103,7,10.02578067779541,99.61178958482571,135.11034281854674,0.0,448.0,448,5.0,1,,135.36082474226805,131.0,70.0,196.0,13130.0,37.1326971726094,0.2296623848427697,1.3616656243564855
ID39427,39427,7,7.489040851593018,129.5896625364418,99.61630616252118,0.0,152.0,152,5.0,1,,120.98969072164948,118.0,61.0,183.0,11736.0,31.543784003799395,0.17248591962897944,1.128523441340635
ID72194,72194,7,9.178349494934082,139.7596457509739,130.662380109091,0.0,285.0,285,5.0,1,,129.01030927835052,126.0,71.0,201.0,12514.0,35.857500042227585,0.2124739316000616,1.260978403561304
ID92681,92681,7,7.0746588706970215,115.5825068151401,116.12086714248933,0.0,368.0,368,5.0,1,,115.11340206185567,112.0,52.0,187.0,11166.0,33.67178476628583,0.14789183113935195,0.8809128987496226
ID166408,166408,7,10.299385070800781,77.62436782148484,122.93312082615677,0.0,678.0,678,5.0,1,,137.0,135.0,66.0,197.0,13289.0,37.330729075834206,0.23937956758763862,1.4176428669137149
ID180745,180745,7,10.061710357666016,104.31353867536728,110.5146479133209,0.0,738.0,738,5.0,1,,140.11340206185568,136.0,88.0,204.0,13591.0,32.90892618546543,0.24190198747933375,1.6586245022997566
ID88588,88588,7,9.40738296508789,137.6171939247388,111.73818537733997,0.0,352.0,352,5.0,1,,134.05154639175257,129.0,68.0,195.0,13003.0,34.79923704085233,0.21877828529059967,1.3829663334551505
ID66069,66069,7,8.713018417358398,126.64252469278982,126.76964755472014,0.0,261.0,261,5.0,1,,123.1340206185567,119.0,59.0,197.0,11944.0,36.91985375613737,0.19249689953756635,1.0767492164570918
ID197143,197143,7,10.24205493927002,106.88268936043812,139.84335919075963,0.0,807.0,807,5.0,1,,142.76288659793815,141.0,79.0,199.0,13848.0,31.323172065539953,0.2528708314878631,1.8398059468290247
ID125463,125463,7,8.766948699951172,76.80128295509722,136.1951190306646,0.0,506.0,506,5.0,1,,119.90721649484536,111.0,59.0,193.0,11631.0,38.07724672574238,0.19151109295853574,1.0122915785893496
ID107033,107033,7,9.259211540222168,117.47591169288503,137.23666234272477,0.0,430.0,430,5.0,1,,130.659793814433,127.0,76.0,195.0,12674.0,33.90731441430267,0.22312801437664215,1.4059204825780987
ID43547,43547,7,9.066864013671875,127.30037167597335,111.9183768581919,0.0,168.0,168,5.0,1,,130.10309278350516,124.0,71.0,188.0,12620.0,33.62863503774303,0.21252078207834227,1.3561901657799078
ID156190,156190,7,10.34238052368164,102.1283244651262,105.06450284977052,0.0,635.0,635,5.0,1,,136.48453608247422,132.0,76.0,198.0,13239.0,36.92591496329222,0.24001441303408,1.430845583749356
ID148002,148002,7,9.604329109191895,95.56471691153057,127.50860378476638,0.0,602.0,602,5.0,1,,132.28865979381445,129.0,67.0,200.0,12832.0,36.771240676559586,0.22685836090721806,1.33046879169378
ID135716,135716,7,10.177295684814453,103.98003903494303,128.55376596498982,0.0,546.0,546,5.0,1,,136.79381443298968,132.0,74.0,199.0,13269.0,35.23934181196076,0.24451431338166485,1.5253624753747748
ID119334,119334,7,11.032862663269043,77.82980919262393,129.69711574368466,0.0,479.0,479,5.0,1,,139.49484536082474,133.0,80.0,200.0,13531.0,35.683248786878345,0.27691442547780754,1.695538105533714
ID205355,205355,7,11.166522026062012,120.01921465941155,140.70319827607605,0.0,840.0,840,5.0,1,,146.70103092783506,144.0,90.0,208.0,14230.0,34.44838075187449,0.2668671344839637,1.7941484386435855
ID14891,14891,7,8.85428524017334,113.39370643266999,86.37759917469513,0.0,52.0,52,5.0,1,,122.87628865979381,117.0,62.0,198.0,11919.0,36.93498164905199,0.2000633413223797,1.1092349423959964
ID84522,84522,7,7.330691814422607,148.95438167048738,114.42364842564301,0.0,338.0,338,5.0,1,,117.30927835051547,112.0,66.0,181.0,11379.0,32.34719231271029,0.15682202564446407,0.9832552606036981
ID8748,8748,7,8.806842803955078,123.58072381217873,103.94651234868105,0.0,26.0,26,5.0,1,,125.74226804123711,120.0,56.0,195.0,12197.0,36.15484014120016,0.19844130579960434,1.1517551069221268
ID23087,23087,7,7.3846282958984375,122.35314566949145,100.90723519343281,0.0,87.0,87,5.0,1,,116.69072164948453,108.0,69.0,171.0,11319.0,32.68197796720384,0.16271810364719205,0.9993541680981138
ID172595,172595,7,9.84654426574707,97.49203078380013,112.62906193722262,0.0,705.0,705,5.0,1,,137.28865979381445,131.0,84.0,197.0,13317.0,33.660980985311035,0.2410408110644204,1.5843181930201573
ID234034,234034,7,10.663702011108398,125.09693078749875,189.00246527374182,0.0,963.0,963,5.0,1,,144.04123711340208,139.0,83.0,199.0,13972.0,31.51286692427304,0.26509205416944487,1.915594164254742
ID55858,55858,7,8.451066970825195,132.38660289424814,121.50012601149061,0.0,219.0,219,5.0,1,,127.4020618556701,125.0,82.0,186.0,12358.0,32.22533287706739,0.20360622804071976,1.3375673901465712
ID80434,80434,7,9.41452693939209,149.93094566827335,129.8799442902393,0.0,320.0,320,5.0,1,,134.09278350515464,130.0,61.0,195.0,13007.0,36.28047066324238,0.21838747008535653,1.3249661475355594
ID131639,131639,7,9.711888313293457,84.70597389773435,137.46582733189823,0.0,530.0,530,5.0,1,,127.87628865979381,125.0,57.0,195.0,12404.0,40.51498121373304,0.21726715491295004,1.126711042482778
ID96823,96823,7,9.643396377563477,90.21464232705861,131.02713632429771,0.0,386.0,386,5.0,1,,134.64948453608247,130.0,74.0,198.0,13061.0,34.374482189164624,0.22869043922895754,1.4581562234818788
ID191038,191038,7,9.755593299865723,104.7833325646959,133.3443491186036,0.0,783.0,783,5.0,1,,134.79381443298968,136.0,54.0,193.0,13075.0,36.074846426194796,0.22681859550434932,1.3816364263018612
ID236093,236093,7,8.497530937194824,130.2265095311896,177.99664367955452,0.0,969.0,969,5.0,1,,123.98969072164948,118.0,62.0,180.0,12027.0,32.320818511887204,0.20679477173761038,1.3147384262346107
ID158278,158278,7,10.608314514160156,85.17032898997877,110.95766085691719,0.0,643.0,643,5.0,1,,139.8041237113402,135.0,85.0,199.0,13561.0,34.967139090168686,0.25596057615216605,1.6296222588302476
ID176708,176708,7,10.217164993286133,89.49150540428698,109.41109769128934,0.0,721.0,721,5.0,1,,143.41237113402062,139.0,88.0,201.0,13911.0,34.504755885155284,0.24113396790224723,1.61501806172221
ID201291,201291,7,10.374689102172852,109.30422416998944,148.01012195619722,0.0,822.0,822,5.0,1,,140.42268041237114,136.0,85.0,197.0,13621.0,33.856263284271094,0.24972949952147822,1.6576088487731415
ID2634,2634,7,9.160118103027344,123.84206514118229,116.01186759728371,0.0,6.0,6,5.0,1,,130.01030927835052,125.0,73.0,187.0,12611.0,34.9226809195927,0.21304530092944862,1.307660938213949
ID211533,211533,7,10.477887153625488,114.50903193649437,145.6938469621887,0.0,866.0,866,5.0,1,,142.08247422680412,140.0,77.0,199.0,13782.0,35.4135302836044,0.2539901682539408,1.6252645348511394
ID100947,100947,7,10.33078384399414,93.2817010704262,132.1496744066375,0.0,404.0,404,5.0,1,,138.09278350515464,133.0,80.0,199.0,13395.0,34.77339814014527,0.24764688617419528,1.576503832743455
ID186960,186960,7,10.065898895263672,105.98848979519458,123.01785057148068,0.0,763.0,763,5.0,1,,139.50515463917526,138.0,85.0,196.0,13532.0,32.39859941396007,0.24207719314589143,1.6784148065395281
ID47699,47699,7,9.534408569335938,137.31887225667506,115.71483016039102,0.0,186.0,186,5.0,1,,130.76288659793815,125.0,75.0,196.0,12684.0,35.43679032089987,0.22587804155918526,1.3598370308341974
ID150097,150097,7,8.532817840576172,97.09538414063506,124.52962533122317,0.0,609.0,609,5.0,1,,122.0721649484536,113.0,66.0,194.0,11841.0,35.47864599031144,0.19664715800881594,1.1308400106953458
ID76373,76373,7,9.82665729522705,148.0380256293242,136.38515072311847,0.0,302.0,302,5.0,1,,135.8041237113402,132.0,72.0,204.0,13173.0,35.0406428235062,0.2292559207117668,1.4456033308274894
ID29272,29272,7,8.632139205932617,125.18461564849527,108.29875672816357,0.0,111.0,111,5.0,1,,127.28865979381443,122.0,70.0,190.0,12347.0,34.73379681079324,0.1893780397200268,1.1670169164441868
ID21081,21081,7,8.691365242004395,112.99637599522293,89.72243126599646,0.0,75.0,75,5.0,1,,124.77319587628865,119.0,69.0,195.0,12103.0,34.023431005533766,0.2002543636182318,1.2237195057730756
ID33372,33372,7,6.8078789710998535,130.11914636986143,117.94224855183276,0.0,125.0,125,5.0,1,,113.04123711340206,107.0,57.0,175.0,10965.0,30.810211215119487,0.14980347321548573,0.9560277276977908
ID123485,123485,7,10.506922721862793,69.8982092893502,122.6400892930315,0.0,496.0,496,5.0,1,,138.61855670103094,133.0,80.0,201.0,13446.0,36.31386423110585,0.2496607545069453,1.5252360108237966
ID59997,59997,7,8.923590660095215,141.66452244022173,130.51000049305836,0.0,237.0,237,5.0,1,,132.09278350515464,129.0,71.0,193.0,12813.0,34.33082994743537,0.20556954026015062,1.3121735610448562
ID168547,168547,7,10.720683097839355,90.87732213071676,129.45166098422771,0.0,687.0,687,5.0,1,,136.4742268041237,131.0,72.0,205.0,13238.0,40.83480255439418,0.24275955657264717,1.3056879683743157
ID37474,37474,7,8.690629959106445,133.67730209365646,96.20664520648097,0.0,144.0,144,5.0,1,,128.5463917525773,124.0,71.0,189.0,12469.0,33.98315165225161,0.19494187620305295,1.2341973037058815
ID215654,215654,7,10.737369537353516,106.29454479511044,154.86173278894884,0.0,882.0,882,5.0,1,,139.3298969072165,137.0,74.0,199.0,13515.0,36.19153954122788,0.2561234378958419,1.5699443460436457
ID105063,105063,7,9.83936595916748,106.30546864604574,135.84162902925908,0.0,420.0,420,5.0,1,,129.77319587628867,125.0,80.0,200.0,12588.0,35.127892868606786,0.2418883079320396,1.4391141197010349
ID164457,164457,7,9.742812156677246,74.00097320377562,107.93139116343957,0.0,668.0,668,5.0,1,,137.9278350515464,137.0,81.0,192.0,13379.0,32.54363974684622,0.23318997708902503,1.602860346420444
ID195177,195177,7,10.595370292663574,101.52127125800929,141.6749395413833,0.0,797.0,797,5.0,1,,143.39175257731958,144.0,75.0,205.0,13909.0,36.23751414310145,0.24933747722185187,1.5794415680222644
ID223852,223852,7,10.80720329284668,105.46400503724432,157.1292648200777,0.0,917.0,917,5.0,1,,147.53608247422682,146.0,87.0,197.0,14311.0,33.4355916451286,0.2591716256072244,1.8164429184582795
ID53872,53872,7,6.77140998840332,131.57513020801449,109.96397573429549,0.0,210.0,210,5.0,1,,111.76288659793815,108.0,59.0,170.0,10841.0,31.62632513556951,0.14680272259211488,0.9047409948496886
ID160370,160370,7,10.533914566040039,70.02355028052838,109.8027174118214,0.0,653.0,653,5.0,1,,140.95876288659792,137.0,85.0,197.0,13673.0,34.39807332473155,0.25217875058027966,1.6505554404083909
ID207475,207475,7,10.69583511352539,111.03837492051835,135.76359974587308,0.0,849.0,849,5.0,1,,139.8041237113402,133.0,79.0,205.0,13561.0,35.593081951664,0.25297846938202073,1.5860772472400144
ID219761,219761,7,9.57402515411377,113.22902440765667,152.77759184543697,0.0,901.0,901,5.0,1,,134.24742268041237,129.0,79.0,204.0,13022.0,35.28279530210009,0.21990745555201147,1.3717849546959893
ID64116,64116,7,8.74400520324707,138.08076055224362,131.6976698119861,0.0,252.0,252,5.0,1,,132.28865979381445,128.0,82.0,190.0,12832.0,30.50544991025053,0.2065869088090757,1.484975765213789
ID129653,129653,7,10.776326179504395,72.06613759794305,135.82737491383236,0.0,525.0,525,5.0,1,,132.39175257731958,126.0,65.0,207.0,12842.0,39.66409919063851,0.2544325039109256,1.353999876689899
ID70260,70260,7,9.88026237487793,138.02679588814075,134.07005142611584,0.0,278.0,278,5.0,1,,137.340206185567,133.0,84.0,200.0,13322.0,32.54800512254237,0.2362358113016518,1.6126782492287584
ID152183,152183,7,10.352360725402832,103.27389875944054,121.5863321225537,0.0,617.0,617,5.0,1,,139.72164948453607,140.0,82.0,202.0,13553.0,33.77521967238001,0.2550956023671322,1.6815960606957467
ID12918,12918,7,8.611876487731934,115.71219713673614,87.91821373380569,0.0,45.0,45,5.0,1,,126.15463917525773,125.0,64.0,184.0,12237.0,34.259530366924174,0.19579034264084785,1.2058354317971671
ID90751,90751,7,8.35854721069336,125.1187193574975,106.6652061640884,0.0,360.0,360,5.0,1,,127.35051546391753,123.0,74.0,187.0,12353.0,32.12995786551646,0.1922510617111444,1.278266995853364
ID6784,6784,7,8.027076721191406,127.04516838090366,113.00827613830519,0.0,18.0,18,5.0,1,,119.77319587628865,113.0,62.0,185.0,11618.0,33.761882215327525,0.18000510108756243,1.0823405034011095
ID113284,113284,7,10.200984001159668,89.00131974794218,135.664872459188,0.0,455.0,455,5.0,1,,140.79381443298968,136.0,86.0,199.0,13657.0,32.544500989776125,0.24646217278706048,1.7108310497275703
ID19085,19085,7,8.88919448852539,115.48714562035438,89.67562779020528,0.0,70.0,70,5.0,1,,129.1237113402062,128.0,64.0,190.0,12525.0,33.03194720391873,0.21442571469660618,1.3804088404395267
ID86670,86670,7,9.532804489135742,145.23800483131853,107.87301964602774,0.0,344.0,344,5.0,1,,133.89690721649484,126.0,69.0,192.0,12988.0,34.31031323817545,0.22492383780734526,1.4331850099452728
ID141965,141965,7,10.247391700744629,108.39211659773494,116.8567421788441,0.0,574.0,574,5.0,1,,141.8762886597938,139.0,92.0,195.0,13762.0,31.048771356514912,0.2553590446759794,1.858996981849079
ID227987,227987,7,9.966777801513672,117.99071252436744,158.12017321573654,0.0,937.0,937,5.0,1,,135.20618556701032,130.0,76.0,193.0,13115.0,34.23355388124649,0.23819297001517262,1.519550631035363
ID144019,144019,7,10.642606735229492,101.84273595846489,123.7173920294445,0.0,583.0,583,5.0,1,,138.7319587628866,134.0,79.0,203.0,13457.0,36.57598126500889,0.24903624601588895,1.5125092776285112
ID225936,225936,7,11.083884239196777,107.09946148740842,168.51955277502344,0.0,926.0,926,5.0,1,,146.4536082474227,143.0,77.0,208.0,14206.0,34.172668360644565,0.27106469305731784,1.8279170247416765
ID121494,121494,7,10.571353912353516,71.52691853099351,121.66301687257196,0.0,494.0,494,5.0,1,,143.08247422680412,145.0,77.0,198.0,13879.0,34.996330195432854,0.25964253868851384,1.6854755619241701
ID94875,94875,7,9.380684852600098,94.7266648817459,119.10047535171486,0.0,380.0,380,5.0,1,,130.95876288659792,125.0,63.0,191.0,12703.0,35.03448227751636,0.2163012181933353,1.329494910263436
ID41629,41629,7,7.2796454429626465,129.97780069284127,104.84380012002286,0.0,160.0,160,5.0,1,,112.62886597938144,103.0,60.0,185.0,10925.0,33.93078726970932,0.15176202399192795,0.874754380127469
ID137887,137887,7,7.725685119628906,106.73652002413465,131.6302605211393,0.0,557.0,557,5.0,1,,130.91752577319588,130.0,71.0,180.0,12699.0,26.509695593897327,0.19275082911401945,1.5961348183491126
ID178850,178850,7,10.191463470458984,94.96140494109306,114.82224822857098,0.0,730.0,730,5.0,1,,135.91752577319588,130.0,73.0,196.0,13184.0,36.08487393836601,0.23927332314784808,1.4544789609614739
ID27297,27297,7,8.071587562561035,131.66103809855807,95.25254380890287,0.0,102.0,102,5.0,1,,117.50515463917526,112.0,59.0,195.0,11398.0,37.79967033347761,0.16394668194887824,0.8757264090536568
ID51875,51875,7,9.637106895446777,122.8492967252404,106.18771268495819,0.0,203.0,203,5.0,1,,132.79381443298968,132.0,68.0,197.0,12881.0,35.26120925332641,0.22735159180956876,1.3952102196544918
ID117410,117410,7,8.834789276123047,78.88836989254308,137.5784070988578,0.0,472.0,472,5.0,1,,120.61855670103093,111.0,63.0,197.0,11700.0,35.695600598138924,0.20828714815370708,1.1649887917461408
ID109220,109220,7,10.31146240234375,105.82157715617265,139.82455811691707,0.0,442.0,442,5.0,1,,143.05154639175257,140.0,91.0,197.0,13876.0,31.23512016879018,0.2531397422226101,1.8502917034695028
ID199332,199332,7,9.973312377929688,105.68684318196321,141.59855540049816,0.0,816.0,816,5.0,1,,136.81443298969072,133.0,78.0,202.0,13271.0,35.288197359063744,0.23400877254461389,1.4704366824800332
ID133802,133802,7,9.1813325881958,95.20022507582743,127.93816681823552,0.0,541.0,541,5.0,1,,121.68041237113403,114.0,48.0,202.0,11803.0,38.61172813832836,0.20773818932661964,1.0841140468715167
ID154283,154283,7,10.426834106445312,100.09863861071697,114.78145236981366,0.0,627.0,627,5.0,1,,138.94845360824743,136.0,84.0,202.0,13478.0,34.241900238724526,0.25214174377210014,1.6342448067415611
ID78506,78506,7,9.975915908813477,149.4584741238328,133.62494871056154,0.0,312.0,312,5.0,1,,140.28865979381445,136.0,91.0,201.0,13608.0,32.42297242532632,0.24512381609849984,1.7036198983624917
ID45740,45740,7,7.885565757751465,127.83595651108158,118.81506905405456,0.0,178.0,178,5.0,1,,124.72164948453609,120.0,73.0,189.0,12098.0,30.571890093965834,0.18007960703127504,1.245095836391835
ID74412,74412,7,9.616801261901855,142.55889977965901,129.2785775877424,0.0,295.0,295,5.0,1,,135.09278350515464,137.0,71.0,192.0,13104.0,34.835351558625874,0.23081193440430497,1.4544825329394475
ID82607,82607,7,8.863411903381348,147.13567583092257,114.69903634997856,0.0,329.0,329,5.0,1,,130.1340206185567,128.0,74.0,201.0,12623.0,33.95911416259123,0.20280619841109135,1.2922604638167672
ID68276,68276,7,9.180587768554688,133.80935094141807,127.41580298797737,0.0,270.0,270,5.0,1,,127.52577319587628,121.0,69.0,197.0,12370.0,36.63846248124628,0.20574927335744594,1.1878784999471483
ID203446,203446,7,11.164238929748535,124.52234335254562,145.4761191777684,0.0,831.0,831,5.0,1,,141.2164948453608,144.0,66.0,200.0,13698.0,38.21764067049723,0.2743836174957913,1.5911442297481626
ID182964,182964,7,10.038568496704102,96.88124259145266,119.37040045286236,0.0,747.0,747,5.0,1,,140.94845360824743,140.0,72.0,196.0,13672.0,32.274981001162956,0.24234333584519266,1.7037809683725427
ID189108,189108,7,9.853900909423828,119.70626334637355,123.01514459562745,0.0,772.0,772,5.0,1,,135.340206185567,131.0,73.0,195.0,13128.0,35.972757805368644,0.22464988412429782,1.3803122710257565
ID230069,230069,7,10.727713584899902,122.49380309298736,160.80923876632212,0.0,944.0,944,5.0,1,,145.2577319587629,144.0,89.0,204.0,14090.0,33.03132299755902,0.2628428981055952,1.8305862949271485
ID98998,98998,7,10.700234413146973,91.96373973331465,133.00345375527132,0.0,395.0,395,5.0,1,,134.71134020618555,130.0,65.0,200.0,13067.0,37.293028493631404,0.262801622983711,1.5034860783962487
ID146107,146107,7,9.443405151367188,93.76769338157217,125.66024619672748,0.0,592.0,592,5.0,1,,130.23711340206185,129.0,59.0,199.0,12633.0,36.327725062924365,0.21977365163189802,1.291882251682902
ID185017,185017,7,10.74356460571289,104.19656380232202,122.91904448347388,0.0,756.0,756,5.0,1,,142.4536082474227,138.0,90.0,202.0,13818.0,35.5349067287355,0.2519992149699351,1.6137765530091044
ID58044,58044,7,9.192211151123047,140.47124844975608,121.87279000952536,0.0,228.0,228,5.0,1,,132.97938144329896,130.0,84.0,193.0,12899.0,32.14160705036494,0.2222018733962041,1.5043589978525411
ID127679,127679,7,10.528923034667969,72.72736755498325,136.14554636639176,0.0,517.0,517,5.0,1,,133.05154639175257,128.0,64.0,197.0,12906.0,40.29846231920141,0.2433680212365674,1.292484265745477
ID17089,17089,7,8.41952133178711,111.34367006655874,88.67055177302304,0.0,61.0,61,5.0,1,,122.31958762886597,114.0,73.0,194.0,11865.0,34.719574927719265,0.19087669402904436,1.1293738116112901
ID174790,174790,7,10.661376953125,90.55280365023908,118.74811926271994,0.0,712.0,712,5.0,1,,140.8041237113402,139.0,71.0,199.0,13658.0,36.514448959526554,0.2574832978282281,1.5791648048825364
ID4806,4806,7,7.92237663269043,121.03072354664468,106.19320386348451,0.0,13.0,13,5.0,1,,119.95876288659794,110.0,69.0,186.0,11636.0,34.119861495228974,0.1708206431304703,1.025899211545613
ID232147,232147,7,10.707698822021484,122.2477903446733,174.18789447558328,0.0,953.0,953,5.0,1,,137.60824742268042,133.0,79.0,200.0,13348.0,35.77462924948551,0.2601313405916756,1.5880939228488162
ID217810,217810,7,10.561904907226562,99.5178076877842,157.17360370358196,0.0,893.0,893,5.0,1,,143.7319587628866,144.0,67.0,205.0,13942.0,36.265661979779374,0.24481126803169415,1.5588905450113797
ID162513,162513,7,9.932168006896973,69.22683308095245,105.44027618659801,0.0,660.0,660,5.0,1,,134.4742268041237,126.0,73.0,197.0,13044.0,35.972527939012345,0.23140914206607943,1.4049997005747226
ID49876,49876,7,8.486251831054688,131.26125670619018,101.8123942461736,0.0,196.0,196,5.0,1,,129.83505154639175,127.0,82.0,188.0,12594.0,30.774610887186398,0.20218068513633555,1.419055227115718
ID170711,170711,7,10.140385627746582,111.66358170431576,115.61267142292895,0.0,697.0,697,5.0,1,,135.0,134.0,65.0,200.0,13095.0,37.46553972207883,0.23694422126873965,1.3804725525748167
ID103127,103127,7,8.604836463928223,104.37914329803009,134.87152720324838,0.0,417.0,417,5.0,1,,125.89690721649484,123.0,78.0,181.0,12212.0,30.757277098301767,0.22439874171272448,1.5003573648280717
ID62167,62167,7,8.634968757629395,138.22098282649247,134.63037121417898,0.0,245.0,245,5.0,1,,126.48453608247422,120.0,72.0,185.0,12269.0,33.67618885616792,0.19979974705659548,1.2509232356182949
ID209626,209626,7,11.537543296813965,107.92835254090909,149.75086069035447,0.0,859.0,859,5.0,1,,144.31958762886597,141.0,80.0,209.0,13999.0,36.459608470582594,0.2813819694423899,1.7384449017280974
ID213721,213721,7,11.204208374023438,111.4981125787641,147.862601446797,0.0,877.0,877,5.0,1,,143.03092783505156,144.0,82.0,199.0,13874.0,35.81185022919771,0.27888780162310256,1.741928264093095
ID35547,35547,7,9.107873916625977,137.9322683414533,105.98339711057989,0.0,136.0,136,5.0,1,,131.5463917525773,131.0,66.0,192.0,12760.0,33.28288493435123,0.21444659024644208,1.3958176884427254
ID193246,193246,7,10.50649642944336,112.07006963240372,132.09644148779722,0.0,791.0,791,5.0,1,,143.15463917525773,140.0,79.0,202.0,13886.0,32.99442509923254,0.2545220226218275,1.7605239315869876
ID31453,31453,7,8.86768913269043,132.0279300994278,104.3407688084828,0.0,118.0,118,5.0,1,,122.65979381443299,112.0,57.0,196.0,11898.0,38.38725010716941,0.19113447061493335,1.0254711547487998
ID140002,140002,7,8.208620071411133,106.92633116018067,132.08473510155275,0.0,566.0,566,5.0,1,,124.09278350515464,117.0,71.0,190.0,12037.0,32.97192065297975,0.18350012583729497,1.1670792129960308
ID115427,115427,7,10.290881156921387,88.10499318238783,127.27165080094898,0.0,465.0,465,5.0,1,,135.93814432989691,129.0,75.0,195.0,13186.0,35.59781548570013,0.24325700202099523,1.4943503215199565
ID10986,10986,7,8.07692813873291,122.62622808108001,99.72983863579304,0.0,33.0,33,5.0,1,,118.03092783505154,115.0,66.0,183.0,11449.0,36.357728891830156,0.17563112932094913,0.9699726450691956
ID221935,221935,7,10.377100944519043,94.45582300361397,158.9407223205557,0.0,910.0,910,5.0,1,,145.04123711340208,143.0,94.0,199.0,14069.0,32.367009157272186,0.24995238700636851,1.792184589623003
ID180975,180975,7,10.124065399169922,105.15087701839546,107.05952141848569,0.0,739.0,739,5.0,1,,137.53608247422682,134.0,84.0,197.0,13341.0,35.092752651506174,0.23794707978334992,1.5066331186613242
ID72433,72433,7,8.890252113342285,148.51291064912306,126.24762624408933,0.0,291.0,291,5.0,1,,124.34020618556701,122.0,51.0,195.0,12061.0,37.89291012124886,0.20174077502075957,1.1017080100181438
ID166643,166643,7,10.696575164794922,77.08880365732226,123.44006832065938,0.0,679.0,679,5.0,1,,141.18556701030928,137.0,76.0,194.0,13695.0,36.22681151926338,0.25774167404866466,1.5972885567682944
ID88820,88820,7,9.814352989196777,128.28723276296077,105.46795570418091,0.0,359.0,359,5.0,1,,132.94845360824743,130.0,66.0,199.0,12896.0,37.440055181032555,0.22824198029625983,1.319740046762637
ID111350,111350,7,10.816227912902832,96.7900130504101,136.1459255850959,0.0,450.0,450,5.0,1,,139.24742268041237,135.0,79.0,206.0,13507.0,38.325369895974,0.2499996978488391,1.4533170943661748
ID92921,92921,7,9.480210304260254,105.65463638397713,115.40537397306605,0.0,373.0,373,5.0,1,,132.8659793814433,132.0,61.0,191.0,12888.0,36.220571061777,0.2198500255608149,1.3222347793121396
ID39674,39674,7,7.160181045532227,129.64938276935155,100.5774288962458,0.0,153.0,153,5.0,1,,120.78350515463917,116.0,64.0,181.0,11716.0,30.059741489561155,0.16177627127925565,1.1190376596638707
ID25345,25345,7,8.414517402648926,120.80483110649932,93.01411676837301,0.0,93.0,93,5.0,1,,123.85567010309278,117.0,63.0,191.0,12014.0,34.066720591950656,0.1867404345315727,1.1441900997262695
ID66309,66309,7,9.514657974243164,127.96764651393146,128.4061726428836,0.0,262.0,262,5.0,1,,127.50515463917526,121.0,55.0,201.0,12368.0,39.61694810708654,0.20805879376133596,1.1085996231950217
ID135946,135946,7,11.015522003173828,107.03192988385688,128.76987333011104,0.0,547.0,547,5.0,1,,140.09278350515464,134.0,80.0,209.0,13589.0,36.017380779466166,0.26753265195173853,1.6419172728482379
ID107276,107276,7,8.599315643310547,116.05347998262805,137.5564003062415,0.0,431.0,431,5.0,1,,130.64948453608247,126.0,78.0,185.0,12673.0,31.06412763579876,0.2043278108386751,1.427122656613372
ID43790,43790,7,9.069570541381836,133.14529073652687,114.34609729698985,0.0,170.0,170,5.0,1,,129.60824742268042,125.0,68.0,191.0,12572.0,34.78911368907632,0.20754403215103695,1.2806384684475585
ID156428,156428,7,9.48405647277832,100.29855753666502,105.33000773137714,0.0,636.0,636,5.0,1,,132.1443298969072,128.0,74.0,196.0,12818.0,35.75931979065086,0.21502271431461623,1.30794421824481
ID197388,197388,7,10.393314361572266,106.93929773554417,139.16261013481002,0.0,806.0,806,5.0,1,,144.11340206185568,142.0,85.0,197.0,13979.0,32.567518419642376,0.2482110806548826,1.7598790875205554
ID84753,84753,7,8.417648315429688,148.6959229055737,114.2242192269044,0.0,337.0,337,5.0,1,,121.98969072164948,114.0,60.0,184.0,11833.0,36.83111649966214,0.17934084716345908,1.0073447276706176
ID125713,125713,7,6.793599605560303,76.56389558059335,137.5391956983878,0.0,507.0,507,5.0,1,,111.9278350515464,107.0,57.0,170.0,10857.0,32.834575089466924,0.1463182049100582,0.8702216295398996
ID234259,234259,7,10.7415771484375,123.61668753301821,186.96557002092172,0.0,961.0,961,5.0,1,,144.90721649484536,143.0,87.0,196.0,14056.0,31.34654502301211,0.27315505707977655,1.9836190721784361
ID148240,148240,7,9.67752456665039,93.56856541235418,122.89808199434647,0.0,599.0,599,5.0,1,,131.09278350515464,128.0,66.0,197.0,12716.0,38.839435091322564,0.21468519977915387,1.1930928463020836
ID205593,205593,7,10.61334228515625,113.4202570810725,145.6509311874756,0.0,842.0,842,5.0,1,,145.62886597938143,144.0,86.0,199.0,14126.0,32.29077512348692,0.26407116629230815,1.884293073088015
ID158494,158494,7,10.36575984954834,81.44115826713792,108.3128679148773,0.0,645.0,645,5.0,1,,136.8556701030928,134.0,74.0,197.0,13275.0,35.62214599407744,0.2513944393373382,1.5435978261152545
ID56096,56096,7,8.81911849975586,133.30328404986074,119.21013551556837,0.0,221.0,221,5.0,1,,131.05154639175257,128.0,79.0,182.0,12712.0,31.504752000697117,0.20995355083011663,1.4436124070539627
ID80675,80675,7,9.718568801879883,149.80893578387133,129.24267657770199,0.0,321.0,321,5.0,1,,133.29896907216494,133.0,59.0,194.0,12930.0,37.63065155463186,0.22120972797983604,1.283302424766379
ID119587,119587,7,10.582228660583496,73.7367750813366,132.35664037255023,0.0,481.0,481,5.0,1,,139.0721649484536,135.0,73.0,202.0,13490.0,36.36454529674715,0.2530005233370186,1.5444086191360489
ID236320,236320,7,8.342812538146973,132.16482618999675,176.00993762722473,0.0,970.0,970,5.0,1,,116.61855670103093,110.0,60.0,184.0,11312.0,36.02124468599777,0.18917540715392156,1.0300485630447846
ID8996,8996,7,7.073791980743408,123.63626357908255,105.01419664577453,0.0,29.0,29,5.0,1,,113.08247422680412,109.0,48.0,172.0,10969.0,34.039398160774915,0.15087698967938848,0.8710388552073514
ID23333,23333,7,8.304730415344238,122.59486257671908,93.91064855044146,0.0,85.0,85,5.0,1,,125.4639175257732,122.0,71.0,184.0,12170.0,33.94728200204635,0.18788009460618027,1.1691009053507062
ID131883,131883,7,10.552789688110352,84.682218061702,138.26099339500993,0.0,531.0,531,5.0,1,,132.7835051546392,131.0,60.0,200.0,12880.0,41.114227769543604,0.2448095221523798,1.2703031976700367
ID97066,97066,7,10.172381401062012,96.86142344851173,137.03535533157213,0.0,389.0,389,5.0,1,,132.28865979381445,127.0,71.0,205.0,12832.0,37.44856438138589,0.23540858756859195,1.3462605656123812
ID191279,191279,7,10.523566246032715,111.55428323041929,131.52433464116277,0.0,781.0,781,5.0,1,,141.64948453608247,143.0,69.0,204.0,13740.0,36.741790816995604,0.25148839236631226,1.5494436720819114
ID172845,172845,7,10.291889190673828,90.07600002669008,115.04280235323195,0.0,708.0,708,5.0,1,,139.84536082474227,134.0,89.0,200.0,13565.0,33.22221276438701,0.24516462702465724,1.6576030564944608
ID176951,176951,7,10.447412490844727,91.72754681422964,111.34427141202153,0.0,722.0,722,5.0,1,,142.57731958762886,144.0,61.0,199.0,13830.0,35.2008626348922,0.251462215375525,1.6277291109498313
ID2875,2875,7,8.692145347595215,126.13976054492173,113.81672354624371,0.0,7.0,7,5.0,1,,126.6701030927835,121.0,74.0,188.0,12287.0,33.76750214379097,0.20022751324776256,1.2515994370831565
ID150335,150335,7,8.088603973388672,95.45634956544572,121.67761185540232,0.0,610.0,610,5.0,1,,119.57731958762886,115.0,73.0,185.0,11599.0,34.120752193358065,0.18389620667716677,1.08872790668572
ID47934,47934,7,9.42825698852539,138.36013916159052,112.49770663666686,0.0,187.0,187,5.0,1,,131.96907216494844,128.0,64.0,199.0,12801.0,35.527118048590545,0.21656187831785442,1.322482658847324
ID201539,201539,7,10.790252685546875,110.80541607008664,149.3547316877582,0.0,823.0,823,5.0,1,,144.39175257731958,148.0,75.0,198.0,14006.0,35.294167572062264,0.2594833498642407,1.6857241375018346
ID29508,29508,7,9.538493156433105,126.97835542393142,105.62017841575937,0.0,115.0,115,5.0,1,,130.91752577319588,125.0,74.0,202.0,12699.0,36.579442685035076,0.2206571860660672,1.293942755914027
ID142150,142150,7,10.68948745727539,109.3412756533007,115.27177766136195,0.0,575.0,575,5.0,1,,141.68041237113403,143.0,82.0,195.0,13743.0,35.3204220882883,0.2593950081013336,1.6523938486958762
ID187207,187207,7,10.649768829345703,105.52935134758103,123.61105177928692,0.0,764.0,764,5.0,1,,142.8762886597938,142.0,77.0,203.0,13859.0,35.94186791773359,0.25295535867595065,1.6050841216060112
ID195399,195399,7,9.630006790161133,103.77601722569756,133.00183768888726,0.0,799.0,799,5.0,1,,135.84536082474227,131.0,76.0,191.0,13177.0,33.41074559123456,0.22780348182381577,1.5087599144685986
ID21318,21318,7,8.946086883544922,122.02395001677945,91.67924310411098,0.0,78.0,78,5.0,1,,128.81443298969072,125.0,70.0,190.0,12495.0,33.738371421655295,0.20658149116401892,1.3073899909935125
ID60231,60231,7,9.19497299194336,139.97633954878086,128.55883973926464,0.0,235.0,235,5.0,1,,130.96907216494844,123.0,75.0,195.0,12704.0,35.737892357717755,0.2113015897863741,1.278557568661314
ID76619,76619,7,9.629892349243164,146.9723053638832,138.603575512529,0.0,303.0,303,5.0,1,,137.6701030927835,136.0,79.0,197.0,13354.0,31.76270141267785,0.23304676632342367,1.6383841349554402
ID101194,101194,7,9.603084564208984,97.28151186251958,128.5789894547597,0.0,407.0,407,5.0,1,,131.91752577319588,125.0,76.0,199.0,12796.0,33.228899979000694,0.25117977814023296,1.5939749215097345
ID219983,219983,7,7.641939163208008,110.22229602655884,150.14100802432722,0.0,900.0,900,5.0,1,,133.57731958762886,132.0,92.0,175.0,12957.0,22.875949457320527,0.19486950971300568,1.9046141443156108
ID152402,152402,7,10.756108283996582,102.31670596705678,115.56833529687742,0.0,620.0,620,5.0,1,,135.8659793814433,135.0,80.0,203.0,13179.0,36.41617911553284,0.26948592780586206,1.5839976889817033
ID215888,215888,7,10.892822265625,104.19558685387494,158.68446996784797,0.0,883.0,883,5.0,1,,141.29896907216494,138.0,81.0,201.0,13706.0,34.85271538574076,0.27300383127156275,1.7388871584511856
ID168790,168790,7,10.071600914001465,92.25322673567798,130.2328558512872,0.0,688.0,688,5.0,1,,136.55670103092783,135.0,71.0,194.0,13246.0,36.70801713981252,0.23401136391090113,1.410911830528202
ID33621,33621,7,7.611072063446045,135.29135503307623,117.8067654077154,0.0,128.0,128,5.0,1,,117.0,110.0,62.0,182.0,11349.0,33.28131357583912,0.16910572136984767,1.0169975667650535
ID211798,211798,7,10.523971557617188,118.24014801791122,150.52127121753088,0.0,868.0,868,5.0,1,,145.28865979381445,145.0,88.0,195.0,14093.0,31.540304493776492,0.262798631388951,1.9172768489486889
ID160602,160602,7,10.805753707885742,72.41977866161493,110.93234641906886,0.0,654.0,654,5.0,1,,144.18556701030928,142.0,87.0,201.0,13986.0,34.54535964282661,0.2646049593998585,1.7466470955518199
ID123738,123738,7,9.758220672607422,68.04329057575562,127.36126907505715,0.0,500.0,500,5.0,1,,129.57731958762886,124.0,59.0,200.0,12569.0,36.668229621484095,0.23201806208237327,1.3309868524258481
ID164697,164697,7,9.667020797729492,76.10564072522253,112.50184346690956,0.0,670.0,670,5.0,1,,137.08247422680412,131.0,81.0,207.0,13297.0,33.22607851995828,0.23300631087772214,1.5593199220299585
ID13159,13159,7,8.4708833694458,116.96841384384344,88.56154793447188,0.0,47.0,47,5.0,1,,125.55670103092784,118.0,58.0,192.0,12179.0,33.60151567519095,0.19532792696718093,1.2212042268534706
ID224107,224107,7,10.701078414916992,101.97375123540257,158.37293402214198,0.0,918.0,918,5.0,1,,143.38144329896906,140.0,81.0,208.0,13908.0,35.93119678026124,0.24832971350010796,1.5876349110304229
ID54121,54121,7,7.584120750427246,132.36618754253362,110.01573479523786,0.0,212.0,212,5.0,1,,115.09278350515464,107.0,47.0,181.0,11164.0,33.93102147317494,0.16406996826379994,0.9561613050600452
ID70504,70504,7,9.308213233947754,143.1765281366445,135.576680447748,0.0,280.0,280,5.0,1,,132.20618556701032,130.0,70.0,194.0,12824.0,33.878747684552025,0.22382992027624235,1.4274190738073806
ID183147,183147,7,8.956183433532715,98.18626692963979,126.88710353113422,0.0,748.0,748,5.0,1,,136.7422680412371,135.0,85.0,195.0,13264.0,28.747202164774325,0.21809415788012843,1.703336149291537
ID64362,64362,7,9.049863815307617,140.20212543083915,132.43984279733135,0.0,253.0,253,5.0,1,,133.7835051546392,127.0,81.0,188.0,12977.0,31.347922181317074,0.21931616907713264,1.5352465295263378
ID207721,207721,7,10.00224494934082,115.36532125585342,138.17549270724587,0.0,851.0,851,5.0,1,,137.11340206185568,131.0,81.0,202.0,13300.0,36.040450737290705,0.2277159176138003,1.411286513385023
ID37739,37739,7,9.286376953125,130.57068321991426,101.03522370908014,0.0,147.0,147,5.0,1,,126.81443298969072,123.0,67.0,201.0,12301.0,38.9527838909138,0.2053093061296717,1.1090989751122962
ID226159,226159,7,10.584368705749512,106.9507013393363,169.20421959459364,0.0,927.0,927,5.0,1,,139.3298969072165,140.0,78.0,204.0,13515.0,35.841584800771955,0.2508216889625611,1.5590383260256828
ID105324,105324,7,9.559633255004883,110.89585538160091,144.00461505299435,0.0,423.0,423,5.0,1,,130.16494845360825,125.0,75.0,196.0,12626.0,36.56463467055381,0.2156849924104296,1.2631696427287233
ID90992,90992,7,6.744402885437012,124.48740830029473,109.1553768843753,0.0,362.0,362,5.0,1,,114.18556701030928,106.0,63.0,184.0,11076.0,31.4256165071146,0.14339729478312624,0.9113835804755707
ID228213,228213,7,11.049610137939453,114.5698192520516,159.33882545088403,0.0,935.0,935,5.0,1,,146.60824742268042,147.0,80.0,208.0,14221.0,35.84909247486578,0.26039757526051405,1.6898167427497364
ID7032,7032,7,8.838051795959473,123.50308869707052,103.38535729291449,0.0,25.0,25,5.0,1,,126.94845360824742,122.0,63.0,196.0,12314.0,36.142475915356094,0.20147169863526385,1.1779856858616582
ID129912,129912,7,8.96209716796875,69.07185954143145,138.45108388484508,0.0,522.0,522,5.0,1,,124.9381443298969,119.0,56.0,191.0,12119.0,37.69140442267908,0.20099603155233894,1.1095033996573436
ID144253,144253,7,9.497236251831055,103.36859242154983,125.74161120669449,0.0,584.0,584,5.0,1,,134.20618556701032,135.0,85.0,194.0,13018.0,32.13802853329483,0.23008598696021926,1.5622048973849463
ID15232,15232,7,8.779285430908203,112.7314315141595,88.3585636588427,0.0,51.0,51,5.0,1,,122.54639175257732,119.0,61.0,197.0,11887.0,37.82884168047705,0.1929161574040789,1.0477704902034803
ID86913,86913,7,9.341865539550781,138.8245367530519,110.3174723866336,0.0,349.0,349,5.0,1,,130.7422680412371,124.0,71.0,193.0,12682.0,37.170294577378215,0.2063269077432729,1.2032084177249949
ID113537,113537,7,9.700921058654785,93.35835416094831,139.02344324409785,0.0,458.0,458,5.0,1,,132.91752577319588,129.0,77.0,193.0,12893.0,35.5638129819404,0.22612374527050708,1.3785286395841592
ID179074,179074,7,10.230710983276367,93.04766679150464,112.58516992390982,0.0,735.0,735,5.0,1,,142.1443298969072,141.0,85.0,197.0,13788.0,32.95703948915974,0.2522560242969627,1.7376398218080809
ID41857,41857,7,8.663654327392578,133.91292196518472,103.41219675415114,0.0,162.0,162,5.0,1,,126.55670103092784,120.0,68.0,193.0,12276.0,36.01792640251199,0.19136882910661862,1.128811438094032
ID19336,19336,7,8.786301612854004,115.54066689230187,91.23667552990158,0.0,71.0,71,5.0,1,,124.47422680412372,121.0,44.0,193.0,12074.0,38.278337211226365,0.19248020383773026,1.0497629979658387
ID117647,117647,7,10.36752700805664,77.47952858970005,129.84950297890134,0.0,475.0,475,5.0,1,,135.22680412371133,131.0,74.0,193.0,13117.0,35.55585545853616,0.2583434217318063,1.5616362163230566
ID27535,27535,7,8.003562927246094,127.03896822037788,92.83175296209832,0.0,103.0,103,5.0,1,,117.15463917525773,109.0,66.0,187.0,11364.0,34.78246091967712,0.17203962584654414,0.9888157489727801
ID121742,121742,7,10.004638671875,70.90569169525948,130.4264679810813,0.0,490.0,490,5.0,1,,132.9278350515464,133.0,61.0,193.0,12894.0,39.50402074016234,0.22780867302660904,1.2486599555862568
ID52112,52112,7,8.636259078979492,128.67514496352615,108.33953493100815,0.0,204.0,204,5.0,1,,128.38144329896906,123.0,64.0,194.0,12453.0,34.05034364087763,0.19613033984518852,1.2364513262109111
ID95121,95121,7,8.429069519042969,97.42726228376583,126.69769351230214,0.0,382.0,382,5.0,1,,130.1340206185567,128.0,86.0,192.0,12623.0,30.27809606587856,0.2013353678955597,1.4406155245203225
ID109457,109457,7,9.377706527709961,111.4454953183165,140.42328955508893,0.0,440.0,440,5.0,1,,137.94845360824743,136.0,86.0,186.0,13381.0,29.80854573147488,0.23223302178523064,1.7443642349861554
ID154512,154512,7,9.13919448852539,102.92184137986298,111.149456466039,0.0,628.0,628,5.0,1,,127.51546391752578,120.0,71.0,196.0,12369.0,35.689959314578786,0.20316360672653894,1.2066130700973199
ID138129,138129,7,10.149822235107422,106.99349535888732,131.3902903336583,0.0,558.0,558,5.0,1,,141.42268041237114,142.0,69.0,195.0,13718.0,34.4670238088604,0.24090972224683393,1.593160079240853
ID74647,74647,7,9.618855476379395,142.2752933576202,129.0002909040369,0.0,296.0,296,5.0,1,,134.39175257731958,129.0,78.0,192.0,13036.0,33.315273243236014,0.2335432580721985,1.52746822343316
ID230296,230296,7,11.311009407043457,124.41130396458185,161.13487543678843,0.0,945.0,945,5.0,1,,144.9278350515464,143.0,87.0,201.0,14058.0,35.87107917676637,0.27455787228622563,1.740650978848687
ID82845,82845,7,7.851521015167236,142.80878256670607,110.81860261479333,0.0,331.0,331,5.0,1,,123.90721649484536,118.0,65.0,180.0,12019.0,30.827842689356732,0.1825031970911472,1.2406566725752743
ID189342,189342,7,10.096110343933105,118.61071005121765,124.34002292788115,0.0,773.0,773,5.0,1,,138.15463917525773,134.0,66.0,204.0,13401.0,36.16148394303253,0.23400779168704605,1.4489774969200695
ID199581,199581,7,10.77047061920166,111.52459888826884,143.74856062121694,0.0,813.0,813,5.0,1,,146.31958762886597,150.0,74.0,203.0,14193.0,34.5960457734914,0.2627639207083411,1.7601495527328943
ID78759,78759,7,9.909552574157715,150.15017865673516,131.97438885003706,0.0,313.0,313,5.0,1,,138.51546391752578,134.0,82.0,195.0,13436.0,33.25598736883764,0.23593930976345748,1.590235957094328
ID68518,68518,7,9.496379852294922,131.9848576900248,122.63677122788327,0.0,271.0,271,5.0,1,,131.82474226804123,125.0,78.0,194.0,12787.0,37.03039582257571,0.2101256131994853,1.2362807669673446
ID203691,203691,7,9.793684959411621,127.32749612784855,144.90560282590548,0.0,833.0,833,5.0,1,,136.2680412371134,131.0,81.0,190.0,13218.0,32.21429401417351,0.2405080711795515,1.640232647540052
ID185259,185259,7,10.156214714050293,104.31161721248054,125.18405147359458,0.0,757.0,757,5.0,1,,136.4536082474227,130.0,77.0,203.0,13236.0,36.32808274902394,0.2349667153261293,1.429300793545157
ID127915,127915,7,8.073563575744629,81.4594644542766,139.04413720700506,0.0,514.0,514,5.0,1,,122.83505154639175,118.0,63.0,186.0,11915.0,30.97468065895755,0.19404849155660586,1.2889431928219717
ID134057,134057,7,10.110109329223633,95.87419061160429,130.9982093524756,0.0,540.0,540,5.0,1,,133.37113402061857,131.0,59.0,199.0,12937.0,37.000089973885224,0.24134111195308489,1.4016165914020948
ID146345,146345,7,9.73909854888916,82.63589962086675,129.25523661062854,0.0,597.0,597,5.0,1,,133.4020618556701,132.0,65.0,194.0,12940.0,37.65431023186855,0.22170255999797084,1.2858285527117939
ID175023,175023,7,10.46200942993164,96.28139646884846,116.75987508261613,0.0,714.0,714,5.0,1,,138.4536082474227,136.0,85.0,202.0,13430.0,36.93632488783815,0.24514140960742956,1.475973618078992
ID5040,5040,7,7.343501567840576,124.12490363293924,104.59213139372636,0.0,11.0,11,5.0,1,,119.24742268041237,115.0,69.0,178.0,11567.0,31.341210532830896,0.168423252631204,1.0968950819345569
ID58291,58291,7,9.247700691223145,142.08113047168538,122.24747906682636,0.0,231.0,231,5.0,1,,127.6082474226804,124.0,58.0,192.0,12378.0,36.67326362085615,0.21202147898374893,1.2173871765840392
ID99254,99254,7,9.729434967041016,95.89728269505069,140.85023308266324,0.0,399.0,399,5.0,1,,135.57731958762886,133.0,76.0,193.0,13151.0,34.15584230514427,0.23125304584620812,1.491049917648063
ID15291,15291,7,9.007379531860352,105.58125027655622,86.44524893334052,0.0,55.0,55,5.0,1,,128.56701030927834,122.0,62.0,197.0,12471.0,36.33722471988805,0.20540795244481494,1.2058436120823632
ID162751,162751,7,9.772558212280273,69.57969379616269,107.4197456699174,0.0,663.0,663,5.0,1,,136.79381443298968,137.0,74.0,192.0,13269.0,35.17484249678368,0.22880895003134133,1.448281343946063
ID232382,232382,7,11.002033233642578,120.15473771322097,179.5814356433528,0.0,954.0,954,5.0,1,,138.76288659793815,140.0,76.0,196.0,13460.0,36.680709393095924,0.2757298937392766,1.6352746946317118
ID218044,218044,7,10.304020881652832,99.51981236866591,160.43327204641375,0.0,892.0,892,5.0,1,,142.94845360824743,144.0,67.0,199.0,13866.0,35.17585912656713,0.24648424128693436,1.6071895870503814
ID17344,17344,7,7.73805046081543,112.31533944254319,89.09652687646754,0.0,63.0,63,5.0,1,,120.70103092783505,116.0,76.0,178.0,11708.0,31.00240748328185,0.1773379597710045,1.1728598402765054
ID103362,103362,7,9.960433959960938,104.1023307110899,134.24020172183907,0.0,412.0,412,5.0,1,,130.42268041237114,123.0,74.0,200.0,12651.0,35.73188207899517,0.24275498710315674,1.425968300410126
ID209863,209863,7,9.703441619873047,103.10625388621993,146.79025192337065,0.0,857.0,857,5.0,1,,133.28865979381445,129.0,79.0,200.0,12929.0,34.950846068349634,0.225677315996138,1.4043561582809811
ID11205,11205,7,8.82194995880127,119.85320964157475,90.14334987051554,0.0,40.0,40,5.0,1,,124.3917525773196,119.0,62.0,193.0,12066.0,36.44160760181706,0.1917774898169483,1.0985668925346626
ID170952,170952,7,10.414385795593262,111.80759177827505,117.87998642539294,0.0,696.0,696,5.0,1,,140.4020618556701,136.0,74.0,201.0,13619.0,34.80141873120215,0.24554474231476153,1.5906617532990128
ID35788,35788,7,8.855260848999023,134.85861562976754,105.06393842532195,0.0,137.0,137,5.0,1,,124.48453608247422,118.0,58.0,196.0,12075.0,36.76250167235117,0.19303181823711774,1.0957644804531188
ID62414,62414,7,8.917384147644043,141.63314425741288,136.3332736269897,0.0,247.0,247,5.0,1,,126.81443298969072,124.0,67.0,198.0,12301.0,36.83474636153886,0.19871992762595006,1.1414704980071497
ID50127,50127,7,9.049140930175781,132.66667726304888,104.37794551036795,0.0,195.0,195,5.0,1,,129.97938144329896,124.0,64.0,197.0,12608.0,35.97075762032361,0.20292109255098612,1.2191157115601128
ID222167,222167,7,9.882213592529297,96.19225800501027,155.38183344197125,0.0,909.0,909,5.0,1,,136.38144329896906,132.0,82.0,194.0,13229.0,35.34161949781762,0.23111936246861972,1.4488886160919348
ID193492,193492,7,10.344881057739258,113.82235910615238,131.33871575028107,0.0,790.0,790,5.0,1,,143.20618556701032,144.0,76.0,201.0,13891.0,33.93588874147161,0.24793837924033674,1.676807323201183
ID115673,115673,7,11.03266429901123,84.67166063181062,129.62331870988086,0.0,462.0,462,5.0,1,,139.23711340206185,138.0,68.0,196.0,13506.0,37.399524617042346,0.2711917800473623,1.5884895811225108
ID140254,140254,7,10.017003059387207,108.4165228965095,130.4666014034117,0.0,567.0,567,5.0,1,,137.41237113402062,137.0,78.0,199.0,13329.0,36.481374407965475,0.23416325549127837,1.429324285715986
ID31710,31710,7,6.821533203125,130.5603895396954,111.96521254239931,0.0,123.0,123,5.0,1,,110.8659793814433,105.0,47.0,175.0,10754.0,34.637897377120105,0.13513030237745166,0.7620505898590595
ID166883,166883,7,10.421886444091797,76.60699220270303,126.9305342666878,0.0,680.0,680,5.0,1,,138.340206185567,139.0,72.0,199.0,13419.0,34.69236425291659,0.2552287936436689,1.6216282125712598
ID213984,213984,7,10.631937980651855,109.58118470348354,147.73659735559315,0.0,875.0,875,5.0,1,,136.88659793814432,138.0,70.0,197.0,13278.0,36.66000212784698,0.2643973155793223,1.5616076081230155
ID181222,181222,7,8.64609432220459,103.7217850967792,109.44102364336435,0.0,740.0,740,5.0,1,,128.04123711340208,126.0,62.0,185.0,12420.0,34.15861211739936,0.1973558284205818,1.2356809877431527
ID111591,111591,7,10.51644229888916,99.61050873032762,135.92024908913936,0.0,449.0,449,5.0,1,,138.46391752577318,130.0,64.0,200.0,13431.0,38.16331731728511,0.2444665098539782,1.4254653031777447
ID93162,93162,7,9.8798189163208,109.77191094652788,115.62198665260986,0.0,372.0,372,5.0,1,,134.77319587628867,134.0,75.0,194.0,13073.0,35.76675165646139,0.2349671013382414,1.4338565156468355
ID72685,72685,7,9.908503532409668,141.9742333747549,128.48737929740582,0.0,287.0,287,5.0,1,,134.4536082474227,130.0,62.0,200.0,13042.0,37.71466906770623,0.22468246432212924,1.3080906310958789
ID39917,39917,7,7.437143802642822,129.14088249522044,103.50691393459645,0.0,154.0,154,5.0,1,,122.48453608247422,117.0,68.0,172.0,11881.0,29.008301039695894,0.17871164967390327,1.2803663492584203
ID89070,89070,7,9.691628456115723,131.93109832147786,113.3115695639781,0.0,353.0,353,5.0,1,,135.0,130.0,72.0,195.0,13095.0,34.87746407065743,0.22590045064886655,1.42652949889042
ID44016,44016,7,9.204153060913086,130.29816875940614,113.00845334013981,0.0,171.0,171,5.0,1,,131.95876288659792,126.0,77.0,197.0,12800.0,33.331328333170404,0.2128947856909246,1.3898166333289568
ID148467,148467,7,9.261869430541992,92.30264448203629,121.89702384603788,0.0,600.0,600,5.0,1,,133.8041237113402,129.0,86.0,193.0,12979.0,32.23405263823548,0.21928586163496877,1.4931026860681595
ID234490,234490,7,10.670166015625,126.38964037914779,188.963342758666,0.0,962.0,962,5.0,1,,140.96907216494844,139.0,85.0,198.0,13674.0,33.83737258572471,0.2615164089334657,1.7272819855376242
ID136184,136184,7,10.450531005859375,112.41523307223116,130.04169729601503,0.0,550.0,550,5.0,1,,140.98969072164948,142.0,75.0,197.0,13676.0,35.02662524344898,0.2568635233945076,1.645255574084178
ID25595,25595,7,7.3062310218811035,128.4211974933635,95.3302848487532,0.0,95.0,95,5.0,1,,119.05154639175258,118.0,67.0,182.0,11548.0,30.956411268514795,0.1686723148054443,1.1101086275632173
ID66554,66554,7,8.195867538452148,127.9021349520372,128.4501688464698,0.0,260.0,260,5.0,1,,118.65979381443299,112.0,62.0,198.0,11510.0,37.54688363620046,0.17020578410972625,0.9193306987634169
ID84994,84994,7,7.56968355178833,153.4080658573103,112.9801537370879,0.0,339.0,339,5.0,1,,116.65979381443299,109.0,56.0,186.0,11316.0,33.098617354662686,0.16701543481858028,1.0088378236534157
ID205824,205824,7,10.487813949584961,114.711867771519,145.39330500022194,0.0,843.0,843,5.0,1,,143.11340206185568,143.0,81.0,204.0,13882.0,35.17156648980932,0.24832453694608478,1.6188653111036342
ID80902,80902,7,9.60274887084961,146.85018894066474,125.81994654863419,0.0,323.0,323,5.0,1,,134.96907216494844,131.0,70.0,198.0,13092.0,34.179505801554356,0.22214710046866912,1.4355411507468383
ID197643,197643,7,10.04583740234375,106.05881707350967,139.68078473849394,0.0,808.0,808,5.0,1,,142.64948453608247,139.0,92.0,195.0,13837.0,30.50923399737412,0.24700393993436973,1.8522728181066026
ID236555,236555,7,7.5523810386657715,135.00857173565524,179.51883112123102,0.0,973.0,973,5.0,1,,113.95876288659794,108.0,58.0,176.0,11054.0,32.559534422146484,0.1802592650729995,1.0691034062077305
ID156680,156680,7,8.903069496154785,97.35157570460426,106.26473325229797,0.0,637.0,637,5.0,1,,133.08247422680412,131.0,79.0,189.0,12909.0,30.10837027275139,0.21910173135384448,1.5888008927995785
ID125962,125962,7,6.950170516967773,79.1994839482083,139.37304287540414,0.0,508.0,508,5.0,1,,114.63917525773196,108.0,60.0,176.0,11120.0,31.095680825146463,0.15169256869689893,0.9711598507869955
ID107532,107532,7,9.181917190551758,114.9051316809844,137.32011275131458,0.0,429.0,429,5.0,1,,127.54639175257732,123.0,64.0,188.0,12372.0,35.29194331411347,0.21607946759003285,1.284322659577653
ID119822,119822,7,10.453736305236816,74.32648493264904,129.3834834390688,0.0,480.0,480,5.0,1,,137.82474226804123,133.0,72.0,204.0,13369.0,36.25000296243619,0.25295154519320534,1.5351548851286756
ID158737,158737,7,9.918705940246582,76.30895321164958,108.66653937819298,0.0,646.0,646,5.0,1,,134.58762886597938,132.0,72.0,194.0,13055.0,33.51111525092569,0.2492356833789498,1.6025518728830415
ID56352,56352,7,9.117151260375977,131.97971863363716,120.75364273848137,0.0,220.0,220,5.0,1,,132.79381443298968,126.0,76.0,192.0,12881.0,32.499659659862175,0.21407879378081915,1.4409728703609475
ID150562,150562,7,9.224119186401367,98.61830071276495,113.61464917294023,0.0,612.0,612,5.0,1,,130.5257731958763,131.0,70.0,194.0,12661.0,35.115313843436226,0.21787291424133112,1.3299367489188496
ID97314,97314,7,8.283684730529785,96.07839564015487,140.73438417510206,0.0,391.0,391,5.0,1,,128.3298969072165,127.0,79.0,179.0,12448.0,28.56925855468183,0.2047136043357302,1.526587710118277
ID173089,173089,7,10.348734855651855,95.59951786531836,113.04530161617784,0.0,706.0,706,5.0,1,,141.06185567010309,139.0,74.0,202.0,13683.0,33.9373854918233,0.2509046947933209,1.6674229394224307
ID177185,177185,7,10.56796932220459,92.59834472616356,112.20245083418028,0.0,723.0,723,5.0,1,,141.18556701030928,142.0,65.0,201.0,13695.0,36.196031635879194,0.2517914356246202,1.5691639315652606
ID201767,201767,7,10.799633026123047,112.44374620433473,149.72013659884786,0.0,825.0,825,5.0,1,,148.04123711340208,147.0,97.0,201.0,14360.0,32.21507072453732,0.2646633607030231,1.9234127850991014
ID9254,9254,7,7.361530780792236,122.96329029187055,106.38758352372562,0.0,28.0,28,5.0,1,,114.12371134020619,112.0,62.0,180.0,11070.0,34.31722652083753,0.15474167425009674,0.891284086981744
ID23590,23590,7,8.437883377075195,123.28002871899352,95.85841730813556,0.0,86.0,86,5.0,1,,127.38144329896907,125.0,74.0,190.0,12356.0,31.290122009912157,0.19730262262297735,1.3417074421865975
ID3113,3113,7,8.29495906829834,124.12658868636734,116.25124445294823,0.0,5.0,5,5.0,1,,127.89690721649484,124.0,80.0,183.0,12406.0,30.40849817351039,0.1938749421879802,1.3660226830095923
ID191531,191531,7,9.860405921936035,109.71291784408852,133.37182477143895,0.0,782.0,782,5.0,1,,133.4536082474227,134.0,67.0,193.0,12945.0,36.985081626063746,0.22970030029519106,1.3480190155080025
ID76843,76843,7,8.60683536529541,148.66098101697463,134.6554467033659,0.0,305.0,305,5.0,1,,128.70103092783506,127.0,63.0,187.0,12484.0,32.36901970134587,0.20224997489107946,1.337753740954081
ID132136,132136,7,10.473341941833496,86.94203932191557,141.69057027967895,0.0,533.0,533,5.0,1,,142.03092783505156,138.0,86.0,202.0,13777.0,33.26235785646925,0.25285062984634227,1.7235529587265273
ID48174,48174,7,9.120043754577637,138.78441844072844,111.06575515492862,0.0,188.0,188,5.0,1,,131.71134020618555,125.0,69.0,200.0,12776.0,34.008258421940255,0.20822361943987866,1.3349083274748474
ID142387,142387,7,10.35258960723877,106.01350050261969,113.67804145445719,0.0,576.0,576,5.0,1,,139.18556701030928,132.0,70.0,202.0,13501.0,34.73750671611642,0.24655457234252565,1.5849928951038699
ID187447,187447,7,9.519821166992188,107.29859941626339,121.03822030203233,0.0,767.0,767,5.0,1,,141.22680412371133,139.0,96.0,197.0,13699.0,28.69977684097299,0.23276335635895248,1.8582472620314483
ID60473,60473,7,9.37459659576416,142.5416064901754,132.3988447280293,0.0,239.0,239,5.0,1,,134.0721649484536,134.0,75.0,194.0,13005.0,34.990548552037716,0.21711746255240774,1.3670365558049737
ID29756,29756,7,9.703922271728516,130.79934980555063,105.32220914576294,0.0,110.0,110,5.0,1,,131.5257731958763,128.0,68.0,199.0,12758.0,37.830789043533805,0.2193919737857816,1.251044802353546
ID169022,169022,7,10.73118782043457,93.62525063844076,127.8677549372269,0.0,689.0,689,5.0,1,,138.88659793814432,137.0,73.0,202.0,13472.0,38.280727387904726,0.25037718281622096,1.4529941398810606
ID101441,101441,7,9.257365226745605,100.55370058330735,128.61691290743886,0.0,409.0,409,5.0,1,,128.60824742268042,125.0,68.0,196.0,12475.0,34.654111318449324,0.22505789921972322,1.3635833675406628
ID212037,212037,7,10.050146102905273,117.74098800150186,148.7241103829072,0.0,867.0,867,5.0,1,,142.2680412371134,143.0,89.0,191.0,13800.0,31.104164868469763,0.24533953129722025,1.8021816340991825
ID220229,220229,7,9.540570259094238,112.62278433609873,154.8796732940926,0.0,902.0,902,5.0,1,,135.91752577319588,132.0,82.0,190.0,13184.0,32.84485947320269,0.22774479062423555,1.535247501999622
ID216132,216132,7,10.659818649291992,103.85724880409127,154.1756443512942,0.0,884.0,884,5.0,1,,140.0,136.0,78.0,200.0,13580.0,34.20769893849434,0.26225840636511966,1.7006514597467677
ID152650,152650,7,11.030413627624512,101.82374627612862,118.78253143935957,0.0,618.0,618,5.0,1,,137.71134020618555,132.0,82.0,204.0,13358.0,36.63160030483886,0.26934595040396325,1.595417153589319
ID195656,195656,7,10.4803466796875,108.7188205095944,130.94635955831697,0.0,800.0,800,5.0,1,,141.1340206185567,139.0,71.0,197.0,13690.0,35.96920814680111,0.24747180844345001,1.5567749139354936
ID21581,21581,7,8.892669677734375,122.38176633408239,91.97177293540607,0.0,79.0,79,5.0,1,,125.09278350515464,116.0,70.0,197.0,12134.0,36.748039197754814,0.19463158008812664,1.1091937105424166
ID164946,164946,7,9.28310489654541,77.18973014573824,113.48613345730126,0.0,672.0,672,5.0,1,,133.23711340206185,130.0,68.0,192.0,12924.0,34.193010127521035,0.22000864734252723,1.405383071041433
ID226387,226387,7,10.370088577270508,109.8136217509333,168.21801230480744,0.0,929.0,929,5.0,1,,136.2577319587629,128.0,72.0,203.0,13217.0,37.02118716315121,0.2405145702385924,1.4271851935722946
ID160849,160849,7,10.156267166137695,76.71796863195162,106.53337595963836,0.0,656.0,656,5.0,1,,137.70103092783506,136.0,74.0,197.0,13357.0,34.61940837775996,0.24892815344087302,1.5855652077105045
ID70741,70741,7,9.61678409576416,144.40956402383267,134.0195560793817,0.0,281.0,281,5.0,1,,133.04123711340208,127.0,70.0,199.0,12905.0,35.35060039735688,0.2241646637284931,1.3783096294438222
ID105557,105557,7,9.831242561340332,111.26439962487731,138.27839337249333,0.0,425.0,425,5.0,1,,130.4536082474227,123.0,74.0,199.0,12654.0,36.35388007104511,0.23228711185933068,1.3528465212408707
ID13397,13397,7,8.252214431762695,116.05406042092511,86.06635120588604,0.0,44.0,44,5.0,1,,121.83505154639175,116.0,57.0,182.0,11818.0,34.27726421295023,0.18850931245827657,1.1275253515597354
ID37974,37974,7,9.678986549377441,131.76338989776576,98.82412322881058,0.0,145.0,145,5.0,1,,129.61855670103094,123.0,67.0,200.0,12573.0,38.90250722933578,0.21497336538345396,1.1790642806292486
ID123993,123993,7,10.236787796020508,69.71969427365933,128.61939127720376,0.0,499.0,499,5.0,1,,135.4536082474227,132.0,75.0,206.0,13139.0,35.44039027559654,0.2471857979044812,1.5150062908461632
ID207963,207963,7,10.86361312866211,113.73422626565068,135.92675192432586,0.0,850.0,850,5.0,1,,141.28865979381445,140.0,76.0,205.0,13705.0,37.41572718648497,0.25362560728282024,1.5279472325581331
ID224346,224346,7,10.854056358337402,103.42580850348652,162.79399570349858,0.0,919.0,919,5.0,1,,146.44329896907217,145.0,94.0,198.0,14205.0,33.37069855931651,0.267993289888252,1.8549882641180357
ID183384,183384,7,10.086986541748047,103.46154572192452,125.24270460014377,0.0,753.0,753,5.0,1,,136.68041237113403,132.0,71.0,197.0,13258.0,36.14540841971742,0.2358970229584743,1.4435216894488851
ID64613,64613,7,9.472199440002441,139.3314080546577,130.5082199342822,0.0,254.0,254,5.0,1,,134.94845360824743,134.0,85.0,197.0,13090.0,33.78373965818611,0.22732066486458222,1.4796910848279619
ID144484,144484,7,9.589801788330078,99.86490317686285,124.77764931619835,0.0,587.0,587,5.0,1,,131.61855670103094,127.0,74.0,191.0,12767.0,35.77372269411151,0.22385372227506087,1.3459154882761195
ID228453,228453,7,10.00627613067627,115.17925734701873,159.45286821010254,0.0,936.0,936,5.0,1,,138.55670103092783,135.0,82.0,199.0,13440.0,34.52685219270314,0.23462088207771906,1.525223856172949
ID113766,113766,7,10.098855018615723,90.56251520438866,135.60646755102118,0.0,459.0,459,5.0,1,,134.84536082474227,136.0,75.0,204.0,13080.0,37.35174588907725,0.23526218540667182,1.3751436865547035
ID179311,179311,7,10.865638732910156,92.99102266515673,113.97229515500285,0.0,731.0,731,5.0,1,,139.2164948453608,131.0,79.0,202.0,13504.0,37.850370651015346,0.25153070849096026,1.478427587268357
ID91253,91253,7,8.483967781066895,117.53352275687246,115.1477546607068,0.0,367.0,367,5.0,1,,119.0,115.0,54.0,190.0,11543.0,38.181583693363656,0.18227988878591295,0.9610400172354314
ID138359,138359,7,9.765934944152832,106.56443098235529,129.07248296764695,0.0,559.0,559,5.0,1,,137.98969072164948,135.0,81.0,201.0,13385.0,33.78439446369212,0.2280365119693318,1.516888321419869
ID87158,87158,7,9.745189666748047,141.66592497764555,113.13235864422063,0.0,348.0,348,5.0,1,,132.23711340206185,128.0,71.0,202.0,12827.0,36.67730144899916,0.22485049398270343,1.3237218748329582
ID130169,130169,7,9.21560001373291,67.79658984701084,137.95276409878878,0.0,524.0,524,5.0,1,,123.48453608247422,116.0,57.0,197.0,11978.0,37.606823794044196,0.20959604380705948,1.137938098930569
ID154747,154747,7,9.283181190490723,103.91843844452102,112.11062049748762,0.0,629.0,629,5.0,1,,129.340206185567,123.0,69.0,191.0,12546.0,36.28787865743938,0.2088886715674255,1.2317726137355036
ID7292,7292,7,8.571284294128418,122.31312580356172,111.90190253110953,0.0,20.0,20,5.0,1,,125.79381443298969,122.0,76.0,191.0,12202.0,33.4903400700392,0.19538680303988476,1.2278816087249358
ID42109,42109,7,9.09638500213623,131.87097809777146,106.30804549185949,0.0,164.0,164,5.0,1,,131.1340206185567,127.0,66.0,192.0,12720.0,34.243195451182764,0.20645270430484647,1.3106337969905475
ID19582,19582,7,8.744384765625,116.8872699010414,89.30558948400841,0.0,69.0,69,5.0,1,,126.73195876288659,121.0,74.0,191.0,12293.0,34.08094392518516,0.19775240825736015,1.227889418102444
ID117887,117887,7,10.12249755859375,75.80622518745179,128.50236448733816,0.0,474.0,474,5.0,1,,128.46391752577318,123.0,62.0,205.0,12461.0,39.87377528309128,0.23953646938914128,1.2451914657553604
ID74878,74878,7,8.067020416259766,143.25895876121652,130.5467976652581,0.0,297.0,297,5.0,1,,128.28865979381445,126.0,78.0,180.0,12444.0,30.171716461394837,0.19478542086014375,1.3863879644850696
ID52353,52353,7,9.022266387939453,129.9285162433429,111.22973317485787,0.0,206.0,206,5.0,1,,124.37113402061856,124.0,54.0,191.0,12064.0,37.37738832604013,0.2031181361439253,1.1235206693058362
ID230529,230529,7,10.68658447265625,122.9516067595743,162.5308143575905,0.0,946.0,946,5.0,1,,143.9278350515464,142.0,87.0,201.0,13961.0,34.15047810264411,0.25794099739001186,1.7283755091074264
ID121988,121988,7,10.93661117553711,70.95969761832436,131.1578021199049,0.0,489.0,489,5.0,1,,143.64948453608247,143.0,80.0,212.0,13934.0,36.38338713075692,0.25936056874905256,1.626240598211985
ID46216,46216,7,9.60171890258789,131.21408486765804,117.195372236849,0.0,181.0,181,5.0,1,,130.95876288659792,127.0,78.0,199.0,12703.0,35.836410001379065,0.22133801720432883,1.3245251288100144
ID95371,95371,7,9.090885162353516,94.16531852716162,125.5679862881686,0.0,381.0,381,5.0,1,,130.81443298969072,127.0,75.0,194.0,12689.0,33.38391887599328,0.2151435023726488,1.3875511694215275
ID134287,134287,7,10.79328727722168,99.46072478725182,128.75764251975028,0.0,543.0,543,5.0,1,,136.79381443298968,129.0,68.0,203.0,13269.0,38.366635392489215,0.26062633357592785,1.474261961487518
ID83089,83089,7,8.56441879272461,143.51660244214227,112.97371169290872,0.0,330.0,330,5.0,1,,125.21649484536083,122.0,60.0,184.0,12146.0,34.310234990246144,0.19728163388861603,1.202702409930401
ID189584,189584,7,10.109940528869629,119.83563089325352,127.70597557344216,0.0,775.0,775,5.0,1,,139.58762886597938,135.0,75.0,199.0,13540.0,33.40682084087258,0.24235536433196075,1.6302288521781736
ID199830,199830,7,10.11568546295166,104.11982535462052,144.22155277891903,0.0,817.0,817,5.0,1,,139.1340206185567,143.0,73.0,201.0,13496.0,34.62436186715798,0.23779543457597302,1.5439605122350317
ID58518,58518,7,9.660355567932129,141.90102367487344,121.34248659052159,0.0,229.0,229,5.0,1,,132.72164948453607,130.0,67.0,203.0,12874.0,36.81223253101508,0.21910294190393403,1.2959475921816974
ID78998,78998,7,9.610937118530273,148.65793722117297,128.0261066107391,0.0,314.0,314,5.0,1,,133.4536082474227,130.0,67.0,194.0,12945.0,35.81317862025931,0.2209268565126059,1.3485787548104142
ID203924,203924,7,10.797462463378906,124.54309942484257,146.47215921922916,0.0,834.0,834,5.0,1,,141.5463917525773,145.0,62.0,203.0,13730.0,38.16139536521077,0.2591207500303262,1.5266495829670959
ID185496,185496,7,10.554829597473145,104.05252997695253,125.41461093390308,0.0,758.0,758,5.0,1,,135.50515463917526,131.0,66.0,207.0,13144.0,39.704671143996656,0.23695507363070284,1.307543946456258
ID27803,27803,7,8.205917358398438,132.92238523031608,107.47526131946323,0.0,108.0,108,5.0,1,,122.54639175257732,117.0,63.0,184.0,11887.0,35.235523214788955,0.17944291344668126,1.05827658180933
ID146594,146594,7,10.31930160522461,91.82083635476245,134.36319229610024,0.0,594.0,594,5.0,1,,140.18556701030928,136.0,79.0,197.0,13598.0,34.28870376939855,0.24810721162943428,1.6254354450907105
ID128165,128165,7,9.643878936767578,74.7886621971494,136.87339826922891,0.0,516.0,516,5.0,1,,129.96907216494844,120.0,68.0,195.0,12607.0,36.66726901254698,0.22358829313163975,1.2954038899096545
ID175270,175270,7,10.870600700378418,96.04422518650904,115.87085082668828,0.0,716.0,716,5.0,1,,145.08247422680412,140.0,83.0,202.0,14073.0,34.22342950593594,0.2598881502874244,1.7489440173178434
ID5287,5287,7,7.458072185516357,123.60288895957811,108.82289402990229,0.0,10.0,10,5.0,1,,124.36082474226804,119.0,62.0,178.0,12063.0,29.297747910821546,0.17539372376129303,1.2668057694578911
ID99496,99496,7,9.490042686462402,95.82839900843895,137.4749596621638,0.0,400.0,400,5.0,1,,130.1340206185567,130.0,59.0,202.0,12623.0,36.81842520678883,0.21777882410198204,1.2641623893019884
ID162987,162987,7,10.17417049407959,73.60469853733858,106.68241175537666,0.0,664.0,664,5.0,1,,142.79381443298968,143.0,82.0,197.0,13851.0,33.17407940958633,0.24478028454378054,1.692872479787707
ID68781,68781,7,9.594813346862793,139.5673947645043,134.12225624851231,0.0,275.0,275,5.0,1,,136.9278350515464,132.0,74.0,188.0,13282.0,32.84091941423851,0.23301087066652007,1.5758530163068527
ID103596,103596,7,9.419299125671387,105.17455230749165,131.60617765131263,0.0,415.0,415,5.0,1,,131.0721649484536,128.0,74.0,198.0,12714.0,32.381916063946996,0.24328414956400152,1.584095439076872
ID232621,232621,7,10.945821762084961,119.1787461596591,180.22297870784027,0.0,955.0,955,5.0,1,,142.50515463917526,138.0,84.0,196.0,13823.0,33.25348468937134,0.27490780781075314,1.8481265272066898
ID17594,17594,7,8.251819610595703,113.56246840063078,88.58625049435793,0.0,62.0,62,5.0,1,,122.8659793814433,114.0,63.0,194.0,11918.0,34.38556772893589,0.18672409763760456,1.124439391227303
ID33983,33983,7,7.434965133666992,139.2369131207245,116.67786242875032,0.0,129.0,129,5.0,1,,118.76288659793815,108.0,72.0,185.0,11520.0,31.07275507977082,0.1688648000327108,1.104347693528095
ID62655,62655,7,9.627467155456543,141.9995796607134,136.11718696282483,0.0,246.0,246,5.0,1,,133.38144329896906,131.0,71.0,195.0,12938.0,34.217576897385975,0.22628088306494534,1.4385801492805033
ID218300,218300,7,10.606289863586426,101.2847581314607,162.66761077979564,0.0,891.0,891,5.0,1,,143.84536082474227,140.0,89.0,197.0,13953.0,32.733246416483034,0.26110884311413357,1.8197250990808853
ID193730,193730,7,10.728814125061035,111.9300284466615,132.6361088350053,0.0,792.0,792,5.0,1,,145.1237113402062,142.0,82.0,195.0,14077.0,33.775687055668826,0.26161467145611506,1.781966539328337
ID31937,31937,7,8.79768180847168,125.43038424747161,109.82941046960639,0.0,121.0,121,5.0,1,,132.0,129.0,84.0,187.0,12804.0,30.609434820002804,0.21179734867947791,1.5074368839578556
ID50369,50369,7,8.432379722595215,122.83316888247508,100.46262546472559,0.0,201.0,201,5.0,1,,125.08247422680412,122.0,65.0,186.0,12133.0,34.658353401180214,0.19079399352242615,1.1565025540261011
ID214209,214209,7,10.942110061645508,110.82234010037628,151.86627594426116,0.0,876.0,876,5.0,1,,141.95876288659792,137.0,85.0,201.0,13770.0,34.21041432741803,0.26956255795684353,1.762135622659071
ID222400,222400,7,10.755558967590332,98.25132934689887,160.02227287952533,0.0,911.0,911,5.0,1,,147.93814432989691,149.0,93.0,200.0,14350.0,32.011656221142616,0.26058077576622124,1.9106173234022297
ID36036,36036,7,8.626250267028809,131.2976152625472,98.67686082992765,0.0,139.0,139,5.0,1,,125.02061855670104,116.0,70.0,193.0,12127.0,36.23648580892011,0.19174136052086954,1.1101952323058482
ID140487,140487,7,10.40003776550293,104.68801232393778,126.94300954107646,0.0,568.0,568,5.0,1,,140.11340206185568,136.0,77.0,203.0,13591.0,34.43377589925932,0.24732672626509103,1.6136741657880258
ID210117,210117,7,10.741007804870605,112.9279493457914,151.97373746885324,0.0,861.0,861,5.0,1,,140.08247422680412,136.0,74.0,196.0,13588.0,34.371339230252566,0.2677553015422985,1.7215513794565427
ID11466,11466,7,8.051868438720703,119.61931838351708,95.9871170451526,0.0,34.0,34,5.0,1,,122.05154639175258,115.0,67.0,188.0,11839.0,34.012060095777244,0.17625630904842063,1.075432234676045
ID72911,72911,7,9.452603340148926,145.02124644738228,125.21561030157908,0.0,289.0,289,5.0,1,,134.49484536082474,132.0,76.0,197.0,13046.0,33.168799254514084,0.22198364631785267,1.4731991945487513
ID115918,115918,7,9.539605140686035,85.2690507411529,128.99257699272732,0.0,467.0,467,5.0,1,,130.8041237113402,128.0,74.0,194.0,12688.0,34.179257591184395,0.23052493512880423,1.4338915191820267
ID34002,34002,7,7.594016075134277,141.16058646917625,114.67375206731127,0.0,130.0,130,5.0,1,,113.45360824742268,106.0,61.0,189.0,11005.0,35.12211453704438,0.16256858225949053,0.903411655836992
ID111833,111833,7,11.081217765808105,103.97373124092601,136.5467088689152,0.0,445.0,445,5.0,1,,143.2577319587629,140.0,81.0,207.0,13896.0,37.63455812993875,0.26110322760556254,1.5762418304412897
ID89306,89306,7,8.41812515258789,121.38487733697107,107.70897946623286,0.0,361.0,361,5.0,1,,123.71134020618557,119.0,70.0,195.0,12000.0,34.24877089123254,0.19178469016192112,1.1625473493508187
ID181470,181470,7,10.723949432373047,100.86590798719294,108.13763347202705,0.0,743.0,743,5.0,1,,141.17525773195877,135.0,75.0,195.0,13694.0,36.34986540245551,0.2528971603041031,1.5678853629871567
ID167138,167138,7,9.995671272277832,81.84918916609944,126.56341802293824,0.0,681.0,681,5.0,1,,135.55670103092783,132.0,72.0,199.0,13149.0,34.076803288113304,0.2468578505086245,1.5751508016224571
ID234722,234722,7,10.172786712646484,120.96805019470106,185.17642106036772,0.0,964.0,964,5.0,1,,136.43298969072166,133.0,73.0,201.0,13234.0,35.02436866445479,0.2439701829770235,1.5279384406797705
ID40168,40168,7,9.314181327819824,131.73859748614484,106.03483596922219,0.0,157.0,157,5.0,1,,124.43298969072166,118.0,57.0,192.0,12070.0,39.92673165115876,0.20177362997858198,1.0465103010295038
ID44264,44264,7,8.859704971313477,130.50225834128133,113.65069329811797,0.0,172.0,172,5.0,1,,129.4536082474227,128.0,70.0,197.0,12557.0,35.27511534901903,0.2043540718144137,1.2453884205071177
ID206057,206057,7,11.048531532287598,114.30170147692276,141.37306670001834,0.0,841.0,841,5.0,1,,148.20618556701032,151.0,76.0,200.0,14376.0,34.591345902410424,0.2654229215622099,1.7973456035177202
ID93418,93418,7,9.47528076171875,109.22946528079703,120.51043471987788,0.0,375.0,375,5.0,1,,134.8659793814433,127.0,76.0,205.0,13082.0,33.86542880344552,0.22366591667462155,1.4558370671097574
ID126189,126189,7,6.9696221351623535,83.29709687652307,136.005313206318,0.0,510.0,510,5.0,1,,108.42268041237114,96.0,64.0,182.0,10517.0,33.1074120136345,0.1480489360137853,0.8446363967372124
ID3309,3309,7,8.693903923034668,120.83775406255455,120.85762630137609,0.0,0.0,0,5.0,1,,127.44329896907216,123.0,71.0,190.0,12362.0,34.69629215065259,0.1946248272345741,1.1968249616127913
ID156911,156911,7,10.064542770385742,94.95048532415997,106.4277617209256,0.0,638.0,638,5.0,1,,135.7319587628866,135.0,72.0,199.0,13166.0,35.87957736881732,0.23635588950301017,1.4463976911965177
ID236782,236782,7,7.998971939086914,137.94877472262291,178.32419310372467,0.0,972.0,972,5.0,1,,118.44329896907216,112.0,60.0,179.0,11489.0,33.9193188169137,0.18346581277149054,1.0826617690514762
ID136434,136434,7,10.371373176574707,110.49901283727631,134.91288697013763,0.0,552.0,552,5.0,1,,140.31958762886597,141.0,86.0,200.0,13611.0,34.524914431390634,0.24940590891996325,1.6226276325030973
ID54514,54514,7,7.774425983428955,134.28183711093575,117.09812828157847,0.0,215.0,215,5.0,1,,115.74226804123711,109.0,52.0,181.0,11227.0,34.38394682070503,0.17220807691101467,0.9890427527619745
ID25843,25843,7,8.244772911071777,126.86337852828753,97.08821894276075,0.0,96.0,96,5.0,1,,119.82474226804123,111.0,53.0,189.0,11623.0,35.23019843037078,0.18221188897630652,1.0484381074251008
ID66804,66804,7,9.273796081542969,127.22532155923038,128.30068945425307,0.0,267.0,267,5.0,1,,132.49484536082474,128.0,73.0,195.0,12852.0,34.684928196354306,0.21223712128104488,1.3375867128663812
ID85236,85236,7,7.7372283935546875,152.54224755629303,110.78776860964848,0.0,340.0,340,5.0,1,,118.24742268041237,116.0,56.0,190.0,11470.0,34.8915077203116,0.16849352274020998,0.9773696386442116
ID54525,54525,7,7.347639083862305,134.2168166914278,111.95985309871953,0.0,213.0,213,5.0,1,,110.8659793814433,99.0,62.0,180.0,10754.0,35.25107234361205,0.15006909420155395,0.8207734300539892
ID81152,81152,7,9.348244667053223,149.91307575489628,129.0580256724697,0.0,322.0,322,5.0,1,,132.48453608247422,129.0,75.0,191.0,12851.0,34.56940886404658,0.21781288448173164,1.3709014431448165
ID158976,158976,7,9.631524085998535,69.3644032146046,111.79709152045804,0.0,649.0,649,5.0,1,,134.44329896907217,132.0,69.0,192.0,13041.0,34.4725038594061,0.2257500993842996,1.4365552725731296
ID197889,197889,7,9.868828773498535,104.31175289070593,143.8488193683111,0.0,809.0,809,5.0,1,,142.5979381443299,141.0,80.0,199.0,13832.0,30.287050242160163,0.24112478708311189,1.8294168363658836
ID107778,107778,7,8.328006744384766,119.79733451278913,138.38152020414785,0.0,433.0,433,5.0,1,,124.65979381443299,123.0,66.0,184.0,12092.0,34.422584216233844,0.18616494237832834,1.1367520469224528
ID56580,56580,7,9.42354679107666,135.2565577737316,121.33009278609417,0.0,222.0,222,5.0,1,,133.01030927835052,125.0,82.0,196.0,12902.0,34.32124428511224,0.21719959003502795,1.3830869332095332
ID97543,97543,7,9.50161075592041,96.85924615735519,135.66094450289458,0.0,390.0,390,5.0,1,,127.30927835051547,122.0,64.0,200.0,12349.0,35.91029356394622,0.22250728852204382,1.2905174489187619
ID150793,150793,7,8.129657745361328,95.55286459040721,115.31735961535497,0.0,611.0,611,5.0,1,,118.77319587628865,116.0,53.0,188.0,11521.0,37.26943149626759,0.17538132167149612,0.9510431537138717
ID177417,177417,7,10.337489128112793,95.6441344677643,112.5180205128295,0.0,724.0,724,5.0,1,,144.72164948453607,146.0,81.0,198.0,14038.0,33.74312963035378,0.2490990790585932,1.7106193206397877
ID173327,173327,7,9.957802772521973,99.37446109732548,113.97748179884722,0.0,704.0,704,5.0,1,,138.5979381443299,138.0,88.0,203.0,13444.0,32.927527678794846,0.24138475174403232,1.63693361603372
ID9488,9488,7,8.912445068359375,118.74202975189706,94.41646238496078,0.0,35.0,35,5.0,1,,122.96907216494846,120.0,58.0,192.0,11928.0,39.502492961480556,0.1901297573764535,0.994619952863449
ID120081,120081,7,10.188371658325195,72.05395816671019,139.53631998821183,0.0,486.0,486,5.0,1,,136.98969072164948,133.0,69.0,203.0,13288.0,35.175599629265044,0.2474504075634815,1.5450454363159611
ID132370,132370,7,9.944412231445312,89.08139731308982,142.38896930888433,0.0,534.0,534,5.0,1,,140.340206185567,138.0,80.0,197.0,13613.0,33.6052099748989,0.23294762222357027,1.5780441405555967
ID15636,15636,7,8.989551544189453,105.73711458338298,85.97348261098492,0.0,54.0,54,5.0,1,,127.29896907216495,123.0,59.0,182.0,12348.0,34.4967283921164,0.21292881163351143,1.295615368280511
ID77078,77078,7,6.677699565887451,150.50688806824195,136.08458374964388,0.0,308.0,308,5.0,1,,109.26804123711341,103.0,49.0,175.0,10599.0,34.75944579772451,0.1343764713681493,0.7447599818718263
ID202014,202014,7,10.396303176879883,115.67359778607512,147.0839796107386,0.0,826.0,826,5.0,1,,141.43298969072166,140.0,78.0,203.0,13719.0,35.2162684992364,0.2417774745594985,1.5639016591633486
ID48417,48417,7,9.279117584228516,135.43435775666882,114.09036107641,0.0,191.0,191,5.0,1,,131.0721649484536,126.0,76.0,194.0,12714.0,33.730935177852814,0.2191841183949866,1.3971784312891182
ID191776,191776,7,10.431076049804688,107.19439604229753,132.11667559630018,0.0,784.0,784,5.0,1,,142.09278350515464,137.0,95.0,208.0,13783.0,32.55158805465142,0.2504416422099765,1.7485294503993685
ID187681,187681,7,9.732786178588867,105.50399662884034,122.86332271959348,0.0,766.0,766,5.0,1,,139.76288659793815,139.0,78.0,197.0,13557.0,32.994561798081556,0.23458827247226807,1.6097693065795806
ID142628,142628,7,10.548402786254883,107.72225432448005,119.35307897027336,0.0,578.0,578,5.0,1,,138.9278350515464,139.0,68.0,199.0,13476.0,35.807135992320134,0.25773988241929363,1.5901587072925727
ID226603,226603,7,10.265621185302734,106.76671985905026,167.04456305447357,0.0,928.0,928,5.0,1,,133.7422680412371,128.0,74.0,203.0,12973.0,37.47312324367611,0.2385270395359893,1.374709435505409
ID60715,60715,7,9.512768745422363,143.01963046519438,131.7507265011913,0.0,238.0,238,5.0,1,,133.24742268041237,129.0,74.0,194.0,12925.0,34.52536233452007,0.2209214310500492,1.396692171111942
ID23852,23852,7,7.118012428283691,122.49079263837882,101.54843577594909,0.0,88.0,88,5.0,1,,119.51546391752578,115.0,75.0,170.0,11593.0,29.330059027266817,0.17124583343700261,1.1915523151839367
ID30000,30000,7,7.828128337860107,126.19286937741103,106.5600906505452,0.0,114.0,114,5.0,1,,130.4742268041237,124.0,80.0,180.0,12656.0,26.626699000370984,0.19142176944227093,1.5745744277521216
ID216371,216371,7,11.049824714660645,100.64544146011038,158.6626055306056,0.0,886.0,886,5.0,1,,142.84536082474227,141.0,74.0,204.0,13856.0,35.30826750628715,0.2735051719103102,1.737739039268001
ID152883,152883,7,11.378864288330078,100.6494303004017,117.73493511882955,0.0,621.0,621,5.0,1,,137.95876288659792,133.0,69.0,201.0,13382.0,39.61110890209472,0.2765811430361363,1.5091639710653166
ID171312,171312,7,8.681952476501465,102.59580562889268,117.69435601561835,0.0,701.0,701,5.0,1,,130.63917525773195,131.0,64.0,188.0,12672.0,32.96089399039486,0.2026766235277056,1.3358547348666918
ID101682,101682,7,8.394695281982422,99.70402212855412,129.12713270425883,0.0,408.0,408,5.0,1,,121.29896907216495,117.0,56.0,190.0,11766.0,33.5956857809568,0.20079969839946077,1.207524860575342
ID169269,169269,7,10.154426574707031,89.51774926961298,126.95173520462035,0.0,690.0,690,5.0,1,,134.53608247422682,133.0,62.0,204.0,13050.0,38.31450493820577,0.2331431823302366,1.3277452873734426
ID195898,195898,7,9.786295890808105,106.32950375396793,133.51009763868527,0.0,801.0,801,5.0,1,,139.70103092783506,139.0,86.0,195.0,13551.0,31.745460616589735,0.24137775447323107,1.7113595312296668
ID148795,148795,7,9.18362045288086,94.91844626834191,126.21513559371094,0.0,603.0,603,5.0,1,,130.01030927835052,124.0,72.0,200.0,12611.0,35.096442971878936,0.2079776071431827,1.2755643641946255
ID220474,220474,7,8.138144493103027,111.97456935545462,154.19893651915424,0.0,903.0,903,5.0,1,,130.75257731958763,128.0,76.0,177.0,12683.0,27.829851676390536,0.19558080503860967,1.537151445146365
ID161081,161081,7,9.96458911895752,73.30069796168928,107.2231288610844,0.0,655.0,655,5.0,1,,140.23711340206185,138.0,78.0,192.0,13603.0,32.31736285003397,0.2416401989087978,1.6890031708567335
ID228671,228671,7,10.946682929992676,117.16992362802814,156.98269936759192,0.0,938.0,938,5.0,1,,145.84536082474227,142.0,86.0,196.0,14147.0,33.06317822435606,0.26833253269353513,1.866457968673857
ID224573,224573,7,10.295196533203125,101.26038856321557,164.36276965600342,0.0,921.0,921,5.0,1,,139.51546391752578,138.0,81.0,190.0,13533.0,34.200728976777015,0.25008539343192665,1.632170884564577
ID212284,212284,7,10.82958984375,120.28401046078444,152.0708651953157,0.0,869.0,869,5.0,1,,146.60824742268042,142.0,86.0,202.0,14221.0,32.860677076684595,0.2620169208099472,1.8525760743466813
ID171328,171328,7,9.35128116607666,109.08307523049302,118.50637276093377,0.0,699.0,699,5.0,1,,129.95876288659792,123.0,71.0,194.0,12606.0,35.48295292747784,0.217626200382003,1.3092211248106067
ID21827,21827,7,8.491057395935059,121.66828205507468,94.68754220437316,0.0,80.0,80,5.0,1,,125.50515463917526,120.0,63.0,188.0,12174.0,35.10760948834674,0.19104653983492492,1.1468344872386367
ID70981,70981,7,9.272818565368652,139.03428278636284,136.2730639159413,0.0,279.0,279,5.0,1,,133.70103092783506,129.0,72.0,199.0,12969.0,32.82280868176046,0.21842160106582778,1.4604510546149172
ID165190,165190,7,10.655195236206055,74.58558368145518,117.7848848689289,0.0,673.0,673,5.0,1,,140.2680412371134,139.0,72.0,198.0,13606.0,37.20761443797423,0.2531481566761679,1.5231029230915063
ID38213,38213,7,8.359010696411133,133.76319613087261,95.80404456377782,0.0,149.0,149,5.0,1,,122.69072164948453,116.0,68.0,192.0,11901.0,34.25163038234526,0.1861207419437253,1.1241553775831965
ID13640,13640,7,8.331327438354492,110.6786323138301,90.09257348244894,0.0,49.0,49,5.0,1,,122.04123711340206,119.0,70.0,184.0,11838.0,34.14275103815754,0.18850345808824026,1.133853533395179
ID124235,124235,7,10.03066635131836,69.28575691830196,125.14167126045271,0.0,501.0,501,5.0,1,,130.96907216494844,126.0,74.0,199.0,12704.0,37.267740073310335,0.23597689063237107,1.341914396813213
ID183625,183625,7,9.57955551147461,104.53198500399452,126.52935489211272,0.0,750.0,750,5.0,1,,134.2680412371134,133.0,75.0,199.0,13024.0,35.375225400906615,0.2267599498039624,1.4031696945997665
ID208200,208200,7,10.852818489074707,111.7123533737339,141.18455214470208,0.0,852.0,852,5.0,1,,140.93814432989691,137.0,70.0,199.0,13671.0,37.7786355058952,0.25619120648875165,1.5216709397461676
ID144719,144719,7,9.014138221740723,104.48370369587549,129.2638338642547,0.0,585.0,585,5.0,1,,129.93814432989691,130.0,61.0,191.0,12604.0,35.00083761884306,0.2089278661811446,1.2831700034153752
ID91471,91471,7,8.09041690826416,120.27984374410104,108.56142597718096,0.0,364.0,364,5.0,1,,126.80412371134021,120.0,73.0,183.0,12300.0,31.109899005802035,0.19001311707517562,1.3016571417107665
ID105810,105810,7,9.480670928955078,109.44934960674028,139.21427256308675,0.0,424.0,424,5.0,1,,128.24742268041237,124.0,71.0,189.0,12440.0,35.2160092997001,0.22948020577876943,1.3594467205136123
ID109910,109910,7,10.869808197021484,104.5009236932344,136.94521826838675,0.0,444.0,444,5.0,1,,143.55670103092783,141.0,79.0,207.0,13925.0,36.549044980730166,0.2564892574360266,1.6035696655767202
ID114008,114008,7,9.695623397827148,94.91129197274988,138.10353980489185,0.0,457.0,457,5.0,1,,130.90721649484536,124.0,63.0,196.0,12698.0,36.77552471703237,0.22051356724336613,1.2862559881027904
ID64860,64860,7,8.337541580200195,130.00368268675803,133.90512691250822,0.0,258.0,258,5.0,1,,124.19587628865979,117.0,71.0,188.0,12047.0,33.02229019139248,0.19106101806588652,1.206613163080646
ID138591,138591,7,9.19644546508789,105.95639303088262,128.4038157615713,0.0,561.0,561,5.0,1,,132.8041237113402,126.0,76.0,201.0,12882.0,33.68964949087286,0.21120296859758,1.3747640133133057
ID179554,179554,7,10.833311080932617,92.33592523771648,114.62179171557875,0.0,733.0,733,5.0,1,,143.55670103092783,138.0,91.0,204.0,13925.0,33.48350622326515,0.26948695126682504,1.8202541773643601
ID230755,230755,7,10.331791877746582,122.50498330055291,162.72905099301377,0.0,947.0,947,5.0,1,,139.10309278350516,137.0,77.0,202.0,13493.0,34.980198129347194,0.2530624648931036,1.6061996598185795
ID118119,118119,7,10.409663200378418,78.37821103119094,130.2203046124758,0.0,476.0,476,5.0,1,,135.36082474226805,134.0,74.0,200.0,13130.0,36.11185907675456,0.25843442423470814,1.5395468632884968
ID7533,7533,7,8.436090469360352,125.29368398446817,111.76720501965531,0.0,19.0,19,5.0,1,,125.79381443298969,118.0,72.0,185.0,12202.0,32.76778720034163,0.19759494848358558,1.2667999852917953
ID134509,134509,7,9.303009033203125,97.05684090422976,127.19778024414025,0.0,542.0,542,5.0,1,,124.96907216494846,119.0,64.0,197.0,12122.0,38.373290843656115,0.20933347354824058,1.12744691250539
ID154992,154992,7,9.131391525268555,100.424728980956,108.50242640164115,0.0,630.0,630,5.0,1,,131.8659793814433,130.0,69.0,192.0,12791.0,34.17894968214457,0.21226785413693158,1.3511068258890586
ID42357,42357,7,9.137105941772461,134.65495048964235,106.3777524774043,0.0,163.0,163,5.0,1,,127.75257731958763,124.0,58.0,195.0,12392.0,38.60403447391517,0.19784053299939117,1.0931587614795117
ID130425,130425,7,10.02364730834961,74.04553508309154,135.76055889332196,0.0,526.0,526,5.0,1,,128.06185567010309,127.0,63.0,188.0,12422.0,36.66822376418878,0.24698764154390515,1.383480324656696
ID122234,122234,7,9.18776798248291,71.03341339078344,129.2853961220628,0.0,491.0,491,5.0,1,,134.28865979381445,133.0,77.0,189.0,13026.0,32.54002623785263,0.2163835932704904,1.4682675857337175
ID75132,75132,7,8.27524471282959,149.31349800894262,135.2202752677387,0.0,301.0,301,5.0,1,,130.09278350515464,126.0,83.0,175.0,12619.0,28.66403178572509,0.20244685482728322,1.5282382604018145
ID95615,95615,7,9.281882286071777,97.5644632261129,130.91204131650238,0.0,383.0,383,5.0,1,,131.1340206185567,130.0,64.0,189.0,12720.0,35.94284492600121,0.21695959657440947,1.3008751823395752
ID52607,52607,7,8.868372917175293,130.87080449913614,113.9944386774649,0.0,207.0,207,5.0,1,,122.6082474226804,116.0,58.0,188.0,11893.0,35.98163788107499,0.202767404580844,1.1489079747535782
ID46464,46464,7,9.787859916687012,131.11732305695003,117.77027437634479,0.0,180.0,180,5.0,1,,135.03092783505156,132.0,76.0,195.0,13098.0,34.30848218985825,0.23120221010481445,1.4781698407788584
ID83329,83329,7,9.152558326721191,145.2242494115125,110.25879823032734,0.0,332.0,332,5.0,1,,132.5979381443299,131.0,70.0,189.0,12862.0,33.945010615766016,0.21223617852319235,1.3678012424896382
ID189826,189826,7,10.020488739013672,117.35772162487731,128.76003090926758,0.0,776.0,776,5.0,1,,139.6701030927835,137.0,88.0,196.0,13548.0,31.91385594112575,0.24839397777768613,1.741580552237617
ID19843,19843,7,8.751249313354492,114.13114366232568,93.57344256342584,0.0,72.0,72,5.0,1,,128.340206185567,121.0,76.0,185.0,12449.0,33.71383451132553,0.2007565164970623,1.2729146260957716
ID28042,28042,7,8.537421226501465,125.91132544718462,95.90168779321878,0.0,104.0,104,5.0,1,,123.42268041237114,114.0,69.0,185.0,11972.0,35.085560613646784,0.1895888507374644,1.121275823218014
ID204168,204168,7,10.814455032348633,126.1424545785164,143.88723225359493,0.0,835.0,835,5.0,1,,143.77319587628867,141.0,88.0,200.0,13946.0,34.53938125369817,0.2625896558620205,1.7314452214211031
ID175502,175502,7,10.590085983276367,95.80027488669316,113.55445819130759,0.0,715.0,715,5.0,1,,141.340206185567,143.0,71.0,202.0,13710.0,35.767736450471375,0.25481383707617183,1.604899966227284
ID69004,69004,7,9.552812576293945,127.859860804412,123.02367632992829,0.0,272.0,272,5.0,1,,130.75257731958763,125.0,74.0,187.0,12683.0,36.54450224493279,0.2185936557228884,1.2836210881488326
ID185740,185740,7,9.670480728149414,104.13978987110558,123.26788298575494,0.0,761.0,761,5.0,1,,132.8041237113402,124.0,67.0,201.0,12882.0,36.77256653382432,0.2179173095284418,1.2923839004100393
ID58768,58768,7,9.986618041992188,141.46651390196743,121.07153691797625,0.0,230.0,230,5.0,1,,134.0,130.0,80.0,207.0,12998.0,36.86405204712761,0.23184577916509447,1.3682787351476984
ID128402,128402,7,9.600021362304688,73.45970630489813,134.78508819669398,0.0,518.0,518,5.0,1,,128.55670103092783,122.0,71.0,198.0,12470.0,35.50145803113964,0.23119249899333516,1.3599605285392524
ID200087,200087,7,10.101314544677734,106.30964105565502,146.34679576516646,0.0,818.0,818,5.0,1,,141.55670103092783,141.0,81.0,201.0,13731.0,33.429642868818824,0.2419247141940863,1.6497329878584492
ID146837,146837,7,9.84111499786377,83.96091961385639,130.83911194832888,0.0,596.0,596,5.0,1,,133.96907216494844,131.0,75.0,194.0,12995.0,36.40182390355123,0.23070214294889543,1.3797807215537814
ID79256,79256,7,9.21312427520752,149.36482324399043,126.7512689645468,0.0,315.0,315,5.0,1,,131.97938144329896,126.0,75.0,196.0,12802.0,34.10949873246554,0.2159926394036102,1.374575986265757
ID103835,103835,7,8.708962440490723,105.2283721205565,130.4328513945334,0.0,416.0,416,5.0,1,,126.02061855670104,120.0,67.0,184.0,12224.0,32.08386776008677,0.21569440205285587,1.39379641149007
ID218521,218521,7,9.95228099822998,101.60012015736493,150.19916160692503,0.0,895.0,895,5.0,1,,142.90721649484536,140.0,81.0,194.0,13862.0,31.94398824316909,0.2399330138669973,1.7313577066575394
ID99738,99738,7,10.34835147857666,95.78358867540236,136.52020606204675,0.0,398.0,398,5.0,1,,138.20618556701032,136.0,80.0,199.0,13406.0,35.46269699285255,0.24900005996772173,1.553898715302449
ID163230,163230,7,10.449434280395508,75.12884200608175,106.66900459051982,0.0,665.0,665,5.0,1,,144.2164948453608,143.0,91.0,196.0,13989.0,32.4307681852575,0.255379867689686,1.80925255097455
ID5534,5534,7,7.484841346740723,121.86395507388497,113.59899061325598,0.0,17.0,17,5.0,1,,119.02061855670104,109.0,72.0,184.0,11545.0,31.893043710398697,0.16559972785620086,1.0603919251633207
ID87454,87454,7,9.363483428955078,145.17102215441975,104.96382725550681,0.0,346.0,346,5.0,1,,132.36082474226805,126.0,75.0,191.0,12839.0,34.00526477835525,0.21990073034106225,1.403283697642774
ID232870,232870,7,9.05179214477539,122.03016586886272,187.35897393639377,0.0,957.0,957,5.0,1,,132.44329896907217,131.0,81.0,187.0,12847.0,28.96584521472549,0.22932531634722508,1.7059211584022067
ID32167,32167,7,8.936858177185059,128.42084979349224,112.34538087668632,0.0,122.0,122,5.0,1,,125.9381443298969,121.0,62.0,195.0,12216.0,37.832364460700646,0.19808205166676882,1.1007339563392093
ID148901,148901,7,8.144295692443848,88.96871808775927,126.28424527620244,0.0,605.0,605,5.0,1,,118.91752577319588,114.0,65.0,197.0,11535.0,35.852321549393416,0.17376095353412013,0.9820443705663177
ID62888,62888,7,8.702651977539062,140.6971406628869,134.19767071706184,0.0,248.0,248,5.0,1,,126.63917525773196,122.0,59.0,185.0,12284.0,34.74346028601711,0.1980345187418518,1.2050264093838752
ID214447,214447,7,11.502583503723145,110.11062521237177,150.28488885963466,0.0,878.0,878,5.0,1,,145.90721649484536,139.0,83.0,207.0,14153.0,36.84513832533484,0.27336238149735576,1.7002520634294649
ID140723,140723,7,9.294249534606934,108.68175398033426,121.12787835997185,0.0,572.0,572,5.0,1,,136.81443298969072,138.0,70.0,192.0,13271.0,31.808780855589237,0.22214236784697464,1.5635957569872152
ID17846,17846,7,6.676290512084961,115.25212678140409,89.60438412414275,0.0,64.0,64,5.0,1,,111.81443298969072,104.0,67.0,180.0,10846.0,30.38582793867728,0.14801701688675015,0.9488992619946939
ID193972,193972,7,10.407798767089844,108.21583815166701,136.26937466248262,0.0,793.0,793,5.0,1,,144.55670103092783,144.0,81.0,199.0,14022.0,32.67292746301495,0.2512862416471085,1.7770195964207542
ID210356,210356,7,10.854683876037598,110.44887541271956,150.696653267202,0.0,860.0,860,5.0,1,,139.90721649484536,132.0,90.0,213.0,13571.0,35.33944988554658,0.2706094266825227,1.6863245990537512
ID11705,11705,7,8.284847259521484,115.38731532484901,90.92245286991907,0.0,38.0,38,5.0,1,,120.68041237113403,114.0,70.0,201.0,11706.0,35.37729568279886,0.18019791551065478,1.0416865803594195
ID36282,36282,7,8.599853515625,131.6049182080648,101.45536565231339,0.0,138.0,138,5.0,1,,122.79381443298969,121.0,60.0,195.0,11911.0,37.138798822887,0.18869046233707232,1.0496869628542804
ID50619,50619,7,9.679827690124512,128.3977022828136,102.00630642781172,0.0,197.0,197,5.0,1,,130.41237113402062,126.0,76.0,198.0,12650.0,37.47659063149722,0.2198171533593905,1.254167537143141
ID234943,234943,7,10.353156089782715,122.28227177974372,182.0734816048893,0.0,966.0,966,5.0,1,,137.1237113402062,136.0,82.0,191.0,13301.0,33.92032875355339,0.2568721876408163,1.6523744472453858
ID222654,222654,7,10.145902633666992,97.89317327564278,162.91835168964963,0.0,912.0,912,5.0,1,,140.90721649484536,138.0,79.0,199.0,13668.0,32.2748878368264,0.24562698697966168,1.7218152974001883
ID89537,89537,7,9.751433372497559,132.7821372312209,109.28484244160799,0.0,358.0,358,5.0,1,,133.35051546391753,130.0,61.0,192.0,12935.0,37.43328544366002,0.22204092870147096,1.294535701176311
ID73157,73157,7,9.371277809143066,145.89539574802663,125.77250589960853,0.0,290.0,290,5.0,1,,133.8556701030928,129.0,76.0,199.0,12984.0,33.45145415708214,0.2205687058164913,1.4462168949552818
ID116165,116165,7,10.614935874938965,81.94701638437856,130.24620951089105,0.0,468.0,468,5.0,1,,134.09278350515464,130.0,64.0,202.0,13007.0,38.75082861324462,0.2516351996323236,1.3913872890036187
ID112075,112075,7,10.930736541748047,91.62153997227695,134.98909484090663,0.0,452.0,452,5.0,1,,140.35051546391753,135.0,67.0,207.0,13614.0,37.880580237194465,0.25603916954910094,1.510534371192357
ID181704,181704,7,10.478189468383789,102.24307923391235,108.66441770154658,0.0,742.0,742,5.0,1,,140.31958762886597,139.0,88.0,196.0,13611.0,33.87493738977995,0.25484656910088055,1.6825111765487624
ID40397,40397,7,8.25344467163086,131.08742990248192,103.67695747878925,0.0,155.0,155,5.0,1,,126.94845360824742,119.0,73.0,179.0,12314.0,30.380013692537453,0.1971173291438575,1.3761238881120286
ID157136,157136,7,10.473409652709961,88.5780765945614,106.75248321892333,0.0,640.0,640,5.0,1,,132.95876288659792,131.0,75.0,202.0,12897.0,38.81068300249655,0.24887777376909206,1.365406142755626
ID167377,167377,7,9.58159351348877,84.19494438962404,130.2875207842961,0.0,682.0,682,5.0,1,,130.05154639175257,121.0,61.0,200.0,12615.0,38.148932688767275,0.21226833541424775,1.1938494866095057
ID44502,44502,7,9.01215934753418,125.74919651899506,116.58282287052575,0.0,173.0,173,5.0,1,,129.01030927835052,126.0,67.0,196.0,12514.0,34.91880309057501,0.21081794562000072,1.2865414735522183
ID206293,206293,7,8.004355430603027,116.18587931245582,143.6751846671975,0.0,844.0,844,5.0,1,,138.42268041237114,140.0,87.0,187.0,13427.0,26.051165621533134,0.20249954594266564,1.7895721935707127
ID136667,136667,7,9.549116134643555,104.67273351309655,129.273415020657,0.0,554.0,554,5.0,1,,134.1340206185567,134.0,64.0,197.0,13011.0,36.16905585406635,0.22251208769402456,1.3499951634433778
ID93658,93658,7,9.885014533996582,107.20463062369603,116.06051360600861,0.0,374.0,374,5.0,1,,135.1340206185567,130.0,80.0,197.0,13108.0,34.89825355765773,0.23406032694513382,1.468866807489577
ID85471,85471,7,7.873250484466553,144.82135166774947,110.77870400192127,0.0,342.0,342,5.0,1,,119.91752577319588,116.0,62.0,176.0,11632.0,32.841687844584044,0.18165117444878565,1.1226286080357288
ID81380,81380,7,9.902562141418457,147.6483000089817,121.95341712120735,0.0,324.0,324,5.0,1,,136.94845360824743,134.0,70.0,198.0,13284.0,36.43069079716665,0.2293030381821252,1.4023957145769255
ID159207,159207,7,10.181002616882324,72.85743115264208,108.91421614463528,0.0,647.0,647,5.0,1,,136.06185567010309,136.0,73.0,193.0,13198.0,36.415087999627545,0.24419408584080335,1.4666687224818045
ID67048,67048,7,9.350276947021484,129.23340322842728,130.1636062005004,0.0,268.0,268,5.0,1,,133.7422680412371,130.0,74.0,192.0,12973.0,33.035737703822186,0.22237094180985756,1.4729557101238393
ID151017,151017,7,10.147863388061523,100.17700043830237,116.47672100895839,0.0,613.0,613,5.0,1,,139.63917525773195,139.0,81.0,195.0,13545.0,33.90218330205369,0.24646069387225328,1.628840960417603
ID120305,120305,7,9.792140007019043,74.06787059304924,133.73452340723236,0.0,483.0,483,5.0,1,,137.27835051546393,134.0,83.0,188.0,13316.0,30.522103421141527,0.2442581826105906,1.765859736364224
ID177648,177648,7,10.79806137084961,93.76203202568571,114.99064329056311,0.0,727.0,727,5.0,1,,141.94845360824743,141.0,81.0,207.0,13769.0,36.102103797776515,0.25169266860498946,1.5812517084740048
ID198129,198129,7,9.555583000183105,105.51919355902514,147.63558669093646,0.0,810.0,810,5.0,1,,140.4536082474227,141.0,83.0,200.0,13624.0,31.654061291087615,0.2299042093163282,1.65885754481245
ID97785,97785,7,9.951202392578125,94.81772118213455,135.10013099416864,0.0,392.0,392,5.0,1,,130.81443298969072,124.0,68.0,201.0,12689.0,35.890263854127625,0.2397878837980036,1.4099017669023626
ID108025,108025,7,8.807861328125,113.69158666560246,138.87746302005098,0.0,437.0,437,5.0,1,,130.09278350515464,129.0,56.0,187.0,12619.0,33.02716132033943,0.20953849196634433,1.3647593370665587
ID132604,132604,7,9.89704704284668,87.41014015408878,136.80253797239263,0.0,536.0,536,5.0,1,,138.0721649484536,133.0,87.0,196.0,13393.0,33.51810686737108,0.2365289847545846,1.5759292479574516
ID56831,56831,7,9.073283195495605,137.92982400993037,124.9817210215826,0.0,223.0,223,5.0,1,,129.02061855670104,124.0,69.0,196.0,12515.0,35.38301716615005,0.2041304947999034,1.2363134254013
ID3584,3584,7,8.362395286560059,122.08981962970337,120.64458160908909,0.0,1.0,1,5.0,1,,125.4639175257732,120.0,73.0,188.0,12170.0,31.217336881821407,0.19949101179793463,1.3368396670150609
ID173571,173571,7,10.582136154174805,88.77080294799977,117.59487277509899,0.0,707.0,707,5.0,1,,139.7319587628866,141.0,64.0,201.0,13554.0,36.28375309737976,0.2559088242925929,1.569425444419173
ID142854,142854,7,10.356735229492188,107.48635137360235,116.9951463272902,0.0,577.0,577,5.0,1,,138.61855670103094,135.0,81.0,197.0,13446.0,34.778897846182375,0.2488415771774459,1.5883680751962914
ID15879,15879,7,8.27182388305664,106.10468824352775,89.71338511585655,0.0,56.0,56,5.0,1,,122.73195876288659,115.0,73.0,183.0,11905.0,33.2410750753484,0.19046912775955996,1.18146008966271
ID77320,77320,7,8.898432731628418,146.62297940175284,136.2291190389547,0.0,306.0,306,5.0,1,,128.24742268041237,124.0,64.0,187.0,12440.0,33.77839266449136,0.21064184803429387,1.321200216322068
ID226831,226831,7,11.154437065124512,109.13199875954717,168.1391969341553,0.0,930.0,930,5.0,1,,144.10309278350516,138.0,84.0,202.0,13978.0,36.491575664825966,0.26332559036742675,1.646222201776307
ID202253,202253,7,10.449864387512207,118.06847490898528,144.64358202551523,0.0,827.0,827,5.0,1,,145.9278350515464,141.0,95.0,201.0,14155.0,31.08799588221326,0.259261164891432,1.9328451740795374
ID187917,187917,7,10.45863151550293,110.69696306012752,120.39783947146373,0.0,768.0,768,5.0,1,,142.2164948453608,145.0,70.0,198.0,13795.0,36.03534919703953,0.24835031848961853,1.5702885941531055
ID26128,26128,7,7.776884078979492,127.01284008514403,101.78721521470099,0.0,99.0,99,5.0,1,,117.69072164948453,110.0,63.0,184.0,11416.0,34.48470700444083,0.16732225069159204,0.9783823625883287
ID48656,48656,7,9.085269927978516,134.02713169737075,108.61749013794632,0.0,193.0,193,5.0,1,,134.1237113402062,130.0,74.0,187.0,13010.0,32.22552615679803,0.21423709606674013,1.4686784318281516
ID153107,153107,7,9.738571166992188,103.4068913459785,117.27895221910579,0.0,625.0,625,5.0,1,,131.9278350515464,131.0,69.0,198.0,12797.0,36.48494193461884,0.22856488330034988,1.3454395213429922
ID192022,192022,7,10.257792472839355,108.99879895062043,133.17894072771958,0.0,785.0,785,5.0,1,,141.8762886597938,139.0,81.0,194.0,13762.0,32.70966273263107,0.24747184431867852,1.7209125090769035
ID9754,9754,7,8.247268676757812,124.29580793707748,100.69882044350292,0.0,32.0,32,5.0,1,,120.43298969072166,114.0,62.0,187.0,11682.0,34.70257771900587,0.18712017067542722,1.0940562423834124
ID30234,30234,7,8.363226890563965,126.2428418550157,105.88937554549244,0.0,112.0,112,5.0,1,,125.38144329896907,122.0,68.0,187.0,12162.0,32.27758616638677,0.19363757746301444,1.260315766859262
ID101914,101914,7,9.74600601196289,96.77796301367334,128.85148064279008,0.0,406.0,406,5.0,1,,132.5257731958763,132.0,72.0,193.0,12855.0,34.60945583203657,0.2387766274463271,1.4761632277502028
ID60958,60958,7,9.905162811279297,140.90580192320422,133.44974038031137,0.0,240.0,240,5.0,1,,132.88659793814432,133.0,68.0,194.0,12890.0,37.64108910947024,0.22833907082349794,1.3125352061646964
ID224803,224803,7,11.214811325073242,101.61156133136916,163.85631070582752,0.0,920.0,920,5.0,1,,144.71134020618555,144.0,80.0,207.0,14037.0,36.765857905944976,0.2669792311130166,1.6588069225853441
ID34338,34338,7,6.933577060699463,144.35981518626087,112.29822687171657,0.0,131.0,131,5.0,1,,113.34020618556701,107.0,64.0,166.0,10994.0,30.853108500177267,0.1563307356636616,0.9932929881164051
ID24100,24100,7,8.432987213134766,118.61110084810439,97.63398200039751,0.0,89.0,89,5.0,1,,125.61855670103093,123.0,58.0,193.0,12185.0,34.578546847168916,0.19080728775897965,1.1642078708642851
ID87593,87593,7,9.469942092895508,137.82289450325717,111.51338208248175,0.0,350.0,350,5.0,1,,134.62886597938143,133.0,64.0,196.0,13059.0,34.83512343515188,0.2241160314474812,1.4151457370005351
ID228906,228906,7,10.865166664123535,117.19961675562398,157.9153991027537,0.0,939.0,939,5.0,1,,145.93814432989691,146.0,93.0,198.0,14156.0,32.5473419399181,0.2643215658385286,1.8748146621244266
ID169512,169512,7,9.464611053466797,102.66419250020702,124.50695193895545,0.0,693.0,693,5.0,1,,137.23711340206185,135.0,74.0,192.0,13312.0,33.02485591561941,0.2285741736794419,1.546273865402852
ID212520,212520,7,10.437520027160645,118.87580912258733,151.90840450667636,0.0,871.0,871,5.0,1,,143.35051546391753,141.0,78.0,198.0,13905.0,31.148515627124127,0.25805901116238983,1.888034453769824
ID220712,220712,7,9.116007804870605,105.41463625522897,153.2979163201032,0.0,904.0,904,5.0,1,,132.05154639175257,128.0,52.0,202.0,12809.0,34.837829993061135,0.20724987449435064,1.3014260599359604
ID161327,161327,7,9.531620979309082,75.54223155193634,104.72374198267208,0.0,657.0,657,5.0,1,,130.71134020618555,132.0,67.0,198.0,12679.0,36.6114049747726,0.22199252233670044,1.297169310633624
ID38446,38446,7,8.755390167236328,128.5910338830937,98.62901605260852,0.0,146.0,146,5.0,1,,124.05154639175258,120.0,54.0,192.0,12033.0,37.277777991167376,0.19790028567124945,1.0995321010185597
ID216621,216621,7,10.88911247253418,101.94539068030058,159.7466467672644,0.0,888.0,888,5.0,1,,142.4536082474227,135.0,88.0,205.0,13818.0,33.80582439294446,0.27094251349286597,1.7966486967154471
ID71214,71214,7,9.849398612976074,142.74043477553457,131.72847377952021,0.0,282.0,282,5.0,1,,135.1237113402062,135.0,63.0,193.0,13107.0,36.62685084400706,0.23144351428131213,1.3867318815993155
ID165421,165421,7,10.79625129699707,73.11037203276805,119.80525688475362,0.0,674.0,674,5.0,1,,140.5257731958763,131.0,88.0,206.0,13631.0,35.61603477353551,0.2551354066563158,1.604059833473299
ID144946,144946,7,10.110102653503418,100.2139000094794,126.86622238188018,0.0,588.0,588,5.0,1,,135.9278350515464,131.0,78.0,199.0,13185.0,36.043448151351654,0.23764593059777808,1.4482583045898274
ID208433,208433,7,9.665247917175293,109.6120112001437,140.50761067575561,0.0,853.0,853,5.0,1,,137.29896907216494,137.0,73.0,200.0,13318.0,33.78182602760617,0.23218241921711097,1.5316815284238143
ID183857,183857,7,9.56194019317627,100.03002877915365,127.69462531025219,0.0,749.0,749,5.0,1,,131.93814432989691,126.0,79.0,199.0,12798.0,35.674399794352325,0.2177698483496878,1.3227452907944186
ID196155,196155,7,9.750455856323242,104.8094100965137,135.49205406032786,0.0,802.0,802,5.0,1,,138.05154639175257,138.0,75.0,201.0,13391.0,34.71742211952711,0.22501582988716826,1.4608148416556739
ID22074,22074,7,9.103009223937988,127.24132311767663,90.82630501850089,0.0,81.0,81,5.0,1,,130.93814432989691,127.0,83.0,193.0,12701.0,32.638108615859146,0.21683769726342106,1.4297935220278086
ID124475,124475,7,9.145195007324219,78.63548867977337,128.70433065877648,0.0,504.0,504,5.0,1,,128.48453608247422,118.0,68.0,198.0,12463.0,35.6660183163604,0.21267628747402254,1.2635732207326453
ID114240,114240,7,10.843131065368652,84.93029758031064,129.41294365978942,0.0,463.0,463,5.0,1,,136.7835051546392,138.0,67.0,198.0,13268.0,38.6399584853889,0.2654432375597588,1.485101270100869
ID179782,179782,7,9.968703269958496,92.05001178143496,110.3221761985,0.0,734.0,734,5.0,1,,136.22680412371133,128.0,71.0,202.0,13214.0,35.55439059696635,0.2320981683885681,1.4435297072273157
ID13894,13894,7,8.460807800292969,113.36519292063396,88.2630799261668,0.0,48.0,48,5.0,1,,124.84536082474227,119.0,70.0,195.0,12110.0,34.27564131608432,0.1901124169038442,1.1636953845162463
ID91718,91718,7,8.958719253540039,119.98141753214423,114.33379740196662,0.0,366.0,366,5.0,1,,125.52577319587628,122.0,67.0,187.0,12176.0,36.19423664512106,0.2032248305090839,1.1715301329123045
ID230986,230986,7,10.612142562866211,111.50869085789297,168.4045035983133,0.0,949.0,949,5.0,1,,140.23711340206185,141.0,72.0,207.0,13603.0,37.3340140923451,0.2510845225818518,1.5077230128215295
ID106060,106060,7,8.581040382385254,114.05082193222968,134.62812809714885,0.0,426.0,426,5.0,1,,127.16494845360825,124.0,76.0,179.0,12335.0,30.234045521416174,0.21668948264620705,1.4981635665147321
ID65102,65102,7,8.131206512451172,133.5126541280794,132.65378944676954,0.0,257.0,257,5.0,1,,124.96907216494846,123.0,57.0,189.0,12122.0,33.62490818086825,0.1857632317681425,1.1644831598798584
ID110160,110160,7,9.542673110961914,109.17731035379218,139.86812054042255,0.0,441.0,441,5.0,1,,140.2680412371134,135.0,88.0,192.0,13606.0,30.0872050130663,0.22945893675502316,1.7401946592640116
ID138835,138835,7,9.92641830444336,103.59617358000341,131.06135419063267,0.0,564.0,564,5.0,1,,131.71134020618555,128.0,66.0,200.0,12776.0,39.05550504380662,0.22202695622504345,1.2254506473247748
ID118357,118357,7,10.965628623962402,78.51395568085924,133.43475047098283,0.0,478.0,478,5.0,1,,142.8659793814433,139.0,77.0,204.0,13858.0,37.188043796018235,0.2634228798651784,1.6019916221488009
ID7773,7773,7,8.459259033203125,125.25498517177597,104.33747616364792,0.0,27.0,27,5.0,1,,123.95876288659794,118.0,63.0,186.0,12024.0,33.96901698784166,0.19409723695446712,1.1863256196029355
ID155231,155231,7,9.87675666809082,103.72856491974306,106.24756216157851,0.0,631.0,631,5.0,1,,135.0,135.0,73.0,194.0,13095.0,36.511984333914256,0.2291280936284419,1.3785087409091517
ID134757,134757,7,10.894644737243652,100.65927622868874,130.384606586643,0.0,545.0,545,5.0,1,,139.3298969072165,141.0,66.0,204.0,13515.0,40.46699314706074,0.2511150561815606,1.3821299490331826
ID54888,54888,7,6.5117669105529785,135.89143076726523,111.89472076593836,0.0,214.0,214,5.0,1,,103.58762886597938,94.0,48.0,173.0,10048.0,34.55814923710698,0.12313997917101999,0.6572833047792784
ID190058,190058,7,9.584864616394043,117.45205099891203,128.62629677358473,0.0,777.0,777,5.0,1,,136.659793814433,129.0,81.0,195.0,13256.0,32.95827115394623,0.23262318701040283,1.5650528319444847
ID204395,204395,7,10.975441932678223,125.61900712694401,142.57683198477588,0.0,836.0,836,5.0,1,,142.90721649484536,141.0,66.0,204.0,13862.0,37.30563029284443,0.266042417861379,1.6099500557424529
ID46698,46698,7,9.023064613342285,131.53436854547965,119.1448454935385,0.0,182.0,182,5.0,1,,126.77319587628865,124.0,61.0,200.0,12297.0,37.338403251723506,0.19938880446565063,1.1288662041536242
ID95850,95850,7,10.022969245910645,93.03047584431596,131.57219898242553,0.0,385.0,385,5.0,1,,137.79381443298968,135.0,80.0,195.0,13366.0,34.58140701793676,0.23893387205918232,1.5369036898169846
ID122477,122477,7,9.787802696228027,67.76363932964746,124.08995323868274,0.0,495.0,495,5.0,1,,136.16494845360825,132.0,81.0,202.0,13208.0,32.419991393033996,0.2360559142743705,1.6042025244606537
ID130669,130669,7,10.136956214904785,76.42462202364011,137.6206458750355,0.0,528.0,528,5.0,1,,135.7319587628866,135.0,81.0,194.0,13166.0,33.02919020348943,0.2587961287383402,1.689727075595866
ID52845,52845,7,9.023744583129883,131.26605075407417,110.8973495915889,0.0,205.0,205,5.0,1,,126.82474226804123,122.0,68.0,195.0,12302.0,35.199730795987136,0.2081116174627368,1.2413204381124732
ID42607,42607,7,9.143445014953613,127.6087588890706,106.3222453687414,0.0,165.0,165,5.0,1,,125.71134020618557,125.0,60.0,201.0,12194.0,38.377771008229985,0.20236455797357658,1.1026127027818102
ID75377,75377,7,8.9200439453125,148.4139318818938,133.99422192422094,0.0,299.0,299,5.0,1,,129.57731958762886,124.0,75.0,195.0,12569.0,32.846180349834945,0.20915354922497864,1.3647650688812627
ID79481,79481,7,8.343405723571777,149.7978037848375,127.66649353875863,0.0,316.0,316,5.0,1,,123.04123711340206,118.0,59.0,192.0,11935.0,36.0655992387983,0.18397978641516655,1.0602623861659155
ID83576,83576,7,8.689815521240234,144.74802534122594,110.51851120515954,0.0,334.0,334,5.0,1,,128.46391752577318,125.0,71.0,193.0,12461.0,33.83047869392028,0.20375977128352393,1.2855282753233377
ID20090,20090,7,8.76253890991211,112.4435448948703,92.49484300535165,0.0,73.0,73,5.0,1,,126.78350515463917,127.0,69.0,194.0,12298.0,34.936915410769224,0.2036555241157368,1.2280107626928358
ID185980,185980,7,9.32614803314209,107.16493399697723,125.3011949131101,0.0,760.0,760,5.0,1,,131.20618556701032,127.0,70.0,194.0,12727.0,34.08290692815886,0.21703213283450815,1.3729972594313615
ID147074,147074,7,9.110750198364258,91.14039260203629,126.8963123584668,0.0,593.0,593,5.0,1,,133.659793814433,126.0,87.0,196.0,12965.0,31.81944066327552,0.2123168111080601,1.4713178250922814
ID175745,175745,7,10.25168228149414,87.11073047783064,106.44814238224762,0.0,720.0,720,5.0,1,,141.8041237113402,144.0,79.0,194.0,13755.0,33.53780179863517,0.24702838994424914,1.6751541952659608
ID69255,69255,7,7.634452819824219,134.48854598930447,130.94680935078404,0.0,274.0,274,5.0,1,,133.08247422680412,130.0,89.0,173.0,12909.0,24.54997882852651,0.1928043078166406,1.75245661247884
ID200325,200325,7,11.127737998962402,107.35366362903179,146.79141361940987,0.0,819.0,819,5.0,1,,145.1237113402062,141.0,81.0,208.0,14077.0,35.74628702512296,0.26547331272533886,1.7033555588737705
ID59018,59018,7,9.030367851257324,141.18473939867965,125.6107526236738,0.0,233.0,233,5.0,1,,129.06185567010309,126.0,75.0,191.0,12519.0,34.25450530982193,0.21253710921371016,1.3208391445672232
ID233102,233102,7,9.9078950881958,120.6027178263302,185.46837885033779,0.0,956.0,956,5.0,1,,133.55670103092783,131.0,61.0,197.0,12955.0,36.257174310795875,0.24027424394922717,1.4272209713535897
ID32399,32399,7,8.978350639343262,127.23911640072257,107.36753413069779,0.0,120.0,120,5.0,1,,130.55670103092783,132.0,68.0,186.0,12664.0,33.48381732026338,0.2116590091994922,1.3622303199157093
ID99984,99984,7,9.440959930419922,97.64314023267421,134.71448418422779,0.0,401.0,401,5.0,1,,130.50515463917526,131.0,65.0,203.0,12659.0,36.66745937912235,0.21525884875353662,1.2608663747725508
ID104082,104082,7,9.439661979675293,105.79253058790998,133.0510851731062,0.0,419.0,419,5.0,1,,127.96907216494846,123.0,72.0,192.0,12413.0,34.99358679584715,0.22750544948696874,1.3555480994884928
ID171665,171665,7,9.448135375976562,109.27246772573992,114.50178798959479,0.0,698.0,698,5.0,1,,132.0721649484536,127.0,76.0,191.0,12811.0,34.65221476287638,0.22273537317961595,1.3885675532464157
ID5780,5780,7,8.172812461853027,122.37357556656737,105.93146526937485,0.0,14.0,14,5.0,1,,122.9278350515464,117.0,74.0,184.0,11924.0,33.02658254556737,0.18592014119864092,1.1670449596217913
ID28308,28308,7,7.91715669631958,128.35046624969468,105.72695713748713,0.0,107.0,107,5.0,1,,119.58762886597938,111.0,71.0,188.0,11600.0,33.662154991832566,0.17652757846040196,1.0660677053317886
ID128662,128662,7,10.461211204528809,66.46278930434218,137.187261773281,0.0,523.0,523,5.0,1,,133.01030927835052,126.0,66.0,219.0,12902.0,40.56360613421449,0.23484573606424836,1.247236221138529
ID140949,140949,7,9.91866683959961,103.55757174202672,122.18986831313535,0.0,570.0,570,5.0,1,,137.56701030927834,139.0,72.0,196.0,13344.0,35.808782447098686,0.23378569713429326,1.4559046950396064
ID163480,163480,7,9.73767375946045,74.58335800216011,107.768091186874,0.0,666.0,666,5.0,1,,138.62886597938143,137.0,83.0,195.0,13447.0,31.809104955587816,0.238241707193547,1.6770444803244353
ID218783,218783,7,10.767621994018555,99.17628746215338,152.34880532677263,0.0,894.0,894,5.0,1,,144.70103092783506,143.0,77.0,207.0,14036.0,35.05684816255996,0.25187486802416725,1.6609351206023597
ID36512,36512,7,7.8070526123046875,130.22330067931256,96.77261090415196,0.0,140.0,140,5.0,1,,124.01030927835052,118.0,68.0,182.0,12029.0,29.219177080786356,0.1862406225995925,1.332666339243614
ID149153,149153,7,8.581063270568848,92.83869437615522,123.25636891209278,0.0,604.0,604,5.0,1,,125.37113402061856,121.0,66.0,189.0,12161.0,34.786946662154776,0.19393731582549018,1.1708225896167106
ID167591,167591,7,10.127243041992188,88.79076305438082,130.94681254680626,0.0,684.0,684,5.0,1,,136.2680412371134,134.0,74.0,198.0,13218.0,36.84186801495841,0.2337816488761462,1.4016980774293106
ID210597,210597,7,9.612903594970703,110.33164573937691,148.63962965768079,0.0,863.0,863,5.0,1,,136.24742268041237,137.0,87.0,191.0,13216.0,32.62604753357707,0.23221134310412966,1.5739540696587258
ID63146,63146,7,8.536191940307617,139.8519207399309,135.76661481202527,0.0,249.0,249,5.0,1,,128.51546391752578,124.0,74.0,187.0,12466.0,31.83686064731083,0.20168370847492378,1.3549890714343338
ID235176,235176,7,9.76948356628418,120.49786947809368,182.52224922112288,0.0,965.0,965,5.0,1,,134.64948453608247,130.0,84.0,197.0,13061.0,34.02512589895683,0.2387499071029935,1.5254378788634353
ID18094,18094,7,6.491424083709717,120.79180160541812,90.43859347631235,0.0,65.0,65,5.0,1,,106.68041237113403,99.0,49.0,166.0,10348.0,34.62915029029992,0.12195247266234448,0.6697134121561464
ID11951,11951,7,7.714827537536621,115.52573341862984,90.89120300322203,0.0,42.0,42,5.0,1,,116.25773195876289,109.0,44.0,185.0,11277.0,36.33389096012709,0.16255406492869046,0.8947971836466574
ID194221,194221,7,10.440648078918457,104.23810459605697,137.10261543767567,0.0,794.0,794,5.0,1,,143.1443298969072,137.0,88.0,196.0,13885.0,33.4959542615229,0.2489746216337046,1.7037789873265992
ID214704,214704,7,10.901668548583984,108.70278794658972,155.91067669560866,0.0,881.0,881,5.0,1,,145.58762886597938,142.0,80.0,203.0,14122.0,33.14512048594018,0.26344829243849754,1.8317777593650817
ID222896,222896,7,10.084186553955078,102.51000879502101,158.06398826142254,0.0,913.0,913,5.0,1,,139.64948453608247,138.0,74.0,196.0,13546.0,34.90046598217846,0.24015519327848792,1.5497229099428078
ID26294,26294,7,9.68341064453125,127.95821168749549,101.34906571573839,0.0,98.0,98,5.0,1,,127.83505154639175,119.0,61.0,195.0,12400.0,39.75148854979393,0.21351370497799152,1.1316382585619733
ID157365,157365,7,9.229348182678223,88.78904067875183,104.53594677778705,0.0,639.0,639,5.0,1,,134.09278350515464,131.0,73.0,187.0,13007.0,32.67296361743745,0.22303156312572514,1.4968405349943354
ID181946,181946,7,10.610929489135742,102.16228447725369,109.94981882780702,0.0,741.0,741,5.0,1,,137.4742268041237,131.0,78.0,200.0,13335.0,37.82142602180705,0.247880062055651,1.4440496721992808
ID50875,50875,7,9.344030380249023,126.80295403886271,104.68904448812917,0.0,200.0,200,5.0,1,,131.94845360824743,128.0,72.0,200.0,12799.0,35.22971376492808,0.2169688601006214,1.3354976481172158
ID89788,89788,7,7.701926231384277,123.68481566070838,109.53115955054449,0.0,363.0,363,5.0,1,,119.21649484536083,115.0,64.0,188.0,11564.0,33.48420859279654,0.17325236938790575,1.0515115524148353
ID73407,73407,7,9.59859848022461,142.3971583064753,131.113059425495,0.0,286.0,286,5.0,1,,132.8041237113402,130.0,68.0,193.0,12882.0,35.685150732732936,0.22319126385085777,1.3581159243382182
ID116415,116415,7,9.242141723632812,75.87904625755486,137.97484027520483,0.0,470.0,470,5.0,1,,125.15463917525773,121.0,59.0,196.0,12140.0,35.762043486013674,0.21888120991994992,1.2569028755932297
ID206524,206524,7,10.741169929504395,112.15650767047653,140.01583958933307,0.0,846.0,846,5.0,1,,148.04123711340208,146.0,86.0,194.0,14360.0,31.86917186122468,0.2639582972059759,1.9401910460294394
ID40642,40642,7,8.945306777954102,132.0553876996898,105.55600712793242,0.0,156.0,156,5.0,1,,126.31958762886597,117.0,72.0,197.0,12253.0,35.13146334121089,0.20495668923893676,1.223193360496429
ID112323,112323,7,10.241571426391602,88.84292790351606,136.15556441779134,0.0,454.0,454,5.0,1,,139.0721649484536,136.0,71.0,194.0,13490.0,35.93780722265214,0.23879911198129664,1.4919369102203048
ID93892,93892,7,8.789262771606445,101.13873628892841,120.07638306269362,0.0,377.0,377,5.0,1,,130.72164948453607,127.0,75.0,189.0,12680.0,31.316842602411125,0.2087902511086168,1.4419785935009424
ID81610,81610,7,8.325210571289062,146.09989677574364,117.32987337275934,0.0,328.0,328,5.0,1,,127.18556701030928,121.0,63.0,183.0,12337.0,31.384155336500086,0.19314939321557673,1.3120666744805323
ID151247,151247,7,9.54300308227539,103.49247598881757,119.07543058044892,0.0,614.0,614,5.0,1,,136.35051546391753,133.0,79.0,196.0,13226.0,31.573670873686236,0.2346930778048975,1.6417346686787508
ID67279,67279,7,8.895756721496582,125.90973341431881,127.08364217294601,0.0,265.0,265,5.0,1,,126.1340206185567,116.0,70.0,197.0,12235.0,35.77202959540555,0.1964311907390772,1.1578208778354722
ID159436,159436,7,10.339823722839355,72.10389867648624,110.81022919662523,0.0,650.0,650,5.0,1,,140.8762886597938,137.0,86.0,198.0,13665.0,33.75625180736858,0.24867515239689794,1.662250998921955
ID136909,136909,7,9.908381462097168,110.50573280256043,133.44182814834048,0.0,553.0,553,5.0,1,,136.18556701030928,134.0,66.0,197.0,13210.0,37.46146072324062,0.22946495763716912,1.3569898172741375
ID85712,85712,7,9.736651420593262,145.69378412889586,104.87699367135896,0.0,345.0,345,5.0,1,,132.2577319587629,126.0,66.0,194.0,12829.0,36.94006360266685,0.2244378880820752,1.3125408884125755
ID44756,44756,7,9.788433074951172,126.38467428692695,119.58846348064003,0.0,174.0,174,5.0,1,,137.6701030927835,135.0,89.0,198.0,13354.0,34.02319112552878,0.23203798902452083,1.5241565691365369
ID126680,126680,7,7.045389175415039,80.07560819621548,133.33384550741388,0.0,511.0,511,5.0,1,,107.54639175257732,103.0,53.0,181.0,10432.0,34.30440345232564,0.1485458700285003,0.8109390344286215
ID120538,120538,7,10.202350616455078,70.27425983970242,139.09457283167302,0.0,487.0,487,5.0,1,,134.28865979381445,127.0,78.0,202.0,13026.0,37.32820614798954,0.2368038795821684,1.3775906602142733
ID177887,177887,7,10.150059700012207,94.74416112018665,110.58386997741762,0.0,725.0,725,5.0,1,,140.22680412371133,138.0,78.0,208.0,13602.0,35.32335899545298,0.23645842431375672,1.518358447975624
ID108259,108259,7,9.741849899291992,117.91351025273056,136.46937838856223,0.0,434.0,434,5.0,1,,131.69072164948454,126.0,67.0,196.0,12774.0,37.18236612314315,0.22388057033574182,1.2957628210122372
ID198375,198375,7,10.925525665283203,112.0835988527394,146.79647379884375,0.0,812.0,812,5.0,1,,144.83505154639175,142.0,86.0,204.0,14049.0,33.79678251832657,0.26731392217551636,1.8078637185771793
ID98023,98023,7,10.296517372131348,97.27551984157576,137.27224931894023,0.0,397.0,397,5.0,1,,135.659793814433,130.0,73.0,197.0,13159.0,35.504661254409655,0.2503459481958753,1.5300518579701587
ID153325,153325,7,10.029858589172363,102.67657400541425,116.47519781757167,0.0,622.0,622,5.0,1,,133.15463917525773,129.0,67.0,199.0,12916.0,37.23079488311882,0.23446059608801412,1.358553113581791
ID202483,202483,7,9.806593894958496,118.50606630742344,146.11779474275903,0.0,828.0,828,5.0,1,,143.48453608247422,144.0,79.0,190.0,13918.0,31.185972207756414,0.23873160013868389,1.773407326743753
ID77552,77552,7,8.578556060791016,148.87800574667563,134.94772623531978,0.0,307.0,307,5.0,1,,125.4639175257732,122.0,69.0,192.0,12170.0,33.16469692298012,0.19635418548449074,1.2418044065093727
ID227057,227057,7,11.290634155273438,111.57910167201754,169.38920811294875,0.0,931.0,931,5.0,1,,144.1958762886598,148.0,68.0,204.0,13987.0,38.338579127095144,0.2716711981527346,1.6069989236923896
ID132849,132849,7,10.722204208374023,88.16230061547469,140.26018018728033,0.0,535.0,535,5.0,1,,143.64948453608247,141.0,78.0,201.0,13934.0,34.54074925514109,0.25457938650347967,1.6878249466099375
ID173814,173814,7,10.667346954345703,87.27128146147338,112.67975369502969,0.0,709.0,709,5.0,1,,142.81443298969072,139.0,86.0,201.0,13853.0,34.368205357843465,0.2588300854166458,1.7088064821157547
ID16119,16119,7,7.859001159667969,111.57147600758503,85.94854785753145,0.0,60.0,60,5.0,1,,118.4639175257732,114.0,53.0,186.0,11491.0,35.011623622160016,0.17400892099292511,1.003006972180902
ID57083,57083,7,8.955196380615234,138.48869899056075,127.25981568046831,0.0,224.0,224,5.0,1,,128.89690721649484,129.0,71.0,191.0,12503.0,35.05694312355806,0.20572940280698415,1.2547146310010746
ID143097,143097,7,10.419498443603516,105.02675657104673,122.44489177350096,0.0,581.0,581,5.0,1,,134.30927835051546,134.0,65.0,201.0,13028.0,39.69135107949167,0.24073478848987487,1.3131067203701816
ID188162,188162,7,9.83426284790039,115.53641326691137,119.94603991487882,0.0,769.0,769,5.0,1,,138.63917525773195,138.0,78.0,193.0,13448.0,33.60251279263771,0.2352304500148403,1.5714108848960469
ID48898,48898,7,8.398033142089844,135.6845225764583,110.6424937344038,0.0,189.0,189,5.0,1,,126.77319587628865,119.0,71.0,195.0,12297.0,33.34525989384871,0.1929245400831602,1.2296961934141337
ID192270,192270,7,10.470341682434082,109.64577286036989,133.0742208421644,0.0,786.0,786,5.0,1,,141.8556701030928,142.0,74.0,199.0,13760.0,36.03210076061855,0.24793593012035267,1.5643513129423183
ID225039,225039,7,9.61935806274414,98.44976970451071,170.58468981653965,0.0,923.0,923,5.0,1,,137.8041237113402,134.0,90.0,193.0,13367.0,31.14905000399214,0.24134286644433053,1.7202442594795473
ID229134,229134,7,10.555037498474121,114.77235582487945,157.2608208345968,0.0,940.0,940,5.0,1,,145.35051546391753,145.0,84.0,196.0,14099.0,32.39503602570198,0.25972922968801754,1.8501703875830509
ID30478,30478,7,9.373839378356934,127.00403360922957,105.15412816644678,0.0,113.0,113,5.0,1,,131.96907216494844,126.0,74.0,204.0,12801.0,34.03229275514392,0.2156419465760298,1.3757468170148022
ID34575,34575,7,7.232289791107178,141.20854085277452,109.50511331469251,0.0,132.0,132,5.0,1,,117.18556701030928,109.0,71.0,177.0,11367.0,32.15208971205812,0.1607091386018519,1.0092809728405798
ID102163,102163,7,10.200399398803711,106.9567706283649,133.97767094717668,0.0,414.0,414,5.0,1,,136.340206185567,134.0,85.0,197.0,13225.0,34.28249267663761,0.2463439656862443,1.572119531773406
ID145174,145174,7,9.713199615478516,101.68509549879347,126.36717264500687,0.0,586.0,586,5.0,1,,132.2164948453608,130.0,70.0,202.0,12825.0,36.266153528497846,0.2237401530859019,1.3331188217216134
ID61205,61205,7,9.553722381591797,143.92377593774575,134.03346039674778,0.0,241.0,241,5.0,1,,129.16494845360825,122.0,67.0,200.0,12529.0,37.449043271149115,0.21221743993195527,1.2076316507927134
ID3863,3863,7,8.756549835205078,122.82185819468161,117.1778681819423,0.0,4.0,4,5.0,1,,128.70103092783506,126.0,71.0,190.0,12484.0,33.156247823893615,0.20498002841995192,1.320621442327471
ID161562,161562,7,10.28850269317627,71.50659469891836,103.31388445231653,0.0,658.0,658,5.0,1,,137.1958762886598,135.0,70.0,206.0,13308.0,38.520189288448066,0.23528268800292604,1.3567700842902557
ID184091,184091,7,9.19478988647461,104.19617254873393,127.38613587847645,0.0,751.0,751,5.0,1,,133.98969072164948,130.0,77.0,190.0,12997.0,32.04407604032843,0.21779403587203292,1.4956355060920452
ID208666,208666,7,10.938934326171875,107.33403061268692,143.99016695517378,0.0,854.0,854,5.0,1,,143.2680412371134,139.0,77.0,210.0,13897.0,35.87348006766207,0.2592961269603405,1.6446518266255448
ID212766,212766,7,10.941054344177246,119.57363993167255,152.45665784604014,0.0,870.0,870,5.0,1,,139.20618556701032,138.0,57.0,201.0,13503.0,40.95041161380686,0.2575072278438786,1.392224240721473
ID216862,216862,7,11.20150375366211,104.20569858844516,159.10692642699144,0.0,887.0,887,5.0,1,,146.08247422680412,142.0,90.0,203.0,14170.0,34.241382767266174,0.2711257510945818,1.8199483729157009
ID169762,169762,7,10.583293914794922,109.22319565110129,122.82574668951996,0.0,695.0,695,5.0,1,,140.48453608247422,138.0,79.0,202.0,13627.0,36.11760691421322,0.25114051536409043,1.5615296805491692
ID220960,220960,7,9.090255737304688,101.91273980849279,157.09520970485858,0.0,905.0,905,5.0,1,,137.93814432989691,136.0,79.0,186.0,13380.0,29.38353224773958,0.21863079395843454,1.6844167699735326
ID38695,38695,7,7.0768890380859375,128.09144968846283,97.82558241431435,0.0,151.0,151,5.0,1,,117.42268041237114,111.0,72.0,170.0,11390.0,28.354098414642216,0.16448772508274867,1.1699430511689477
ID24360,24360,7,8.27227783203125,120.82546806876297,95.34317474430925,0.0,91.0,91,5.0,1,,121.43298969072166,118.0,60.0,191.0,11779.0,36.00286655731237,0.17810660824846153,1.0198235665992148
ID231208,231208,7,10.829594612121582,118.29164346047881,164.4363478913073,0.0,948.0,948,5.0,1,,141.98969072164948,142.0,80.0,208.0,13773.0,37.01899705032112,0.2561469684507063,1.5642671542585282
ID110383,110383,7,8.866586685180664,102.22404010389127,134.56047192557892,0.0,447.0,447,5.0,1,,134.0,127.0,84.0,188.0,12998.0,29.503530862141456,0.21735593220338986,1.621865074124337
ID165676,165676,7,10.649784088134766,75.89320299859394,122.73516144086796,0.0,677.0,677,5.0,1,,141.44329896907217,141.0,82.0,201.0,13720.0,36.244818328557,0.2533079919449289,1.5774569963179212
ID124720,124720,7,10.679750442504883,72.63020514990642,127.50181773958504,0.0,502.0,502,5.0,1,,139.2577319587629,137.0,73.0,208.0,13508.0,37.500077319507916,0.25131270270373035,1.4916458960812844
ID71475,71475,7,9.270633697509766,143.0237772378208,136.54489815328802,0.0,283.0,283,5.0,1,,130.97938144329896,126.0,70.0,197.0,12705.0,34.92133403017037,0.2179800634076213,1.3425136186785331
ID91955,91955,7,9.847674369812012,111.75791411401717,117.6781686262473,0.0,371.0,371,5.0,1,,133.6701030927835,135.0,73.0,195.0,12966.0,35.65421949359702,0.23375207103942613,1.4206297906889216
ID22325,22325,7,8.29421329498291,127.84512435800833,92.17899865551229,0.0,82.0,82,5.0,1,,127.6701030927835,126.0,66.0,179.0,12384.0,30.841233779324195,0.19631601314504643,1.358617708882195
ID114487,114487,7,10.744400978088379,89.93094026606182,133.0647189845543,0.0,460.0,460,5.0,1,,140.44329896907217,134.0,72.0,198.0,13623.0,36.69694840632895,0.24921760603270962,1.527009328696589
ID196404,196404,7,9.703704833984375,102.75420998754345,137.2727702127083,0.0,803.0,803,5.0,1,,137.91752577319588,140.0,81.0,194.0,13378.0,33.45415709815099,0.23075254222393404,1.5458776344043887
ID180027,180027,7,10.70228385925293,92.35534193215992,110.89111601345147,0.0,732.0,732,5.0,1,,141.7319587628866,138.0,81.0,203.0,13748.0,35.13708732234762,0.2592097164298313,1.6606772557055132
ID139064,139064,7,9.983001708984375,106.46827100766497,126.87141220230923,0.0,560.0,560,5.0,1,,138.81443298969072,135.0,89.0,194.0,13465.0,33.09435056801841,0.23903753487627893,1.6184243149393274
ID14141,14141,7,7.720072269439697,113.92840823247884,87.10998501675948,0.0,50.0,50,5.0,1,,123.09278350515464,121.0,72.0,173.0,11940.0,29.21261231408548,0.18535223622289923,1.3177790526189936
ID155455,155455,7,10.17085075378418,100.81571797173643,106.32634615371796,0.0,632.0,632,5.0,1,,139.8659793814433,137.0,71.0,202.0,13567.0,35.25609547356651,0.23450957783573528,1.5072107880177954
ID118591,118591,7,10.924419403076172,77.4955806500222,130.30318710325673,0.0,477.0,477,5.0,1,,140.17525773195877,140.0,72.0,204.0,13597.0,37.28605925512419,0.26956248473579386,1.5964680953092378
ID65347,65347,7,8.856831550598145,135.8914183267149,131.74141086614858,0.0,256.0,256,5.0,1,,125.98969072164948,118.0,66.0,191.0,12221.0,35.789458074667046,0.19700422577034649,1.1587499849455987
ID87876,87876,7,8.896101951599121,137.17631547620653,109.33097322928971,0.0,355.0,355,5.0,1,,131.89690721649484,129.0,71.0,191.0,12794.0,32.951506204851775,0.20555736238003908,1.3650057903001396
ID10056,10056,7,8.840279579162598,113.76866840409639,96.52125069029516,0.0,37.0,37,5.0,1,,123.64948453608247,117.0,56.0,198.0,11994.0,37.00423434022827,0.2015673046083869,1.1210961710537297
ID106313,106313,7,9.061363220214844,119.20233550253967,137.7828564196972,0.0,428.0,428,5.0,1,,131.1958762886598,123.0,80.0,195.0,12726.0,33.32624065434327,0.20952185562948414,1.3638903783557483
ID134985,134985,7,10.318160057067871,100.75007260281104,129.18731564659163,0.0,544.0,544,5.0,1,,136.94845360824743,133.0,68.0,204.0,13284.0,37.126857735231184,0.2430213616626215,1.4423305160589754
ID130903,130903,7,9.95659351348877,74.93687303669292,135.35974268053909,0.0,527.0,527,5.0,1,,125.5979381443299,119.0,56.0,194.0,12183.0,39.424680244374,0.23759446717443372,1.2232135686846437
ID190296,190296,7,9.822391510009766,115.36622240931258,128.0581171432163,0.0,778.0,778,5.0,1,,134.28865979381445,126.0,82.0,201.0,13026.0,34.886410547568104,0.2287385972822489,1.4331544642439669
ID8030,8030,7,9.194056510925293,123.97785192811406,111.50327794301049,0.0,21.0,21,5.0,1,,130.83505154639175,126.0,66.0,191.0,12691.0,33.91431617951921,0.22114368271694299,1.3972650989489503
ID42846,42846,7,8.32991886138916,128.52603301243894,110.48693123187499,0.0,167.0,167,5.0,1,,125.0618556701031,125.0,51.0,187.0,12131.0,35.01571505320555,0.18683550736171323,1.124503339317623
ID204636,204636,7,10.048290252685547,122.598494141264,139.76847645469556,0.0,839.0,839,5.0,1,,142.29896907216494,141.0,85.0,201.0,13803.0,32.59638430500307,0.23989423772579938,1.689263874485851
ID83809,83809,7,8.56224250793457,151.13273790112407,107.46917043095503,0.0,335.0,335,5.0,1,,127.09278350515464,119.0,58.0,187.0,12328.0,34.615772679705685,0.1916296405566919,1.1808595455294175
ID46945,46945,7,8.024476051330566,132.45826990364057,114.97844861416128,0.0,183.0,183,5.0,1,,119.57731958762886,111.0,61.0,194.0,11599.0,34.38441842231085,0.17925652785839202,1.0572649083116514
ID79714,79714,7,8.32121753692627,150.71136781914763,122.97374029407672,0.0,317.0,317,5.0,1,,126.26804123711341,122.0,66.0,191.0,12248.0,35.208165324229576,0.17640687889291465,1.075568327887553
ID55140,55140,7,8.834178924560547,133.00599573203692,118.24224310226694,0.0,216.0,216,5.0,1,,121.95876288659794,111.0,60.0,194.0,11830.0,37.92122248979158,0.1911218510094578,1.0320834824021252
ID96105,96105,7,10.046587944030762,91.16278818981199,137.84360406548387,0.0,388.0,388,5.0,1,,132.91752577319588,125.0,69.0,196.0,12893.0,35.993248818092255,0.2379697551683078,1.4197207329727193
ID147306,147306,7,10.429980278015137,88.06319606628193,131.1204118718085,0.0,595.0,595,5.0,1,,137.11340206185568,132.0,75.0,206.0,13300.0,37.294122718560864,0.24194840673705795,1.4324804998779317
ID186218,186218,7,9.398357391357422,107.59059920605003,125.04956638780187,0.0,759.0,759,5.0,1,,133.37113402061857,131.0,67.0,199.0,12937.0,34.384868155565194,0.22391384810244108,1.4192358765910287
ID75628,75628,7,8.950284957885742,146.46013653677025,133.66289558507054,0.0,300.0,300,5.0,1,,132.22680412371133,130.0,76.0,190.0,12826.0,32.21849402731785,0.21353063598508046,1.44428768872655
ID122732,122732,7,9.111705780029297,70.70860884631091,129.4854557383766,0.0,497.0,497,5.0,1,,132.0721649484536,132.0,65.0,196.0,12811.0,36.070604208586644,0.21054530896010665,1.2736567335512443
ID20342,20342,7,9.004128456115723,116.9058878653101,92.00446318859747,0.0,76.0,76,5.0,1,,124.76288659793815,118.0,65.0,191.0,12102.0,36.945560512472355,0.1965424501676757,1.1093827411582093
ID53110,53110,7,8.227089881896973,131.82279687833818,106.75839719366044,0.0,209.0,209,5.0,1,,119.98969072164948,116.0,53.0,182.0,11639.0,35.13826702155857,0.18621478031985658,1.0721224959509692
ID200571,200571,7,10.482547760009766,106.25034625735726,144.75674860267017,0.0,820.0,820,5.0,1,,140.76288659793815,138.0,85.0,201.0,13654.0,35.016892707864436,0.2489172617126779,1.6023666631822409
ID100216,100216,7,9.300811767578125,94.80446423204872,130.4632339587313,0.0,402.0,402,5.0,1,,126.91752577319588,123.0,56.0,193.0,12311.0,38.45551274500315,0.2085258199453492,1.1389296270353932
ID59260,59260,7,9.112311363220215,141.14104773475952,125.20094244777461,0.0,232.0,232,5.0,1,,129.61855670103094,126.0,65.0,188.0,12573.0,34.203265956072904,0.2110553106974461,1.3208755635087737
ID32637,32637,7,7.428701400756836,132.86430286665515,115.74365404636534,0.0,124.0,124,5.0,1,,118.0,111.0,59.0,188.0,11446.0,31.94070026366569,0.16478821362799262,1.0453139544806191
ID171900,171900,7,9.828864097595215,100.68518858307759,116.93018471048217,0.0,703.0,703,5.0,1,,135.23711340206185,135.0,56.0,196.0,13118.0,36.339766210687465,0.2345047986147908,1.413847963384187
ID128897,128897,7,10.497371673583984,72.04826819644211,131.33737685824698,0.0,520.0,520,5.0,1,,130.64948453608247,126.0,53.0,195.0,12673.0,41.64408752479993,0.24299845264010045,1.2266404042724526
ID233344,233344,7,10.138718605041504,121.98285409569533,189.8195325028919,0.0,958.0,958,5.0,1,,141.50515463917526,138.0,91.0,194.0,13726.0,29.246838757711703,0.25764878896489574,1.9824034903909906
ID69511,69511,7,10.173627853393555,140.71489535058183,133.12083143038342,0.0,276.0,276,5.0,1,,140.22680412371133,143.0,73.0,194.0,13602.0,34.819027710745296,0.24207750258103422,1.5698209725637646
ID6028,6028,7,8.19073486328125,124.12973306724483,108.41264303620703,0.0,9.0,9,5.0,1,,123.0,121.0,64.0,185.0,11931.0,33.017041054582705,0.1873142795396834,1.1754445659857395
ID219023,219023,7,10.178421974182129,107.04647632392678,147.14846187020598,0.0,897.0,897,5.0,1,,142.24742268041237,142.0,91.0,194.0,13798.0,30.865646669556384,0.2493319814735294,1.8394972907754423
ID210834,210834,7,10.267629623413086,111.43831465866452,153.3043476828963,0.0,862.0,862,5.0,1,,137.57731958762886,133.0,83.0,202.0,13345.0,34.29675490344848,0.24791495729947696,1.5938283559782203
ID141200,141200,7,9.67189884185791,107.02688982651169,120.93263159256217,0.0,571.0,571,5.0,1,,135.72164948453607,131.0,87.0,200.0,13165.0,31.876304636059356,0.2302150998790085,1.593543446461657
ID149393,149393,7,7.487048625946045,91.42993186837217,128.9224261250395,0.0,606.0,606,5.0,1,,115.4639175257732,107.0,57.0,173.0,11200.0,33.865254396305076,0.16750503947466938,0.9783428048646015
ID176017,176017,7,10.764521598815918,93.8080682081333,112.3254208692748,0.0,718.0,718,5.0,1,,143.64948453608247,141.0,74.0,200.0,13934.0,35.29844225703446,0.25859889270077,1.6723140676057457
ID223127,223127,7,10.864933013916016,106.4255532474261,153.80393643230533,0.0,915.0,915,5.0,1,,146.70103092783506,141.0,92.0,204.0,14230.0,34.003726802015635,0.25800989052730405,1.7696563637043163
ID63381,63381,7,8.55333423614502,140.48773975724694,131.4035654361123,0.0,250.0,250,5.0,1,,128.75257731958763,127.0,70.0,185.0,12489.0,32.79037934613185,0.20041316237783557,1.3110974666051982
ID104340,104340,7,9.978090286254883,111.16978056280978,139.0388587384709,0.0,422.0,422,5.0,1,,131.68041237113403,123.0,71.0,194.0,12773.0,37.32306770834241,0.23037165112242222,1.3211939000136759
ID167838,167838,7,9.982708930969238,88.51673836264668,132.45772010427078,0.0,685.0,685,5.0,1,,134.0,134.0,67.0,202.0,12998.0,39.223982884624725,0.22309827495189283,1.2462867042849686
ID157602,157602,7,10.676262855529785,86.73783301366089,108.86204467722375,0.0,642.0,642,5.0,1,,136.1237113402062,132.0,78.0,207.0,13204.0,37.40801432958551,0.25450679646585556,1.4764729239249643
ID194466,194466,7,10.053913116455078,102.46146067018928,140.87902919473643,0.0,795.0,795,5.0,1,,145.81443298969072,144.0,95.0,197.0,14144.0,29.38938651144151,0.2502991673450432,1.9864857385187948
ID214947,214947,7,11.478839874267578,105.92949026194573,152.06408803174057,0.0,879.0,879,5.0,1,,145.7319587628866,140.0,87.0,208.0,14136.0,37.02209797987703,0.2686305567182921,1.6670323065780308
ID206756,206756,7,10.94260025024414,114.00782416976078,138.8872254754565,0.0,847.0,847,5.0,1,,145.18556701030928,144.0,85.0,197.0,14083.0,34.026132695114896,0.26589783047054544,1.7924910158338245
ID12200,12200,7,7.893285274505615,113.8644226434241,89.25630851803949,0.0,43.0,43,5.0,1,,117.6701030927835,113.0,62.0,186.0,11414.0,35.089386349211935,0.1703994859191157,0.9764601276830985
ID112553,112553,7,10.938840866088867,95.0247190426503,133.70104204084396,0.0,451.0,451,5.0,1,,141.7835051546392,137.0,85.0,202.0,13753.0,35.05003174158207,0.267106590782908,1.7054490252331476
ID40873,40873,7,8.018085479736328,135.48610238225095,102.95016760397463,0.0,159.0,159,5.0,1,,120.74226804123711,116.0,72.0,184.0,11712.0,33.507548387924054,0.18059653522184685,1.1024390327697013
ID51115,51115,7,9.274321556091309,129.67565030275495,102.24314860628701,0.0,198.0,198,5.0,1,,129.0,124.0,69.0,203.0,12513.0,37.34718864921428,0.20447339999303213,1.17273907479534
ID90028,90028,7,8.819999694824219,134.90750258193034,107.66700440039183,0.0,356.0,356,5.0,1,,131.4742268041237,132.0,74.0,185.0,12753.0,32.134513112690705,0.2081481505047259,1.4097797235704133
ID18351,18351,7,8.472908020019531,117.73155444161247,91.50761325602346,0.0,67.0,67,5.0,1,,126.6082474226804,124.0,71.0,186.0,12281.0,33.15448583934726,0.19848839275570454,1.2648848133203705
ID159664,159664,7,9.26511001586914,67.1438250261493,111.34065460678538,0.0,648.0,648,5.0,1,,130.90721649484536,126.0,76.0,197.0,12698.0,33.11378189736702,0.21651418224026364,1.4071939939307614
ID73650,73650,7,9.59108829498291,145.3334577921941,129.99713497769423,0.0,293.0,293,5.0,1,,135.8762886597938,134.0,72.0,203.0,13180.0,34.81087525590924,0.22265482216634724,1.4216312745512052
ID94135,94135,7,9.45867919921875,104.55250752739458,120.27045520104082,0.0,376.0,376,5.0,1,,132.1443298969072,133.0,58.0,194.0,12818.0,36.75056396696565,0.21629545519323404,1.2788594904582633
ID182196,182196,7,10.444401741027832,101.33123417179476,108.38292178896381,0.0,744.0,744,5.0,1,,141.62886597938143,137.0,82.0,200.0,13738.0,34.798024245766236,0.2473078573317259,1.6139550818252786
ID151477,151477,7,10.33974552154541,104.75383247517458,119.00067575542252,0.0,616.0,616,5.0,1,,139.03092783505156,139.0,72.0,196.0,13486.0,34.29815763038138,0.24740905997230628,1.607967734432298
ID116667,116667,7,9.303558349609375,80.77552706589297,134.1515586954885,0.0,469.0,469,5.0,1,,131.82474226804123,129.0,77.0,186.0,12787.0,31.934180456734744,0.2297976472141906,1.5427056549094622
ID44990,44990,7,9.587315559387207,127.7752039628511,117.14753892248513,0.0,175.0,175,5.0,1,,133.6701030927835,131.0,71.0,197.0,12966.0,35.42001601304354,0.22292794575444677,1.375875604083807
ID137152,137152,7,10.090571403503418,112.82140795345973,133.85874474493764,0.0,551.0,551,5.0,1,,140.2577319587629,139.0,85.0,197.0,13605.0,32.23361287490237,0.24450494173390835,1.7097745072695365
ID85960,85960,7,9.041095733642578,141.52352131066257,111.97588494993207,0.0,347.0,347,5.0,1,,127.42268041237114,126.0,62.0,197.0,12360.0,35.93739784088273,0.2060431043318235,1.2115054141352584
ID178123,178123,7,10.325248718261719,94.41508375165996,111.71021000186404,0.0,726.0,726,5.0,1,,143.90721649484536,142.0,93.0,204.0,13959.0,32.73571013760138,0.24729711482198313,1.7431707658973365
ID67531,67531,7,8.855830192565918,124.03342559548656,126.96325283741803,0.0,264.0,264,5.0,1,,128.58762886597938,125.0,77.0,191.0,12473.0,33.375625018279806,0.20388446719129194,1.3049657273106532
ID26571,26571,7,9.599663734436035,125.5349742905197,97.54900515852408,0.0,97.0,97,5.0,1,,129.4020618556701,126.0,61.0,197.0,12552.0,38.406992579969085,0.22489727544381974,1.2372156814549364
ID81873,81873,7,9.27126407623291,149.2352503740224,123.5078571228752,0.0,326.0,326,5.0,1,,132.7319587628866,126.0,83.0,192.0,12875.0,34.0589303829644,0.2195787902506507,1.4033145216625413
ID126929,126929,7,7.008182525634766,79.6742217961757,136.57032175764644,0.0,512.0,512,5.0,1,,105.9381443298969,96.0,44.0,180.0,10276.0,35.96781386212705,0.14985944955162678,0.7677285466966175
ID153555,153555,7,9.867414474487305,102.89244534105813,111.43447042727422,0.0,623.0,623,5.0,1,,137.31958762886597,135.0,70.0,190.0,13320.0,33.746464750570716,0.2372246665117432,1.5604342634670014
ID120789,120789,7,9.624082565307617,70.63636749578264,136.3494739730901,0.0,485.0,485,5.0,1,,132.44329896907217,132.0,62.0,186.0,12847.0,35.84340044792209,0.23158601491855532,1.3896273787759645
ID198614,198614,7,10.823094367980957,107.92546495611407,149.85846198994966,0.0,811.0,811,5.0,1,,145.4020618556701,141.0,88.0,202.0,14104.0,32.24149105895178,0.2660345099870227,1.8952996195038199
ID133076,133076,7,10.82476806640625,90.43638405662502,135.4630116785069,0.0,538.0,538,5.0,1,,142.36082474226805,145.0,79.0,206.0,13809.0,37.06840117916311,0.25478157604978013,1.559611837590636
ID163796,163796,7,9.88175106048584,74.63654319231526,110.32308971000518,0.0,669.0,669,5.0,1,,135.5979381443299,132.0,74.0,207.0,13153.0,37.08735740165105,0.22258431486799574,1.3312907957447773
ID77785,77785,7,8.152645111083984,153.3863985723021,131.85409937178983,0.0,310.0,310,5.0,1,,124.10309278350516,116.0,75.0,188.0,12038.0,31.888309161327214,0.1890620637674643,1.237601933748
ID10201,10201,7,7.990571975708008,125.44730497040172,104.699263675433,0.0,30.0,30,5.0,1,,119.0,112.0,67.0,189.0,11543.0,35.09570249095084,0.17826135146118893,1.0259792547492508
ID98266,98266,7,9.940553665161133,95.55605125428065,135.83952198204886,0.0,393.0,393,5.0,1,,130.53608247422682,128.0,64.0,198.0,12662.0,38.36341080586806,0.23521904705050714,1.2959011179536293
ID227294,227294,7,10.98588752746582,115.17691113423284,167.80095096828802,0.0,932.0,932,5.0,1,,146.27835051546393,143.0,92.0,198.0,14189.0,32.80426238439438,0.27118965893029784,1.9025783339473534
ID108510,108510,7,9.880583763122559,119.73727744743113,141.75654456991393,0.0,435.0,435,5.0,1,,132.4742268041237,129.0,68.0,200.0,12850.0,37.214774391223855,0.2269927721154331,1.317091729885701
ID36832,36832,7,9.201976776123047,130.26945724172612,100.57335620905768,0.0,141.0,141,5.0,1,,130.11340206185568,126.0,67.0,193.0,12621.0,35.929582834767395,0.2111898058080339,1.2628756726838344
ID174054,174054,7,10.30919075012207,89.9874214376266,116.36982462135612,0.0,710.0,710,5.0,1,,135.659793814433,130.0,70.0,202.0,13159.0,38.61775460575586,0.23250106767933693,1.3253536461828863
ID16357,16357,7,8.566631317138672,110.1534559530337,87.21428090571243,0.0,59.0,59,5.0,1,,125.18556701030928,118.0,67.0,187.0,12143.0,33.381110519557325,0.19754751672544946,1.2372637701164182
ID202729,202729,7,9.816437721252441,120.68401249401299,149.34308571495725,0.0,830.0,830,5.0,1,,137.61855670103094,138.0,77.0,193.0,13349.0,33.00676802407635,0.23814669008539763,1.603896879112884
ID57328,57328,7,8.46316909790039,139.54327807407603,124.83618274830312,0.0,225.0,225,5.0,1,,124.23711340206185,119.0,60.0,187.0,12051.0,36.29502181081343,0.18777881652704845,1.082294142877785
ID225264,225264,7,10.340179443359375,98.58084999334817,170.47735345295578,0.0,924.0,924,5.0,1,,140.7835051546392,142.0,68.0,199.0,13656.0,35.689408677541536,0.24702512683013098,1.5628177808160355
ID102392,102392,7,9.023489952087402,99.04063841972201,128.416926793695,0.0,410.0,410,5.0,1,,126.38144329896907,121.0,63.0,189.0,12259.0,34.750132883129936,0.21406871912781306,1.282527770844425
ID229370,229370,7,10.47376537322998,120.70353884632337,156.78020235184144,0.0,942.0,942,5.0,1,,140.90721649484536,139.0,72.0,200.0,13668.0,35.51674560278656,0.2483446676470237,1.5785211162015127
ID34810,34810,7,8.29483413696289,140.28688948304986,106.11621391232734,0.0,133.0,133,5.0,1,,124.84536082474227,122.0,75.0,183.0,12110.0,32.063199377097924,0.1907901145649517,1.2477173009288531
ID184318,184318,7,9.46234130859375,102.38796572547962,126.27285152343619,0.0,752.0,752,5.0,1,,134.4536082474227,127.0,84.0,201.0,13042.0,33.0945679765315,0.22355965720434828,1.4846156251345035
ID188414,188414,7,9.992154121398926,116.91323667464746,122.71140218240124,0.0,770.0,770,5.0,1,,137.42268041237114,135.0,78.0,191.0,13330.0,35.07635571493353,0.23624941409098846,1.4974026124004198
ID49149,49149,7,8.43386173248291,134.45132656462454,112.9344300047007,0.0,190.0,190,5.0,1,,122.58762886597938,114.0,69.0,189.0,11891.0,34.17319630003645,0.1944010459856254,1.1677219975188946
ID145404,145404,7,9.82184886932373,97.61181957509122,124.17215774199155,0.0,589.0,589,5.0,1,,131.58762886597938,125.0,66.0,198.0,12764.0,38.47665758215178,0.22086128889613796,1.2373740318796767
ID24578,24578,9,8.928764343261719,176.88710520377856,63.498517689824695,0.0,90.0,90,5.0,1,,125.3298969072165,123.0,53.0,191.0,12157.0,35.54624969947736,0.20699164535278303,1.2093150104034458
ID38914,38914,9,9.272539138793945,145.12296762406754,71.74271189785088,0.0,150.0,150,5.0,1,,131.70103092783506,127.0,84.0,203.0,12775.0,33.14933538438013,0.2181098714681859,1.4227651006608915
ID239617,239617,9,9.790416717529297,185.2215076480408,61.77948999532806,0.0,984.0,984,5.0,1,,134.17525773195877,126.0,83.0,203.0,13015.0,32.71754444906635,0.2388970966534875,1.5816025965794471
ID122882,122882,9,9.357147216796875,165.80189235674627,51.192895047810936,0.0,493.0,493,5.0,1,,127.38144329896907,128.0,57.0,186.0,12356.0,36.22425617449154,0.22222935808937896,1.2787492884132892
ID194564,194564,9,9.296934127807617,148.1215567176067,19.078134651723087,0.0,796.0,796,5.0,1,,135.48453608247422,129.0,83.0,197.0,13142.0,31.250704459413747,0.22305119683136848,1.5813202536777884
ID149509,149509,9,9.310297012329102,149.5772372392729,24.230139105990542,0.0,608.0,608,5.0,1,,127.42268041237114,125.0,58.0,199.0,12360.0,36.88010841778012,0.2111331320311273,1.2046171679429356
ID215044,215044,9,10.024619102478027,183.0066710464369,29.790347387649053,0.0,880.0,880,5.0,1,,139.1340206185567,133.0,85.0,193.0,13496.0,33.239857120249034,0.23964722303383734,1.618372431179322
ID219140,219140,9,8.50698471069336,176.0208477818584,44.39172473476035,0.0,899.0,899,5.0,1,,127.6701030927835,126.0,69.0,179.0,12384.0,32.87752577416567,0.2003450314922612,1.296261299574477
ID237572,237572,9,10.304509162902832,192.15494064946273,56.22109196584973,0.0,977.0,977,5.0,1,,130.43298969072166,125.0,61.0,198.0,12652.0,37.801815216692646,0.25005866442712643,1.3804360820132924
ID55304,55304,9,7.690629959106445,128.10618064727845,53.41005346327555,0.0,217.0,217,5.0,1,,115.83505154639175,111.0,57.0,179.0,11236.0,34.29367058109118,0.16893210290491226,0.9762901832069255
ID22542,22542,9,9.30660629272461,174.53954953183091,68.42053520811525,0.0,83.0,83,5.0,1,,123.8659793814433,121.0,54.0,194.0,12015.0,39.39110222763389,0.2139042442842712,1.108201861476605
ID172050,172050,9,10.067655563354492,150.7274305010674,46.64926354199556,0.0,702.0,702,5.0,1,,133.35051546391753,131.0,58.0,200.0,12935.0,38.10676920320757,0.23389701887179964,1.3266865809305899
ID223251,223251,9,9.181586265563965,181.79946101662497,51.435840033890095,0.0,914.0,914,5.0,1,,131.61855670103094,130.0,70.0,192.0,12767.0,34.215750301995755,0.21408105166830074,1.3565993366806302
ID14353,14353,9,8.660890579223633,183.22337499293567,60.645543117120546,0.0,53.0,53,5.0,1,,127.35051546391753,121.0,75.0,195.0,12353.0,33.38133249447255,0.20068161611274632,1.2752835652890113
ID88080,88080,9,9.447670936584473,148.7927299948196,81.36708551274725,0.0,351.0,351,5.0,1,,130.8659793814433,130.0,63.0,194.0,12694.0,35.89499409910204,0.21834999854062678,1.3067845624394783
ID92181,92181,9,9.478537559509277,138.5172174221769,92.7790019467787,0.0,370.0,370,5.0,1,,133.659793814433,133.0,75.0,194.0,12965.0,34.71367603875612,0.2239149907764838,1.4088413574104968
ID129045,129045,9,9.54914665222168,149.42064871648734,43.54648732237114,0.0,519.0,519,5.0,1,,134.06185567010309,134.0,78.0,199.0,13004.0,35.51226737369242,0.22486060688919776,1.3860647903254169
ID43030,43030,9,7.467274188995361,143.94749468981306,69.52973262284515,0.0,166.0,166,5.0,1,,117.76288659793815,111.0,56.0,180.0,11423.0,32.57100359083351,0.1710862168524173,1.0564123051977876
ID2073,2073,9,8.383392333984375,181.90787728664955,31.001703345377095,0.0,3.0,3,5.0,1,,119.4639175257732,111.0,62.0,184.0,11588.0,33.77161710657526,0.19371872242687158,1.1481125969168167
ID206872,206872,9,9.866158485412598,164.82430730096914,25.783174255197043,0.0,845.0,845,5.0,1,,137.69072164948454,135.0,69.0,196.0,13356.0,33.403580404633225,0.23787464653784762,1.5842114213134781
ID141340,141340,9,9.257250785827637,142.7536278740282,33.13754515668855,0.0,569.0,569,5.0,1,,129.5463917525773,129.0,61.0,189.0,12566.0,36.011578178227595,0.21572861037251923,1.2766865146161739
ID241699,241699,9,9.813855171203613,175.43588385848815,65.78679931189195,0.0,995.0,995,5.0,1,,134.58762886597938,131.0,89.0,192.0,13055.0,32.09385733585413,0.24718391394611364,1.6622751929613238
ID59427,59427,9,8.56435775756836,133.5566455500176,63.1505789019804,0.0,236.0,236,5.0,1,,124.50515463917526,119.0,60.0,186.0,12077.0,35.587662805897416,0.19155641137359347,1.1248638119479581
ID69666,69666,9,8.793734550476074,142.49124265662948,47.77547769327618,0.0,273.0,273,5.0,1,,130.83505154639175,126.0,73.0,193.0,12691.0,30.784763686891157,0.21416666041946228,1.4993113976195325
ID75812,75812,9,7.553812503814697,153.7622833747164,74.01933891969372,0.0,298.0,298,5.0,1,,115.12371134020619,107.0,57.0,188.0,11167.0,34.41119540811983,0.16139597750907012,0.9298382485432128
ID47142,47142,9,7.930582523345947,135.6109969917064,69.35851588346132,0.0,185.0,185,5.0,1,,115.4639175257732,113.0,49.0,187.0,11200.0,37.173316442395354,0.16673468991118104,0.8877666594463934
ID20519,20519,9,8.24724006652832,174.77706831867388,67.8450592143566,0.0,74.0,74,5.0,1,,118.0721649484536,114.0,59.0,184.0,11453.0,36.302045231260855,0.18298741897178816,1.0062074628675663
ID157733,157733,9,10.191387176513672,135.2535164799794,20.39616453791956,0.0,641.0,641,5.0,1,,133.37113402061857,132.0,71.0,195.0,12937.0,36.49095766637175,0.24707969389120452,1.4482696355656308
ID104488,104488,9,9.061338424682617,128.80715514117628,58.25667213222533,0.0,421.0,421,5.0,1,,125.94845360824742,123.0,62.0,194.0,12217.0,36.392069630054884,0.20318221756422694,1.1688811952569687
ID2092,2092,9,8.594961166381836,181.50644488372745,32.77368677767965,0.0,2.0,2,5.0,1,,118.96907216494846,115.0,55.0,185.0,11540.0,36.34368744140429,0.19943137229427244,1.0885619630870718
ID84012,84012,9,7.594468116760254,148.14983755716358,78.1912375265048,0.0,336.0,336,5.0,1,,118.73195876288659,112.0,64.0,174.0,11517.0,31.531569981500787,0.1731765730790413,1.1116748803132783
ID151597,151597,9,9.459795951843262,146.27892892581062,31.07391571155403,0.0,615.0,615,5.0,1,,133.24742268041237,128.0,75.0,192.0,12925.0,32.54997149507042,0.22939095832088166,1.5276521710085538
ID6194,6194,9,7.2847771644592285,181.639149895612,38.76213963517043,0.0,15.0,15,5.0,1,,116.4020618556701,108.0,62.0,184.0,11291.0,33.225448264412236,0.15371568649691672,0.9335534994326689
ID159792,159792,9,8.242326736450195,148.48784424946956,21.477287890243844,0.0,652.0,652,5.0,1,,126.3298969072165,124.0,67.0,185.0,12254.0,31.967014786561812,0.19268548276826983,1.2769006787122639
ID28723,28723,9,8.814143180847168,182.59600651414485,66.2940810625013,0.0,106.0,106,5.0,1,,126.0618556701031,126.0,63.0,184.0,12228.0,33.84764099146771,0.21040531409058036,1.2948252746560758
ID100404,100404,9,9.380385398864746,132.75846261592443,77.73847743779048,0.0,403.0,403,5.0,1,,130.71134020618555,127.0,65.0,198.0,12679.0,35.20356242712004,0.22086393901809825,1.343427383417042
ID96310,96310,9,9.43031120300293,145.222452478923,96.11543238030238,0.0,384.0,384,5.0,1,,130.46391752577318,121.0,77.0,197.0,12655.0,34.23267866614872,0.22126228022084365,1.3809500413141031
ID167989,167989,9,9.657827377319336,151.0557191182775,26.864028534868172,0.0,686.0,686,5.0,1,,136.1237113402062,132.0,80.0,190.0,13204.0,32.89004970223986,0.22929117621311268,1.5439449991058671
ID53304,53304,9,9.28132152557373,136.70992784090615,55.02806085546147,0.0,208.0,208,5.0,1,,130.60824742268042,125.0,66.0,191.0,12669.0,34.59032761632666,0.21502348425883683,1.3364328583559169
ID137274,137274,9,10.028095245361328,135.2653343726291,30.27053856861699,0.0,555.0,555,5.0,1,,137.36082474226805,134.0,81.0,201.0,13324.0,34.70326160434176,0.23603685993098159,1.511718743011788
ID112696,112696,9,10.390491485595703,136.58891898743101,47.06164856275435,0.0,453.0,453,5.0,1,,140.81443298969072,139.0,69.0,199.0,13659.0,33.71860573707391,0.25263385542778843,1.6845153106109847
ID79930,79930,9,9.121682167053223,151.29778329973374,95.04065257491648,0.0,319.0,319,5.0,1,,129.8556701030928,124.0,78.0,199.0,12596.0,33.77591279630157,0.21148527465625913,1.3422883242296635
ID198717,198717,9,9.68324089050293,160.31734838674407,24.943305575667676,0.0,814.0,814,5.0,1,,137.41237113402062,134.0,83.0,195.0,13329.0,31.209891787073293,0.2385214319419823,1.6958500487040045
ID32831,32831,9,9.26582145690918,165.47688157796222,64.88157407642942,0.0,127.0,127,5.0,1,,132.58762886597938,127.0,83.0,197.0,12861.0,32.54988241700459,0.2234893044236969,1.4881274996351785
ID63556,63556,9,9.15543270111084,130.40030476705095,66.79800538734136,0.0,251.0,251,5.0,1,,132.50515463917526,130.0,81.0,193.0,12853.0,31.442779944733275,0.22467014543785482,1.5462085420925442
ID116809,116809,9,9.45565414428711,161.96710438232253,46.90288775933713,0.0,471.0,471,5.0,1,,132.82474226804123,129.0,58.0,197.0,12884.0,32.74014174439841,0.22947576815263265,1.514416319321267
ID168010,168010,9,9.033830642700195,151.50336486165187,30.702174488185914,0.0,683.0,683,5.0,1,,128.57731958762886,123.0,64.0,197.0,12472.0,36.929503520092844,0.2047509595668154,1.1834490337919599
ID202824,202824,9,10.361268997192383,164.69468976663438,14.372538450738787,0.0,829.0,829,5.0,1,,133.15463917525773,136.0,60.0,209.0,12916.0,40.16952104471996,0.23891779448603606,1.2784850398240337
ID227400,227400,9,10.397489547729492,190.5951180872815,47.27217496125019,0.0,933.0,933,5.0,1,,140.28865979381445,136.0,69.0,200.0,13608.0,36.03295909155215,0.2438262620536955,1.5264176950117199
ID182359,182359,9,7.010065078735352,149.5508391133494,49.4474286690894,0.0,745.0,745,5.0,1,,116.61855670103093,116.0,49.0,180.0,11312.0,32.721184301028224,0.1521751771332668,0.941442815205256
ID225365,225365,9,10.072200775146484,169.87958954496483,46.68838073848557,0.0,925.0,925,5.0,1,,138.44329896907217,137.0,71.0,197.0,13429.0,33.154615400223975,0.24445910559381634,1.640527555712035
ID133210,133210,9,9.240835189819336,144.94924286679486,42.079147943866914,0.0,537.0,537,5.0,1,,127.15463917525773,124.0,66.0,187.0,12334.0,34.509159474389776,0.22258717443949547,1.3416774638535631
ID127067,127067,9,9.127558708190918,149.81624925252197,40.82480075102916,0.0,515.0,515,5.0,1,,130.9278350515464,128.0,63.0,187.0,12700.0,32.647181930030484,0.22324796486234957,1.463825436831792
ID120924,120924,9,7.73109769821167,165.90956315201046,44.440191324163415,0.0,488.0,488,5.0,1,,113.51546391752578,110.0,27.0,175.0,11011.0,36.782614043543575,0.1691573935056541,0.893018463312025
ID108639,108639,9,6.718955993652344,134.59184845592458,45.98941213495021,0.0,438.0,438,5.0,1,,118.37113402061856,117.0,54.0,162.0,11482.0,28.40859596569792,0.1567676340116847,1.129370160585285
ID12387,12387,9,7.979037761688232,192.67160966173344,35.84337444637108,0.0,39.0,39,5.0,1,,115.97938144329896,112.0,60.0,191.0,11250.0,33.0844813134507,0.18867974740062543,1.1128762555856047
ID229472,229472,9,9.244975090026855,187.21876426669766,43.09066940926924,0.0,941.0,941,5.0,1,,124.49484536082474,117.0,57.0,201.0,12076.0,38.60459917315018,0.20854293405787877,1.1129501545100513
ID73829,73829,9,6.405730247497559,146.28340544802674,69.90312691894918,0.0,292.0,292,5.0,1,,111.23711340206185,103.0,59.0,171.0,10790.0,28.883665076430713,0.14313453964416295,0.9644384226663675
ID208998,208998,9,9.985621452331543,174.5519636076098,20.460928794293647,0.0,855.0,855,5.0,1,,136.8762886597938,139.0,72.0,203.0,13277.0,35.186780700747185,0.24273126391671526,1.519592619075491
ID213094,213094,9,10.034317016601562,173.44046704252557,23.471493396194457,0.0,873.0,873,5.0,1,,138.15463917525773,140.0,78.0,196.0,13401.0,34.144100334155326,0.24412525333494525,1.5879191860516741
ID153710,153710,9,7.142956256866455,132.10377176961907,35.481201946403694,0.0,626.0,626,5.0,1,,110.64948453608247,102.0,53.0,180.0,10733.0,34.74941283590073,0.14465583749032754,0.8048092451879852
ID178287,178287,9,9.021647453308105,146.1973614461258,43.357897532866744,0.0,729.0,729,5.0,1,,126.72164948453609,119.0,73.0,194.0,12292.0,35.85757191887825,0.20451001660186013,1.200063157495009
ID217197,217197,9,9.412909507751465,177.90527660555898,36.86790005034703,0.0,890.0,890,5.0,1,,134.35051546391753,132.0,72.0,190.0,13032.0,33.584793569508946,0.22475554954734125,1.468208240903566
ID67694,67694,9,8.975897789001465,148.3233754692148,58.240556708723474,0.0,266.0,266,5.0,1,,130.82474226804123,128.0,73.0,185.0,12690.0,32.94503323380676,0.2117582148788952,1.387887384264786
ID51319,51319,9,8.091978073120117,132.83087533898595,65.70367244734385,0.0,199.0,199,5.0,1,,122.73195876288659,118.0,64.0,190.0,11905.0,32.8276799692721,0.18568426372736102,1.1709908839963494
ID188539,188539,9,8.823084831237793,154.7539266503618,24.626298674521415,0.0,771.0,771,5.0,1,,124.84536082474227,120.0,58.0,190.0,12110.0,35.481315566020555,0.20472486687346264,1.195873970380619
ID18554,18554,9,8.865653038024902,165.64727166054809,54.909030952931,0.0,68.0,68,5.0,1,,125.81443298969072,124.0,53.0,185.0,12204.0,34.787548627618186,0.2119224217757352,1.2648491167019738
ID145529,145529,9,8.217529296875,149.54973105459126,23.327715043982913,0.0,590.0,590,5.0,1,,114.0618556701031,114.0,36.0,189.0,11064.0,39.41970066714466,0.17821647038348093,0.8753462085420951
ID231544,231544,9,9.94387435913086,196.19789886978745,48.67346834434849,0.0,951.0,951,5.0,1,,132.08247422680412,127.0,75.0,195.0,12812.0,34.25050793513044,0.2478158055689917,1.5317457872768825
ID41084,41084,9,8.922788619995117,139.15014995780493,67.03990830246187,0.0,158.0,158,5.0,1,,127.25773195876289,123.0,66.0,191.0,12344.0,34.12760318230789,0.2090123202095987,1.2892868285284662
ID192637,192637,9,9.856449127197266,148.91825706722966,26.51311342358884,0.0,788.0,788,5.0,1,,139.11340206185568,138.0,75.0,193.0,13494.0,32.07149444621727,0.2463943438579513,1.7149641048247273
ID174211,174211,9,9.82815170288086,147.06927492378645,45.23411518343515,0.0,713.0,713,5.0,1,,136.23711340206185,133.0,68.0,189.0,13215.0,33.492465942568174,0.23735349832684305,1.560558850398064
ID45191,45191,9,8.76407527923584,130.01202063810268,71.9165764764773,0.0,176.0,176,5.0,1,,128.01030927835052,122.0,69.0,185.0,12417.0,32.43856207168176,0.21174436800694765,1.3791585804509001
ID94342,94342,9,8.78184986114502,144.68710919042687,90.45696330077568,0.0,378.0,378,5.0,1,,128.5257731958763,131.0,67.0,182.0,12467.0,34.096704625564975,0.20829842745909888,1.2996296010227075
ID184453,184453,9,9.284714698791504,149.9998074638255,41.47328733967996,0.0,754.0,754,5.0,1,,131.50515463917526,127.0,65.0,186.0,12756.0,35.64294101201884,0.21482023200787606,1.3048554541774762
ID86153,86153,9,8.90788459777832,148.063564312379,75.05919557685039,0.0,341.0,341,5.0,1,,129.0,121.0,74.0,188.0,12513.0,33.80766678333974,0.2015848741832337,1.2802889464966623
ID90251,90251,9,10.11617374420166,140.9702336947439,85.69606782072456,0.0,365.0,365,5.0,1,,135.50515463917526,136.0,69.0,196.0,13144.0,35.12066216136763,0.2459521319284713,1.523254080654977
ID221324,221324,9,7.942220211029053,176.85658947406847,60.04728174615956,0.0,906.0,906,5.0,1,,115.5360824742268,109.0,57.0,187.0,11207.0,35.54752155438961,0.17356264778323438,0.9613649751482976
ID170130,170130,9,10.493219375610352,156.09043254691414,30.984575532692403,0.0,691.0,691,5.0,1,,137.8762886597938,133.0,80.0,205.0,13374.0,34.46956922778613,0.25463702591861903,1.6236304123431098
ID57489,57489,9,9.451923370361328,124.67834456500778,54.794172544803004,0.0,226.0,226,5.0,1,,125.72164948453609,122.0,52.0,195.0,12195.0,37.668439007355474,0.22134181079415094,1.2097306288962777
ID77968,77968,9,8.50185489654541,154.66247249348845,76.77907364305096,0.0,309.0,309,5.0,1,,121.73195876288659,119.0,61.0,187.0,11808.0,35.42730687146496,0.19749907998762595,1.1334082124733342
ID98454,98454,9,9.563297271728516,140.24536497988967,91.81752487450052,0.0,396.0,396,5.0,1,,134.91752577319588,132.0,85.0,189.0,13087.0,32.320230410911876,0.2326087181901297,1.5755227134546523
ID26781,26781,9,9.237982749938965,176.61053464368567,68.75482275584311,0.0,100.0,100,5.0,1,,126.5360824742268,121.0,62.0,187.0,12274.0,36.55961508723062,0.21952247636211092,1.2460399017317847
ID139423,139423,9,7.695046424865723,138.93592815469395,32.179466021554546,0.0,565.0,565,5.0,1,,119.30927835051547,113.0,68.0,192.0,11573.0,32.63860215320908,0.16886742607249808,1.056217337163246
ID34981,34981,9,8.287845611572266,154.77008722371775,63.62612088982343,0.0,135.0,135,5.0,1,,124.45360824742268,121.0,65.0,187.0,12072.0,33.67492285890592,0.1862300639460668,1.1604107525207399
ID82084,82084,9,8.97243595123291,143.34142891373168,93.15284872364056,0.0,325.0,325,5.0,1,,129.4536082474227,126.0,63.0,185.0,12557.0,33.356977224461815,0.21396234392033317,1.3680110286363298
ID4263,4263,9,6.478109359741211,173.23103630921696,40.34924678352106,0.0,12.0,12,5.0,1,,117.52577319587628,113.0,65.0,165.0,11400.0,25.172361159077308,0.15729574167668106,1.2691465367522994
ID161957,161957,9,8.650687217712402,150.96534241829792,27.1984216365196,0.0,661.0,661,5.0,1,,127.37113402061856,121.0,70.0,193.0,12355.0,33.80807336631693,0.1970118266347549,1.2401506502776452
ID166053,166053,9,9.240407943725586,151.55723831645602,22.104224918276568,0.0,676.0,676,5.0,1,,123.14432989690722,118.0,61.0,189.0,11945.0,36.702063319247245,0.2196860620751115,1.2086717692542202
ID196776,196776,9,10.36683464050293,156.27131692660257,25.243893673598475,0.0,805.0,805,5.0,1,,137.11340206185568,133.0,75.0,201.0,13300.0,35.77443113007405,0.24546325229995247,1.510750448728081
ID114861,114861,9,10.331631660461426,157.24212672660838,46.81026995667349,0.0,461.0,461,5.0,1,,140.05154639175257,136.0,84.0,198.0,13585.0,33.622714028249256,0.2498603219863578,1.665409169392223
ID110767,110767,9,10.47898006439209,131.50562975566717,48.2895084020015,0.0,446.0,446,5.0,1,,137.28865979381445,136.0,64.0,204.0,13317.0,39.71774340132469,0.24267551441185373,1.3500452128975904
ID61617,61617,9,8.945528984069824,134.05799021211052,64.76153502443218,0.0,242.0,242,5.0,1,,129.4742268041237,125.0,77.0,191.0,12559.0,31.852555098814662,0.21622980583501308,1.4453364729179232
ID10419,10419,9,7.680668354034424,185.59646774213275,37.165442751407454,0.0,31.0,31,5.0,1,,116.44329896907216,112.0,62.0,173.0,11295.0,31.525772879821726,0.18069387305354653,1.1305372369130497
ID135350,135350,9,9.507678985595703,136.87164956346402,28.07428329221007,0.0,548.0,548,5.0,1,,133.5257731958763,130.0,64.0,197.0,12952.0,34.57090924929548,0.22014299473436305,1.3937293134622617
ID204983,204983,9,10.148330688476562,167.5806504055053,22.272247012762094,0.0,837.0,837,5.0,1,,137.02061855670104,135.0,67.0,192.0,13291.0,36.41885368569512,0.24196568055816822,1.465999506808931
ID102580,102580,9,9.543949127197266,129.43036529821336,81.0744789199522,0.0,411.0,411,5.0,1,,133.35051546391753,129.0,75.0,196.0,12935.0,33.73179794259213,0.22851020571976763,1.4706591755029514
ID233653,233653,9,9.820822715759277,190.52873768753946,53.45534528279538,0.0,960.0,960,5.0,1,,129.1237113402062,131.0,65.0,192.0,12525.0,36.98543005133878,0.24030245836098438,1.3528072820012842
ID49335,49335,9,9.402029037475586,137.74315229852965,62.130107420768695,0.0,192.0,192,5.0,1,,128.5257731958763,121.0,67.0,203.0,12467.0,36.79365116868702,0.21157099625032483,1.219985298240397
ID16571,16571,9,8.073406219482422,180.4065832887761,56.493182703221514,0.0,57.0,57,5.0,1,,121.36082474226804,119.0,54.0,183.0,11772.0,34.36422120916921,0.18651971389452862,1.1103292761801387
ID125114,125114,9,10.566617965698242,160.10208556369082,48.37775340059209,0.0,505.0,505,5.0,1,,140.30927835051546,137.0,75.0,205.0,13610.0,36.032786234883325,0.24792026404392697,1.5471902864954417
ID30909,30909,9,8.134307861328125,168.33591672223153,60.41143848490287,0.0,119.0,119,5.0,1,,123.57731958762886,120.0,66.0,187.0,11987.0,34.20917123970145,0.18357824223756147,1.1205995610237587
ID147645,147645,9,9.376409530639648,146.42137753654887,21.019186388516182,0.0,601.0,601,5.0,1,,129.8556701030928,120.0,77.0,197.0,12596.0,34.57148080750039,0.2217565468409113,1.3635300279766442
ID200903,200903,9,7.233804702758789,163.14007801714595,13.389473011458001,0.0,821.0,821,5.0,1,,112.74226804123711,107.0,58.0,185.0,10936.0,34.649819128470774,0.1494481695922052,0.8460908496581414
ID71879,71879,9,8.792263984680176,142.66627364445776,63.03671858960152,0.0,288.0,288,5.0,1,,123.30927835051547,119.0,55.0,193.0,11961.0,35.30650342144911,0.20293225121712744,1.1783680183023593
ID180424,180424,9,9.755528450012207,151.0152539676374,45.84446341111205,0.0,736.0,736,5.0,1,,134.56701030927834,130.0,71.0,198.0,13053.0,36.42655487887433,0.22076988468619874,1.3361540250803623
ID106700,106700,9,9.558961868286133,129.45639771614282,52.40939148902012,0.0,432.0,432,5.0,1,,133.63917525773195,128.0,75.0,194.0,12963.0,33.613980712089344,0.23557912369896553,1.5160379610080548
ID190675,190675,9,8.599047660827637,147.8383573805056,34.419957414854785,0.0,779.0,779,5.0,1,,124.90721649484536,122.0,67.0,181.0,12116.0,34.86733263213183,0.19866271700716762,1.1874577728210443
ID118995,118995,9,8.128068923950195,172.28259539175534,47.50530670379434,0.0,482.0,482,5.0,1,,118.04123711340206,110.0,73.0,178.0,11450.0,32.32031015404414,0.2023267604883282,1.2291900692855868
ID235739,235739,9,10.448833465576172,188.64911925424482,57.390100301422564,0.0,971.0,971,5.0,1,,136.10309278350516,138.0,58.0,199.0,13202.0,37.254050265285045,0.2549754601074669,1.4845254388984872
ID65754,65754,9,8.94030475616455,137.04176404420753,60.72920124941347,0.0,263.0,263,5.0,1,,128.41237113402062,123.0,80.0,191.0,12456.0,33.737884423312984,0.2063096398118086,1.3019063262164725
ID155865,155865,9,9.670818328857422,141.2093897667273,34.86310249988378,0.0,634.0,634,5.0,1,,134.18556701030928,131.0,81.0,193.0,13016.0,33.687080206693985,0.23121341276498425,1.4960706973784803
ID131292,131292,9,9.452775955200195,146.8932779118836,47.91957152017011,0.0,532.0,532,5.0,1,,131.5463917525773,130.0,75.0,194.0,12760.0,32.585151468420875,0.23001820201630355,1.5098710489311238
ID186593,186593,9,7.289976119995117,162.73719093415428,29.043715906981703,0.0,765.0,765,5.0,1,,112.48453608247422,105.0,58.0,182.0,10911.0,34.30777165419359,0.15342588410707697,0.8722465245357626
ID8425,8425,9,8.465347290039062,187.56605295759888,34.57164898146073,0.0,23.0,23,5.0,1,,122.63917525773196,117.0,65.0,185.0,11896.0,33.618628754199875,0.20075695873429933,1.2198171002939409
ID211176,211176,9,10.329062461853027,169.58200586485458,33.23107085442717,0.0,865.0,865,5.0,1,,139.7422680412371,139.0,67.0,193.0,13555.0,36.5420073199198,0.24593618415795193,1.5097047267431434
ID215272,215272,9,8.68563461303711,178.44766552497563,29.558059368162777,0.0,885.0,885,5.0,1,,130.46391752577318,126.0,78.0,188.0,12655.0,31.23935213785854,0.20920388865971584,1.4450690847931165
ID237807,237807,9,9.541913032531738,187.01518218992652,60.12208981833841,0.0,980.0,980,5.0,1,,134.29896907216494,130.0,75.0,190.0,13027.0,31.285701256209414,0.24221877797560845,1.674042576477066
ID149741,149741,9,8.737442016601562,145.07283479371156,22.468480566885454,0.0,607.0,607,5.0,1,,121.08247422680412,116.0,40.0,181.0,11745.0,36.58940821897005,0.20585053921477547,1.1298334388457885
ID39152,39152,9,8.395306587219238,146.69271106145376,71.52618976638655,0.0,148.0,148,5.0,1,,127.9381443298969,129.0,72.0,188.0,12410.0,32.10069263043949,0.1975749492560616,1.3150577222390611
ID14581,14581,9,9.37376594543457,190.06910038189466,44.05582947781765,0.0,46.0,46,5.0,1,,125.30927835051547,115.0,67.0,201.0,12155.0,36.600136846494586,0.21944682154106243,1.2322446584227569
ID194807,194807,9,9.478732109069824,150.8702760681783,17.575512831345883,0.0,798.0,798,5.0,1,,135.22680412371133,138.0,74.0,193.0,13117.0,33.55111310704384,0.23075856590359778,1.5113700474112608
ID88310,88310,9,9.840900421142578,149.90938918746357,78.37124979341199,0.0,354.0,354,5.0,1,,130.95876288659792,127.0,52.0,202.0,12703.0,40.33864914843178,0.2141762868197438,1.145335829914049
ID43257,43257,9,8.65912914276123,140.492608683689,71.39035600056211,0.0,169.0,169,5.0,1,,125.44329896907216,124.0,67.0,186.0,12168.0,34.84069970121299,0.20170581271620913,1.2086786367085283
ID55546,55546,9,7.50762939453125,133.1166090439338,47.58826678823443,0.0,218.0,218,5.0,1,,115.14432989690722,105.0,60.0,186.0,11169.0,34.089034677200345,0.16345377967042451,0.9490818800576526
ID172281,172281,9,9.650919914245605,147.64103933099295,42.010867019378544,0.0,700.0,700,5.0,1,,135.659793814433,129.0,70.0,200.0,13159.0,34.581391491046816,0.22436586007711543,1.437752882785031
ID239864,239864,9,8.802903175354004,186.27099154861796,67.10682304520667,0.0,987.0,987,5.0,1,,128.30927835051546,123.0,70.0,190.0,12446.0,31.15464144953039,0.21294375213754307,1.4460707479792672
ID24828,24828,9,7.408294677734375,180.91001039750287,64.26157764111208,0.0,92.0,92,5.0,1,,120.11340206185567,116.0,52.0,182.0,11651.0,31.406566553515717,0.16696562097128786,1.0943846628333618
ID241918,241918,9,9.423604011535645,177.63814968509993,67.89860965270289,0.0,996.0,996,5.0,1,,130.44329896907217,130.0,63.0,190.0,12653.0,32.81195446281892,0.23695864656237348,1.523130269952558
ID176380,176380,9,8.542319297790527,156.61502875257074,37.72730116741164,0.0,719.0,719,5.0,1,,115.11340206185567,106.0,53.0,197.0,11166.0,40.169660060138405,0.18622522394674268,0.8997649657481265
ID219389,219389,9,9.39957332611084,176.66507279929945,43.99438034398638,0.0,898.0,898,5.0,1,,130.8041237113402,130.0,69.0,191.0,12688.0,36.759817049116776,0.21542189052894722,1.2613652697239186
ID157949,157949,9,9.464168548583984,142.93969123417952,18.335443767453153,0.0,644.0,644,5.0,1,,126.25773195876289,122.0,65.0,201.0,12247.0,35.778915564464384,0.22914118981776133,1.3157161248515354
ID92421,92421,9,9.180829048156738,140.71094737829767,91.34596799049403,0.0,369.0,369,5.0,1,,127.98969072164948,127.0,62.0,187.0,12415.0,36.400691054955956,0.21072653890288934,1.2239636739370217
ID207108,207108,9,9.312418937683105,171.49955987761976,24.359791741104114,0.0,848.0,848,5.0,1,,131.15463917525773,129.0,69.0,196.0,12722.0,34.70660966293788,0.22151772546289736,1.3705982445912201
ID141577,141577,9,8.706600189208984,151.43500334968368,33.742023791756985,0.0,573.0,573,5.0,1,,130.03092783505156,125.0,79.0,190.0,12613.0,32.22591271278164,0.20730012334499046,1.3856570195977347
ID22797,22797,9,8.947772979736328,176.1789505280447,66.13292102708492,0.0,84.0,84,5.0,1,,126.95876288659794,123.0,74.0,181.0,12315.0,32.87790466438326,0.21667697024055066,1.3753904750942236
ID223504,223504,9,9.121685028076172,182.06802304191484,53.21180582268053,0.0,916.0,916,5.0,1,,131.58762886597938,124.0,77.0,190.0,12764.0,32.32992440491458,0.21593621079556644,1.4456230089488868
ID123156,123156,9,8.830819129943848,160.08137441283614,52.56404271798018,0.0,498.0,498,5.0,1,,129.55670103092783,125.0,81.0,184.0,12567.0,31.729313822868942,0.21349329939735281,1.4367329855188962
ID129300,129300,9,9.817387580871582,143.233894785797,45.68188308825546,0.0,521.0,521,5.0,1,,138.7422680412371,138.0,79.0,194.0,13458.0,32.930570381269426,0.23482240935505136,1.6024134059407702
ID59671,59671,9,8.996826171875,139.22065829554853,61.559648565312074,0.0,234.0,234,5.0,1,,126.31958762886597,122.0,76.0,201.0,12253.0,35.42731596515385,0.20824659120929742,1.2290930610919004
ID96534,96534,9,9.082926750183105,146.98489737499378,91.2651674220205,0.0,387.0,387,5.0,1,,131.7319587628866,131.0,73.0,189.0,12778.0,33.41984049680092,0.2115535622268856,1.3765579409929203
ID151835,151835,9,9.128540992736816,141.01004691277942,29.37361301536151,0.0,619.0,619,5.0,1,,127.45360824742268,122.0,70.0,202.0,12363.0,34.76019653118489,0.21056222744817785,1.275537569698553
ID18714,18714,9,8.905258178710938,171.2281084430712,56.374179807363596,0.0,66.0,66,5.0,1,,123.9278350515464,121.0,61.0,195.0,12021.0,35.87195034153903,0.20332105657214475,1.16746726035591
ID69919,69919,9,7.422979354858398,149.41686799944486,52.95520863082129,0.0,277.0,277,5.0,1,,112.56701030927834,107.0,64.0,174.0,10919.0,34.314084576797946,0.15959342989043207,0.9029796696948901
ID164125,164125,9,9.072673797607422,158.868243952741,24.338139170859627,0.0,667.0,667,5.0,1,,126.3298969072165,123.0,61.0,193.0,12254.0,37.27731706678466,0.2024066644967192,1.1409455613002475
ID84257,84257,9,9.5510835647583,149.3052156203322,82.05981127644324,0.0,333.0,333,5.0,1,,136.10309278350516,132.0,82.0,189.0,13202.0,31.796057321126863,0.23460738778389337,1.6268126135718695
ID160034,160034,9,9.72067642211914,147.00049267088676,20.003622085310607,0.0,651.0,651,5.0,1,,133.38144329896906,130.0,76.0,196.0,12938.0,34.49832221130745,0.22965556789291156,1.4441786908147598
ID104736,104736,9,8.909381866455078,134.7131909387601,65.2180411925355,0.0,418.0,418,5.0,1,,129.23711340206185,127.0,71.0,198.0,12536.0,33.93491724238358,0.20583563563797094,1.300178263147924
ID76066,76066,9,9.546586990356445,148.1431926358123,78.8677104636443,0.0,304.0,304,5.0,1,,132.98969072164948,128.0,82.0,191.0,12900.0,33.70444297040105,0.22652895710980225,1.4574938717426285
ID80162,80162,9,8.433347702026367,150.53606771902864,90.30773669704362,0.0,318.0,318,5.0,1,,126.5979381443299,127.0,59.0,180.0,12280.0,35.35671193759115,0.19326486133314097,1.1598472725039781
ID112933,112933,9,9.518630027770996,143.69967478676762,45.65635772343011,0.0,456.0,456,5.0,1,,135.70103092783506,133.0,69.0,190.0,13163.0,34.16204184607213,0.2221235259066281,1.443938767528571
ID28967,28967,9,9.086902618408203,185.04921207167695,63.2113894525738,0.0,109.0,109,5.0,1,,123.30927835051547,116.0,63.0,203.0,11961.0,36.671503703131634,0.20337028731607398,1.1365413775500803
ID100649,100649,9,8.956493377685547,132.72088211627522,81.72557169842814,0.0,405.0,405,5.0,1,,128.7835051546392,130.0,61.0,185.0,12492.0,33.011433247981074,0.21667372607636926,1.389498168879622
ID198955,198955,9,9.955235481262207,162.49750593006974,22.315295689711796,0.0,815.0,815,5.0,1,,139.7835051546392,136.0,78.0,196.0,13559.0,31.800559089727397,0.2461991360519302,1.7368017396433295
ID47401,47401,9,7.896486759185791,132.22944911128835,73.07514293252046,0.0,184.0,184,5.0,1,,119.37113402061856,112.0,63.0,174.0,11579.0,32.65071451095062,0.18140218918481102,1.1227456428605753
ID227625,227625,9,9.440117835998535,191.9078865465829,46.36348076259154,0.0,934.0,934,5.0,1,,137.76288659793815,133.0,86.0,191.0,13363.0,31.11228763014311,0.22799138862605312,1.6441953176452733
ID63790,63790,9,8.974116325378418,132.96721181630716,59.307937874241006,0.0,255.0,255,5.0,1,,129.0721649484536,126.0,58.0,186.0,12520.0,34.69667594029494,0.20783319075471393,1.2802142761531972
ID143664,143664,9,10.181352615356445,148.68011190738545,14.219652767288435,0.0,582.0,582,5.0,1,,132.15463917525773,132.0,61.0,196.0,12819.0,38.95251922912731,0.24122689358897864,1.318716395216134
ID137521,137521,9,10.168907165527344,135.9436698138512,31.7974943572518,0.0,556.0,556,5.0,1,,137.97938144329896,137.0,76.0,198.0,13384.0,34.52474335574515,0.24528713911781722,1.5744142267721017
ID203056,203056,9,9.82306957244873,162.7128703158073,14.202178361596971,0.0,832.0,832,5.0,1,,133.72164948453607,130.0,70.0,193.0,12971.0,35.04245706640529,0.23493353786318638,1.4519063490905404
ID6453,6453,9,8.460333824157715,186.0935746045907,36.226589632788524,0.0,22.0,22,5.0,1,,120.17525773195877,116.0,70.0,189.0,11657.0,33.29977799890913,0.20301014774445902,1.2180137084246154
ID225590,225590,9,9.789632797241211,178.790516156214,51.65227000329316,0.0,922.0,922,5.0,1,,135.84536082474227,135.0,76.0,193.0,13177.0,32.87487015379477,0.23984578096339682,1.5987301895347454
ID33079,33079,9,8.715377807617188,166.57127348458405,63.17330759160629,0.0,126.0,126,5.0,1,,125.6701030927835,125.0,60.0,198.0,12190.0,35.99008012907993,0.1929454917916804,1.129518084721331
ID117049,117049,9,9.660975456237793,165.01724359857982,41.067658683898344,0.0,473.0,473,5.0,1,,126.52577319587628,123.0,56.0,200.0,12273.0,38.144760666741945,0.22350985863939388,1.2118903074805454
ID53566,53566,9,7.95374870300293,135.2324890872683,60.99034354133045,0.0,211.0,211,5.0,1,,119.21649484536083,113.0,61.0,181.0,11564.0,33.474563354173526,0.17714274862075188,1.0718787746447163
ID20800,20800,9,9.389812469482422,172.44267596748514,68.67006160782681,0.0,77.0,77,5.0,1,,130.29896907216494,125.0,80.0,192.0,12639.0,33.504093328419586,0.23129167500462108,1.4610738355742547
ID133448,133448,9,7.1461029052734375,140.54958189169537,39.101684801123376,0.0,539.0,539,5.0,1,,110.51546391752578,105.0,42.0,178.0,10720.0,34.317486250349916,0.15537589047221873,0.8661595702133716
ID182600,182600,9,9.6165189743042,150.35306164364593,50.13353811465768,0.0,746.0,746,5.0,1,,135.1958762886598,132.0,78.0,195.0,13114.0,33.537801798635165,0.23196837906978215,1.518056982529471
ID229705,229705,9,7.875088214874268,188.76018134744893,41.36453277322726,0.0,943.0,943,5.0,1,,116.76288659793815,114.0,50.0,184.0,11326.0,35.120854795701604,0.17925745313991193,1.0107373932467147
ID37196,37196,9,9.564766883850098,148.96041619017774,69.11880064244737,0.0,143.0,143,5.0,1,,134.1340206185567,129.0,69.0,192.0,13011.0,33.14005282697315,0.22901137478092373,1.508401283832917
ID102732,102732,9,8.778557777404785,130.90130512348998,76.10246923568135,0.0,413.0,413,5.0,1,,128.18556701030928,122.0,70.0,190.0,12434.0,32.38483759702319,0.20698792165237548,1.3575926581339173
ID153936,153936,9,7.7092132568359375,141.21922378673517,30.387762157742053,0.0,624.0,624,5.0,1,,113.16494845360825,106.0,59.0,187.0,10977.0,34.898268943569846,0.17013274507881432,0.9429546726300997
ID108885,108885,9,9.05599594116211,132.22143263530367,51.01322951529839,0.0,436.0,436,5.0,1,,123.20618556701031,117.0,52.0,194.0,11951.0,37.339082000948274,0.20551669886340646,1.125052414837451
ID121173,121173,9,8.863019943237305,164.14182462437049,49.084898977377364,0.0,492.0,492,5.0,1,,122.44329896907216,116.0,51.0,187.0,11877.0,35.3632840057326,0.20854147817037316,1.1949323427666667
ID12630,12630,9,7.38024377822876,190.79310844285172,41.34994205520177,0.0,41.0,41,5.0,1,,110.88659793814433,108.0,57.0,177.0,10756.0,33.94845243424818,0.16531395595621903,0.9267351689963041
ID127323,127323,9,9.032024383544922,151.76265354183587,46.22387631289096,0.0,513.0,513,5.0,1,,130.8659793814433,127.0,67.0,189.0,12694.0,34.260530274762296,0.20904690487529234,1.3208797038460265
ID213342,213342,9,9.44200611114502,173.43630443813748,27.202501398739177,0.0,874.0,874,5.0,1,,134.2680412371134,130.0,79.0,193.0,13024.0,32.8153024085555,0.22883367136745927,1.523888050296469
ID178524,178524,9,8.39614200592041,143.85694019511408,41.998070863152776,0.0,728.0,728,5.0,1,,124.4639175257732,121.0,60.0,189.0,12073.0,32.19150439675754,0.19463971645267517,1.2598728101675125
ID188764,188764,9,9.131187438964844,147.6619985153119,27.636576584653998,0.0,774.0,774,5.0,1,,132.09278350515464,130.0,72.0,188.0,12813.0,34.246071086764466,0.21665283388885886,1.3737130873576295
ID209248,209248,9,10.073184967041016,176.33395596544943,24.989035899480438,0.0,858.0,858,5.0,1,,138.83505154639175,134.0,89.0,195.0,13467.0,33.00842077295427,0.2448284425313522,1.6544617909779846
ID217440,217440,9,9.3623046875,179.69226329442012,41.65679937868677,0.0,896.0,896,5.0,1,,132.55670103092783,134.0,68.0,199.0,12858.0,35.08233442921716,0.21696646930959157,1.3472779683510678
ID67942,67942,9,8.8094482421875,145.63772119441515,59.025578342348005,0.0,269.0,269,5.0,1,,126.79381443298969,126.0,62.0,184.0,12299.0,35.79046024674088,0.2009930386366506,1.1857723127467736
ID145770,145770,9,7.538204669952393,147.65356724120164,22.30546460866577,0.0,591.0,591,5.0,1,,105.24742268041237,100.0,24.0,186.0,10209.0,39.06859110585591,0.15270565499494115,0.7137570511910579
ID74090,74090,9,7.279668807983398,153.73250822286963,70.16985202857776,0.0,294.0,294,5.0,1,,111.83505154639175,106.0,56.0,171.0,10848.0,35.312497909253956,0.1523005174179952,0.8371728208709669
ID231784,231784,9,9.869577407836914,194.2547496085527,50.82747661858942,0.0,952.0,952,5.0,1,,132.84536082474227,131.0,67.0,196.0,12886.0,33.81916992321859,0.2463577726834395,1.5528767481584889
ID45427,45427,9,8.979021072387695,128.53815551638496,71.31629846616623,0.0,177.0,177,5.0,1,,127.03092783505154,121.0,48.0,196.0,12322.0,36.88000068020365,0.20320610016722046,1.1634434033436791
ID184689,184689,9,9.007390975952148,152.61863693305247,43.892623213267115,0.0,755.0,755,5.0,1,,128.8762886597938,133.0,68.0,192.0,12501.0,35.006623698225184,0.21097905065391243,1.2827897883890804
ID192886,192886,9,8.383623123168945,146.33651530795225,28.504116758661954,0.0,789.0,789,5.0,1,,128.81443298969072,124.0,80.0,191.0,12495.0,30.61363050754082,0.20258850328608619,1.417677458232948
ID41333,41333,9,8.874423027038574,136.99480237237054,69.27957336871067,0.0,161.0,161,5.0,1,,128.94845360824743,124.0,75.0,193.0,12508.0,33.263897826704394,0.2046597341812547,1.317167503288334
ID51573,51573,9,9.17634105682373,129.31675796211982,60.7089735606313,0.0,202.0,202,5.0,1,,131.2577319587629,127.0,85.0,194.0,12732.0,32.59993556694664,0.21920208554269563,1.4477952071193683
ID90486,90486,9,9.035707473754883,149.20447612690793,85.64224621761116,0.0,357.0,357,5.0,1,,134.41237113402062,131.0,79.0,181.0,13038.0,30.095248994276343,0.22447439120737717,1.6375267115572922
ID221560,221560,9,7.536380290985107,183.2634339344117,54.3182985494683,0.0,908.0,908,5.0,1,,118.6082474226804,116.0,65.0,177.0,11505.0,32.22820862647314,0.1732768943973168,1.0870483359174725
ID78205,78205,9,8.324000358581543,155.78610488247972,73.95337893128334,0.0,311.0,311,5.0,1,,122.12371134020619,116.0,60.0,180.0,11846.0,32.71475767013732,0.19858136214302813,1.2369645323472722
ID86401,86401,9,9.074013710021973,148.34872923640168,74.39163914297794,0.0,343.0,343,5.0,1,,129.88659793814432,126.0,72.0,193.0,12599.0,35.177193217771254,0.20511837637312233,1.2569210929757317
ID94593,94593,9,9.1462984085083,145.33348404498733,90.18735995517882,0.0,379.0,379,5.0,1,,129.60824742268042,126.0,68.0,194.0,12572.0,33.718366873334936,0.21778929397377378,1.3748663331420514
ID174465,174465,9,10.48796558380127,145.997497650206,44.24331817869643,0.0,711.0,711,5.0,1,,141.23711340206185,140.0,77.0,196.0,13700.0,34.01800172821378,0.2553463596545439,1.6890252142041433
ID4488,4488,9,8.366039276123047,177.90232460880773,37.61227774432196,0.0,16.0,16,5.0,1,,120.43298969072166,113.0,56.0,184.0,11682.0,34.14640879619665,0.19560728956369436,1.154056068470833
ID57737,57737,9,8.506572723388672,128.97340286010606,56.562794511509466,0.0,227.0,227,5.0,1,,126.98969072164948,121.0,81.0,191.0,12318.0,32.54435910074664,0.20033487834298846,1.3024974411624
ID98696,98696,9,9.81087589263916,141.2489578891673,86.5067165429052,0.0,394.0,394,5.0,1,,137.16494845360825,134.0,82.0,199.0,13305.0,33.418956824798286,0.23867232157527815,1.5817064123656581
ID170383,170383,9,9.609091758728027,154.76532281872505,36.57362806705997,0.0,694.0,694,5.0,1,,132.28865979381445,133.0,70.0,198.0,12832.0,35.10726383851074,0.23026420993698393,1.410534392688154
ID162188,162188,9,8.429072380065918,151.7146398373344,26.162803921541123,0.0,662.0,662,5.0,1,,123.16494845360825,120.0,62.0,183.0,11947.0,35.51105473780053,0.18915909544612555,1.1034199197782852
ID27025,27025,9,8.490194320678711,176.24513732592183,70.10848192089746,0.0,101.0,101,5.0,1,,124.57731958762886,116.0,77.0,181.0,12084.0,31.06942329001108,0.20973567457502518,1.3903290759372215
ID166291,166291,9,9.10760498046875,153.15540444452307,24.254064923402588,0.0,678.0,678,5.0,1,,126.0618556701031,121.0,72.0,194.0,12228.0,35.64957176957322,0.20882454488849805,1.2217367789172
ID139665,139665,9,9.658184051513672,135.68326621929097,34.69027838209237,0.0,563.0,563,5.0,1,,135.5463917525773,133.0,73.0,191.0,13148.0,33.64087934175618,0.23218907863053106,1.5185008889469285
ID61848,61848,9,8.694464683532715,134.58108339104834,62.73726595975211,0.0,243.0,243,5.0,1,,125.64948453608247,124.0,57.0,181.0,12188.0,35.12123088826087,0.20483826228598745,1.2164753432953992
ID197018,197018,9,8.14149284362793,157.9310525410295,28.072081037147576,0.0,807.0,807,5.0,1,,124.19587628865979,118.0,64.0,189.0,12047.0,31.59497559451296,0.19012408844955972,1.2559259872451611
ID233881,233881,9,10.927371978759766,191.45988471755837,52.41810030440786,0.0,963.0,963,5.0,1,,137.7319587628866,137.0,69.0,202.0,13360.0,36.48416193589964,0.27388389998149915,1.623293312324759
ID115100,115100,9,9.616774559020996,159.70777129542955,49.55418879478244,0.0,464.0,464,5.0,1,,136.93814432989691,139.0,70.0,191.0,13283.0,33.84702548261249,0.23248743829070045,1.5263387015633345
ID82334,82334,9,9.818065643310547,144.16844705180597,87.24117329219587,0.0,327.0,327,5.0,1,,136.09278350515464,131.0,81.0,201.0,13201.0,32.819926135602316,0.2397120733118367,1.6036019313553092
ID111012,111012,9,9.566219329833984,133.27392928963937,48.977208417756515,0.0,448.0,448,5.0,1,,135.38144329896906,132.0,81.0,190.0,13132.0,30.88400452329958,0.24060406274691995,1.7002989451797994
ID10666,10666,9,9.111024856567383,194.14147837857675,33.863892864321926,0.0,36.0,36,5.0,1,,125.19587628865979,120.0,73.0,187.0,12144.0,34.262357617136274,0.21894945594518342,1.3126862878937988
ID16812,16812,9,9.47903060913086,177.34092187299808,54.87795003548484,0.0,58.0,58,5.0,1,,130.15463917525773,126.0,72.0,197.0,12625.0,34.69220019392734,0.22996423343256173,1.4028964515462288
ID135599,135599,9,8.923439979553223,132.83522702442923,26.993716822693713,0.0,546.0,546,5.0,1,,130.61855670103094,124.0,68.0,193.0,12670.0,32.85398355443658,0.20564525292005642,1.3562694805232052
ID147887,147887,9,8.581212043762207,143.16888742228787,19.084832598495108,0.0,602.0,602,5.0,1,,125.9381443298969,121.0,70.0,196.0,12216.0,33.32598286653552,0.1959170127937179,1.2381561666408585
ID125359,125359,9,10.2933931350708,162.21006754879417,46.78873842636103,0.0,506.0,506,5.0,1,,142.30927835051546,138.0,79.0,200.0,13804.0,31.822214733036162,0.2534371101508337,1.8084248630539626
ID72113,72113,9,8.575454711914062,148.35561341723763,62.98591156363159,0.0,285.0,285,5.0,1,,127.51546391752578,122.0,79.0,188.0,12369.0,32.36739402355847,0.20045868793738728,1.3157178921762296
ID31155,31155,9,8.993742942810059,166.77881881113598,64.24167713413698,0.0,117.0,117,5.0,1,,128.05154639175257,122.0,66.0,190.0,12421.0,36.35025536763251,0.19781244900533065,1.1635154492709692
ID49587,49587,9,9.072858810424805,136.49648303709643,65.38255615262429,0.0,194.0,194,5.0,1,,131.22680412371133,130.0,73.0,195.0,12729.0,33.31463178127067,0.21498359096237682,1.3939668010073454
ID205232,205232,9,10.79412841796875,167.18550670935159,26.082218530205168,0.0,840.0,840,5.0,1,,142.28865979381445,138.0,80.0,202.0,13802.0,34.79372511761478,0.2595584999110394,1.6854515349397265
ID235952,235952,9,10.962650299072266,186.76580985196057,53.26191673502719,0.0,969.0,969,5.0,1,,138.5979381443299,142.0,58.0,197.0,13444.0,36.76973953816463,0.27880221787317294,1.6435732153371914
ID201142,201142,9,8.311469078063965,163.6162637876573,12.105903909519723,0.0,822.0,822,5.0,1,,119.37113402061856,111.0,59.0,190.0,11579.0,35.322714477735175,0.18595695363922035,1.0597873750624525
ID119223,119223,9,9.895350456237793,163.08026237748516,40.96722556429146,0.0,479.0,479,5.0,1,,130.20618556701032,129.0,68.0,200.0,12630.0,36.253143008667166,0.23295522740357053,1.3571914085342542
ID180661,180661,9,8.705242156982422,151.04014885336377,42.35666921245306,0.0,738.0,738,5.0,1,,126.21649484536083,123.0,66.0,190.0,12243.0,34.36968953044592,0.19992934544700525,1.2237462427524202
ID35256,35256,9,9.226491928100586,158.16922791364115,65.94022353491798,0.0,134.0,134,5.0,1,,130.72164948453607,126.0,77.0,196.0,12680.0,33.5372126239524,0.21613349468569656,1.385451656909138
ID190906,190906,9,8.269288063049316,150.65278110066612,28.26240438448112,0.0,783.0,783,5.0,1,,126.23711340206185,126.0,61.0,188.0,12245.0,33.71936053536735,0.18766466892498332,1.1831134750651249
ID106939,106939,9,9.144664764404297,127.21905869337482,59.07902483147166,0.0,430.0,430,5.0,1,,132.8762886597938,128.0,82.0,185.0,12889.0,31.141564445006193,0.22290315642831404,1.5554684666261975
ID65991,65991,9,8.61626148223877,140.22960969014846,59.316573363555094,0.0,261.0,261,5.0,1,,125.31958762886597,121.0,73.0,187.0,12156.0,32.088921501999906,0.2046362370241143,1.3268457873468753
ID131529,131529,9,10.12752914428711,146.30589290838685,45.53094315408749,0.0,530.0,530,5.0,1,,136.28865979381445,135.0,74.0,192.0,13220.0,35.04579110573486,0.2464002442873557,1.5375790649613779
ID156109,156109,9,9.202465057373047,143.56087539992402,32.68598647062587,0.0,635.0,635,5.0,1,,134.03092783505156,132.0,77.0,192.0,13001.0,33.55730596316032,0.21971892962143494,1.4389829319025311
ID215506,215506,9,10.17510986328125,184.01849599694935,27.594333685300775,0.0,882.0,882,5.0,1,,137.79381443298968,132.0,80.0,211.0,13366.0,36.32748561819557,0.23582429301081242,1.4476253904578602
ID211408,211408,9,10.144336700439453,172.04880706431692,33.58948220151151,0.0,866.0,866,5.0,1,,140.8659793814433,136.0,89.0,207.0,13664.0,32.08732514105692,0.24948801710954355,1.7531545192888864
ID8664,8664,9,8.646470069885254,188.52320019384567,33.849232507346706,0.0,26.0,26,5.0,1,,125.54639175257732,123.0,58.0,178.0,12178.0,33.79164733411593,0.20511370507299556,1.2647116560338032
ID186843,186843,9,8.361859321594238,163.07219979446094,31.61551567249588,0.0,763.0,763,5.0,1,,124.8659793814433,122.0,61.0,191.0,12112.0,32.93289542956359,0.19550696372007817,1.240093209107773
ID149976,149976,9,9.520806312561035,145.03320133179088,23.96074936195855,0.0,609.0,609,5.0,1,,130.68041237113403,125.0,81.0,191.0,12676.0,32.2049253452767,0.23508724985448362,1.544719511592803
ID25054,25054,9,8.543071746826172,184.51422490455008,66.21387597394813,0.0,94.0,94,5.0,1,,121.24742268041237,119.0,57.0,186.0,11761.0,37.58324951796873,0.1905444583339392,1.0326636470770736
ID240093,240093,9,10.46537971496582,187.42306852098287,63.61453953832941,0.0,988.0,988,5.0,1,,140.29896907216494,140.0,91.0,200.0,13609.0,31.97432725004208,0.26576039510807004,1.8425607598633194
ID238044,238044,9,9.82014274597168,192.7581061112704,57.74601022545932,0.0,978.0,978,5.0,1,,131.15463917525773,127.0,70.0,191.0,12722.0,34.72221317296561,0.24358002653849212,1.4797017550792382
ID242147,242147,9,9.64289379119873,178.51688936559813,71.37953220396405,0.0,997.0,997,5.0,1,,130.42268041237114,132.0,62.0,194.0,12651.0,36.205384915882554,0.23371888701167942,1.3648582342271007
ID88547,88547,9,9.35115909576416,150.57008879797232,79.2701536086291,0.0,352.0,352,5.0,1,,131.43298969072166,129.0,58.0,202.0,12749.0,37.14720357815613,0.21071772986616394,1.231590791849776
ID39399,39399,9,9.389763832092285,147.8181601183682,74.21296304895866,0.0,152.0,152,5.0,1,,135.30927835051546,132.0,77.0,185.0,13125.0,32.152747687387425,0.22590747648470724,1.5510021205004167
ID55783,55783,9,7.73600435256958,130.24520578256428,48.37972937509635,0.0,219.0,219,5.0,1,,118.0618556701031,116.0,58.0,177.0,11452.0,33.66743432488759,0.17486310140161967,1.043855759343172
ID158181,158181,9,9.002646446228027,140.81653970062237,20.952814941050303,0.0,643.0,643,5.0,1,,129.37113402061857,126.0,72.0,193.0,12549.0,31.260104895467034,0.2203865131355137,1.4947362393315082
ID195045,195045,9,9.93246078491211,147.1625211756937,16.395131723211364,0.0,797.0,797,5.0,1,,137.64948453608247,131.0,71.0,203.0,13352.0,34.696313816309974,0.2310421231108864,1.489153618048391
ID92649,92649,9,9.814353942871094,138.10503327985614,89.3863570893833,0.0,368.0,368,5.0,1,,134.06185567010309,129.0,69.0,196.0,13004.0,36.60538850161205,0.22693109155181213,1.3547651984130094
ID2538,2538,9,8.525887489318848,183.5513660710244,36.20482237260813,0.0,6.0,6,5.0,1,,122.37113402061856,120.0,58.0,181.0,11870.0,35.51124223034542,0.19555198858100456,1.1272931969584665
ID172521,172521,9,10.5906343460083,153.42885591002297,44.1558869412144,0.0,705.0,705,5.0,1,,136.89690721649484,134.0,62.0,193.0,13279.0,37.10106819443861,0.2596785366262876,1.5212953718771456
ID43503,43503,9,8.273282051086426,142.40247620904154,70.46570784740432,0.0,168.0,168,5.0,1,,119.41237113402062,114.0,61.0,190.0,11583.0,36.264868381040046,0.18454315582291325,1.0259832425829565
ID207347,207347,9,10.152469635009766,170.0800759381068,23.715434771927235,0.0,849.0,849,5.0,1,,135.0,131.0,77.0,197.0,13095.0,34.79583308386221,0.24646868324950044,1.5343233648931693
ID168433,168433,9,9.496674537658691,151.96447927737344,32.19546931505072,0.0,687.0,687,5.0,1,,132.91752577319588,128.0,71.0,198.0,12893.0,34.22799478712953,0.2192203085061488,1.3964628394209753
ID141815,141815,9,8.629083633422852,152.62366252984305,31.748395665092477,0.0,574.0,574,5.0,1,,127.73195876288659,125.0,58.0,185.0,12390.0,33.697340233787216,0.20444260904528952,1.2868242857438865
ID223733,223733,9,9.300042152404785,178.60037017112242,52.63692515340415,0.0,917.0,917,5.0,1,,128.6701030927835,128.0,67.0,201.0,12481.0,37.39087501469123,0.20964086781914198,1.192783200523443
ID176632,176632,9,6.271768569946289,153.99134528723576,38.36688497418882,0.0,721.0,721,5.0,1,,101.75257731958763,91.0,47.0,182.0,9870.0,35.61279935168296,0.10990709443689048,0.565859225272573
ID219644,219644,9,9.09367847442627,174.3978675061751,53.437173471606116,0.0,901.0,901,5.0,1,,130.50515463917526,127.0,78.0,187.0,12659.0,34.75093635169543,0.20989883903473766,1.3030231353737654
ID14849,14849,9,8.397445678710938,187.84205841086685,55.074901911886506,0.0,52.0,52,5.0,1,,120.3917525773196,116.0,60.0,193.0,11678.0,34.30001114584091,0.19391647745306284,1.1401795270993509
ID164359,164359,9,8.853269577026367,157.2310765259944,24.53167096783231,0.0,668.0,668,5.0,1,,126.30927835051547,120.0,71.0,198.0,12252.0,34.45569644024237,0.206506576187933,1.2548979499838913
ID23046,23046,9,8.976828575134277,180.350727459596,63.40695651554789,0.0,87.0,87,5.0,1,,123.01030927835052,117.0,59.0,193.0,11932.0,36.961549515837184,0.20554764178853527,1.1348787318712477
ID84487,84487,9,8.845858573913574,150.64978112675803,81.52313500109138,0.0,338.0,338,5.0,1,,125.12371134020619,121.0,57.0,193.0,12137.0,37.09286143472632,0.2031308545860007,1.1390487381567442
ID129547,129547,9,9.439212799072266,142.1945674008532,43.54013856427771,0.0,525.0,525,5.0,1,,132.38144329896906,129.0,82.0,204.0,12841.0,34.5010396277444,0.22338234724286538,1.4012369014891009
ID123405,123405,9,8.82801342010498,164.4700223161017,52.359850950429546,0.0,496.0,496,5.0,1,,131.75257731958763,131.0,80.0,190.0,12780.0,31.643861611112357,0.20853878252695626,1.4368978030819117
ID225807,225807,9,9.344239234924316,170.87089614405778,44.07619501371057,0.0,926.0,926,5.0,1,,136.7319587628866,136.0,64.0,190.0,13263.0,30.494369515780257,0.23189885525946413,1.6881223726551884
ID227855,227855,9,9.876262664794922,188.14000528827117,41.43379423762454,0.0,937.0,937,5.0,1,,136.22680412371133,137.0,70.0,196.0,13214.0,33.7195866530861,0.24074487043633194,1.5677791180861214
ID59918,59918,9,9.15127944946289,138.54308285538852,61.56555311425716,0.0,237.0,237,5.0,1,,128.2164948453608,126.0,65.0,192.0,12437.0,37.09341439868507,0.21010030086265197,1.2002795028810511
ID96783,96783,9,9.307961463928223,147.76430397962272,93.7672377493986,0.0,386.0,386,5.0,1,,130.55670103092783,125.0,68.0,198.0,12664.0,33.770046229414156,0.22198429076292467,1.4046047310783472
ID80398,80398,9,8.80178451538086,149.4956321867413,96.58305824752401,0.0,320.0,320,5.0,1,,128.56701030927834,125.0,72.0,190.0,12471.0,33.748736771573775,0.2130680106533642,1.33824342938645
ID104974,104974,9,8.78670597076416,130.55129864947293,58.59897601593538,0.0,420.0,420,5.0,1,,126.26804123711341,127.0,61.0,187.0,12248.0,35.15990716945863,0.20839646882983975,1.2386728758060095
ID70163,70163,9,7.377024173736572,143.93192694085894,59.31427568902007,0.0,278.0,278,5.0,1,,121.3298969072165,122.0,70.0,177.0,11769.0,29.542596946853898,0.17240875578683373,1.2078956560031515
ID160272,160272,9,8.926055908203125,145.42996709665493,24.266394331821484,0.0,653.0,653,5.0,1,,128.70103092783506,122.0,77.0,197.0,12484.0,33.3504638112593,0.20823017863375545,1.330160771978602
ID152081,152081,9,9.781270980834961,144.72673600485675,28.452623071979314,0.0,617.0,617,5.0,1,,133.37113402061857,130.0,64.0,192.0,12937.0,35.07946918178212,0.23721623171959993,1.457933180667412
ID76311,76311,9,8.12782096862793,153.60007256917183,76.814894343345,0.0,302.0,302,5.0,1,,122.30927835051547,117.0,61.0,192.0,11864.0,32.941033436259964,0.1878799743411661,1.1745191734893423
ID113174,113174,9,10.238174438476562,143.16834426382306,45.12454928732442,0.0,455.0,455,5.0,1,,136.7422680412371,131.0,76.0,198.0,13264.0,35.96418309423612,0.24044113233830564,1.47399218324386
ID47643,47643,9,8.080686569213867,138.82323589203247,65.56878029053242,0.0,186.0,186,5.0,1,,121.44329896907216,122.0,61.0,180.0,11780.0,33.61205422171392,0.19095159863515732,1.1586110956560987
ID100892,100892,9,9.452022552490234,132.86407026487205,81.96337873463376,0.0,404.0,404,5.0,1,,132.37113402061857,130.0,78.0,194.0,12840.0,33.09875362319456,0.22653872043431006,1.4773140396845033
ID199196,199196,9,7.429762840270996,166.6595620334207,17.134415936274703,0.0,816.0,816,5.0,1,,121.64948453608247,118.0,51.0,174.0,11800.0,30.82951819993077,0.17482659846946358,1.1743762731075535
ID33313,33313,9,8.691577911376953,168.46175197341947,64.4525734835833,0.0,125.0,125,5.0,1,,128.72164948453607,125.0,69.0,192.0,12486.0,33.773986003789844,0.20159391505655083,1.278848126881464
ID143905,143905,9,9.712621688842773,152.47428992211456,18.15085644585487,0.0,583.0,583,5.0,1,,128.91752577319588,124.0,61.0,194.0,12505.0,35.55941919962182,0.23788397612614867,1.3933895407562842
ID29224,29224,9,8.827529907226562,180.43183566263502,65.00005263525938,0.0,111.0,111,5.0,1,,128.37113402061857,124.0,77.0,190.0,12452.0,31.487867897688282,0.21330215064221142,1.4334428593390605
ID137771,137771,9,10.034794807434082,137.89326703755012,32.7415454460389,0.0,557.0,557,5.0,1,,135.5979381443299,129.0,68.0,198.0,13153.0,34.77956170470143,0.2408055969596954,1.5132887723184711
ID64044,64044,9,8.589954376220703,130.17425154615492,68.43545509770077,0.0,252.0,252,5.0,1,,128.18556701030928,122.0,67.0,184.0,12434.0,32.58365192626869,0.2045544668267047,1.3361397727142843
ID6702,6702,9,8.525473594665527,178.8944817198487,43.89062765592251,0.0,18.0,18,5.0,1,,121.85567010309278,112.0,61.0,181.0,11820.0,34.125073165587516,0.19921885869099204,1.186408214322758
ID229933,229933,9,9.001007080078125,189.55815994756347,44.92366191534281,0.0,944.0,944,5.0,1,,126.08247422680412,125.0,60.0,188.0,12230.0,35.97472205796406,0.21394074074074076,1.23533082786361
ID182833,182833,9,8.874822616577148,150.62647241213762,48.3030753729274,0.0,747.0,747,5.0,1,,130.11340206185568,128.0,60.0,193.0,12621.0,35.25203194163061,0.2037058916474378,1.2492549442001608
ID117300,117300,9,8.754375457763672,159.30292764437678,43.964590304439795,0.0,472.0,472,5.0,1,,123.35051546391753,115.0,59.0,182.0,11965.0,35.266556760948404,0.20350864155550624,1.1828823377478692
ID53814,53814,9,9.080379486083984,133.8027370455838,61.15624755863189,0.0,210.0,210,5.0,1,,128.4536082474227,126.0,64.0,196.0,12460.0,34.90971110670015,0.20648448195067745,1.2594929097570857
ID203316,203316,9,10.0802001953125,165.18464925699973,14.62249240543738,0.0,831.0,831,5.0,1,,138.04123711340208,134.0,83.0,194.0,13390.0,32.73343013577417,0.247808263167329,1.6750016823417506
ID133689,133689,9,7.008408546447754,136.26979103694066,35.740680925475,0.0,541.0,541,5.0,1,,115.64948453608247,109.0,67.0,178.0,11218.0,30.27617367567874,0.1573139935944814,1.0384578199674708
ID188991,188991,9,9.089550971984863,149.1080012142439,21.825306455612072,0.0,772.0,772,5.0,1,,130.70103092783506,126.0,73.0,186.0,12678.0,32.62640959549155,0.21933900900516168,1.4412228324602656
ID21055,21055,9,8.787787437438965,173.83528504127824,71.3138725101305,0.0,75.0,75,5.0,1,,122.18556701030928,113.0,53.0,189.0,11852.0,36.59073479519417,0.19547641338558602,1.0920238495800543
ID37442,37442,9,7.71074914932251,147.63848137809177,69.34585738954301,0.0,144.0,144,5.0,1,,118.50515463917526,116.0,60.0,181.0,11495.0,34.99021402220324,0.1627429041170963,0.9480669385413387
ID109122,109122,9,10.16084098815918,129.1801851856612,49.92495140738903,0.0,442.0,442,5.0,1,,137.36082474226805,134.0,70.0,191.0,13324.0,31.872854688266962,0.2605642976286085,1.7816476883540822
ID121417,121417,9,8.968283653259277,164.9328688505533,50.07243505036251,0.0,494.0,494,5.0,1,,124.04123711340206,118.0,58.0,189.0,12032.0,35.70303369631599,0.2054399593274069,1.184214300756016
ID217675,217675,9,8.743481636047363,178.80186752579198,42.536330996698474,0.0,893.0,893,5.0,1,,130.84536082474227,129.0,67.0,188.0,12692.0,33.03670313901696,0.20529400748698706,1.3491955470701695
ID12873,12873,9,8.953017234802246,189.8558239450649,44.788166987641965,0.0,45.0,45,5.0,1,,120.6701030927835,112.0,58.0,196.0,11705.0,38.04676991586708,0.20126424278792077,1.062771650663957
ID232010,232010,9,10.52842903137207,192.37170917563463,50.330805160999915,0.0,953.0,953,5.0,1,,136.4536082474227,138.0,62.0,190.0,13236.0,34.588961575719466,0.2704037395320787,1.6793778696845252
ID145993,145993,9,6.304059982299805,145.4631840316286,20.755574540739506,0.0,592.0,592,5.0,1,,105.30927835051547,99.0,58.0,163.0,10215.0,29.420925385097327,0.14309240228658562,0.8961393346629425
ID154185,154185,9,7.48067045211792,135.45702704111017,30.557160896111487,0.0,627.0,627,5.0,1,,117.18556701030928,110.0,65.0,184.0,11367.0,32.585250336907045,0.16902619141545389,1.039950873393819
ID127565,127565,9,8.512654304504395,151.5711792346813,42.22485329220596,0.0,517.0,517,5.0,1,,127.94845360824742,126.0,68.0,186.0,12411.0,33.57000494427672,0.1948177534977218,1.242912328445934
ID178764,178764,9,8.669668197631836,145.00727644163044,41.09034296367486,0.0,730.0,730,5.0,1,,125.09278350515464,121.0,67.0,183.0,12134.0,33.889859125502305,0.20055673079407974,1.2332384117530204
ID213585,213585,9,9.380471229553223,177.83667801056112,29.642691795959294,0.0,877.0,877,5.0,1,,137.44329896907217,137.0,86.0,191.0,13332.0,30.341105599556453,0.2295932352301993,1.6916861239239573
ID209493,209493,9,10.063335418701172,175.73634184116528,29.964942843773585,0.0,859.0,859,5.0,1,,135.43298969072166,132.0,78.0,205.0,13137.0,35.44094478157022,0.23729387168568447,1.4657598826448224
ID184927,184927,9,9.23563289642334,156.49067443140498,41.83193274555028,0.0,756.0,756,5.0,1,,130.93814432989691,124.0,74.0,193.0,12701.0,35.16088452652017,0.21236042978490455,1.3046025652794415
ID68193,68193,9,8.708561897277832,146.31475466838987,58.586477258186974,0.0,270.0,270,5.0,1,,128.98969072164948,123.0,76.0,189.0,12512.0,32.22204694426396,0.2056322734843602,1.3655521273248312
ID221793,221793,9,9.237711906433105,186.95543754280433,51.94396014436686,0.0,910.0,910,5.0,1,,129.29896907216494,126.0,72.0,193.0,12542.0,33.99392254152867,0.2187264209264153,1.3652707866817817
ID193127,193127,9,10.090950965881348,141.71784936899462,30.038064419227965,0.0,791.0,791,5.0,1,,136.0,130.0,66.0,199.0,13192.0,37.345236197762446,0.23051991897366647,1.3644370492333375
ID74343,74343,9,7.802763938903809,154.1464251109752,69.23504997736286,0.0,295.0,295,5.0,1,,115.95876288659794,108.0,58.0,179.0,11248.0,35.89072463910801,0.162973520962226,0.905521077925081
ID86635,86635,9,9.098761558532715,147.890772521542,74.76671534618083,0.0,344.0,344,5.0,1,,131.38144329896906,127.0,74.0,190.0,12744.0,32.25305001693932,0.21811034813093227,1.458756729116158
ID19051,19051,9,8.726322174072266,169.8691157026266,57.987916586643586,0.0,70.0,70,5.0,1,,124.02061855670104,120.0,59.0,189.0,12030.0,35.24290099362899,0.1994229894614662,1.1701865240289855
ID51819,51819,9,9.631840705871582,129.12448057991753,59.98479038771569,0.0,203.0,203,5.0,1,,131.17525773195877,130.0,69.0,190.0,12724.0,34.026647128047045,0.23535054644729553,1.4688848916887438
ID90730,90730,9,9.119182586669922,150.4357226001092,84.29977468723771,0.0,360.0,360,5.0,1,,131.03092783505156,126.0,71.0,193.0,12710.0,34.52337783065973,0.2133061602639989,1.3345152040787587
ID57966,57966,9,9.396074295043945,133.20663794320274,58.109302032386516,0.0,228.0,228,5.0,1,,126.42268041237114,120.0,56.0,199.0,12263.0,38.26384146389229,0.2116623948892042,1.154326052463071
ID139884,139884,9,8.149065971374512,137.93392156796017,30.466501618613744,0.0,566.0,566,5.0,1,,119.05154639175258,112.0,52.0,177.0,11548.0,36.78608521291843,0.17749243204343101,0.975670512989363
ID78446,78446,9,9.146194458007812,157.680344615026,76.77564267045607,0.0,312.0,312,5.0,1,,127.35051546391753,124.0,61.0,191.0,12353.0,35.94499305568434,0.21223874109821608,1.2405914979109565
ID41585,41585,9,9.190750122070312,138.4877425268355,69.63791447041008,0.0,160.0,160,5.0,1,,132.1443298969072,131.0,81.0,189.0,12818.0,33.66996364551103,0.2202978966775249,1.4170343211039584
ID45683,45683,9,9.134099006652832,128.08884938307133,73.51151840647807,0.0,178.0,178,5.0,1,,129.94845360824743,125.0,75.0,192.0,12605.0,34.143804688778154,0.21686516752545526,1.3565522944941482
ID4728,4728,9,7.08451509475708,173.59345332070018,40.21582799402618,0.0,13.0,13,5.0,1,,108.34020618556701,102.0,54.0,175.0,10509.0,34.85651738375065,0.14672491198769083,0.7953902634203079
ID162424,162424,9,8.928956985473633,149.2461249890923,30.50498675900596,0.0,660.0,660,5.0,1,,128.04123711340208,120.0,67.0,198.0,12420.0,35.7662892743098,0.20596111212355844,1.2228069461922768
ID174713,174713,9,9.852860450744629,147.22427641312228,46.70053150198033,0.0,712.0,712,5.0,1,,140.63917525773195,139.0,88.0,194.0,13642.0,30.810639925941953,0.241554561429097,1.7761720069688318
ID94845,94845,9,9.90927505493164,147.86622452288654,89.3190447541063,0.0,380.0,380,5.0,1,,133.96907216494844,130.0,68.0,202.0,12995.0,37.48178824671819,0.22737846295575448,1.3242960097309584
ID191102,191102,9,9.835613250732422,145.74516897664472,31.132325283387527,0.0,781.0,781,5.0,1,,135.81443298969072,134.0,72.0,198.0,13174.0,35.14533216306588,0.23076751459967557,1.449128561231925
ID141948,141948,9,9.278105735778809,152.24352063795533,27.139941809003165,0.0,575.0,575,5.0,1,,132.04123711340208,128.0,79.0,195.0,12808.0,33.7518263474281,0.21575635456986603,1.3885430523567777
ID170626,170626,9,8.61838150024414,151.32403644000058,44.29385897477712,0.0,697.0,697,5.0,1,,125.76288659793815,122.0,69.0,186.0,12199.0,34.28306591084617,0.19596836072215398,1.2021789195409311
ID166531,166531,9,9.44219970703125,154.96369949430115,23.36938035125232,0.0,679.0,679,5.0,1,,130.5257731958763,128.0,56.0,202.0,12661.0,36.185601643789546,0.21660222087448477,1.2844132368092467
ID98947,98947,9,10.112170219421387,139.95256628689305,88.16174114118168,0.0,395.0,395,5.0,1,,135.37113402061857,129.0,65.0,197.0,13131.0,36.504942470058324,0.23682526293592016,1.420116832587001
ID234119,234119,9,10.096761703491211,189.6611545984516,54.02171994553079,0.0,961.0,961,5.0,1,,133.96907216494844,134.0,69.0,199.0,12995.0,34.1508460144863,0.25185725564878003,1.5784569233295584
ID27269,27269,9,9.330531120300293,177.825257922047,68.54919107411746,0.0,102.0,102,5.0,1,,129.70103092783506,127.0,60.0,196.0,12581.0,34.57575166345315,0.2236188322246806,1.3710838529228817
ID103047,103047,9,8.016803741455078,132.54099283693688,64.31343563300952,0.0,417.0,417,5.0,1,,121.18556701030928,118.0,55.0,185.0,11755.0,35.03133415746871,0.17645806706394293,1.0377417341474526
ID197253,197253,9,9.1671142578125,153.45266123808204,25.435459129634886,0.0,806.0,806,5.0,1,,132.77319587628867,132.0,71.0,187.0,12879.0,34.27964202538172,0.21518629035111517,1.3717528275666129
ID115337,115337,9,9.832825660705566,160.82444738477028,47.472829216035365,0.0,465.0,465,5.0,1,,138.02061855670104,132.0,77.0,196.0,13388.0,34.39264074062069,0.22902007476914665,1.495626037918887
ID62096,62096,9,9.539511680603027,142.41803720958967,69.23282592611984,0.0,245.0,245,5.0,1,,132.91752577319588,128.0,74.0,199.0,12893.0,34.61504673521473,0.22464838963204628,1.4087671489104086
ID135826,135826,9,9.885502815246582,136.5938907552894,27.410455122725843,0.0,547.0,547,5.0,1,,134.7835051546392,134.0,72.0,200.0,13074.0,37.7668910345986,0.22542972537026962,1.3130409717459541
ID205458,205458,9,10.648639678955078,166.28929040964218,25.99951686208735,0.0,842.0,842,5.0,1,,138.8659793814433,133.0,69.0,194.0,13470.0,34.85524496219429,0.26417440617288146,1.6651043834418189
ID158352,158352,9,9.465471267700195,144.80180898208974,17.997839038489044,0.0,645.0,645,5.0,1,,130.81443298969072,127.0,76.0,187.0,12689.0,34.06193192092261,0.2269876139504114,1.4209485826458115
ID82580,82580,9,9.381484985351562,144.76342064540432,87.71232941951403,0.0,329.0,329,5.0,1,,130.6701030927835,124.0,66.0,194.0,12675.0,35.03739717831403,0.22094794284702746,1.34979311335413
ID111255,111255,9,9.408053398132324,134.52539963982812,52.56873360475469,0.0,450.0,450,5.0,1,,134.75257731958763,136.0,68.0,195.0,13071.0,34.78146984142415,0.22579910317573207,1.4273223239472799
ID17049,17049,9,9.29366683959961,172.89157443576812,53.80662390544291,0.0,61.0,61,5.0,1,,128.43298969072166,125.0,65.0,186.0,12458.0,34.488798669669194,0.22288796201760858,1.3574644480181215
ID10906,10906,9,8.771329879760742,191.81821052082535,34.76274604813966,0.0,33.0,33,5.0,1,,125.37113402061856,120.0,61.0,193.0,12161.0,34.412122254746244,0.20239715894459484,1.2265141511381097
ID148120,148120,9,10.34310245513916,146.18515695446195,22.027069695251615,0.0,599.0,599,5.0,1,,137.7835051546392,133.0,80.0,202.0,13365.0,34.56281323068543,0.24636285248404743,1.5759733432363914
ID236190,236190,9,10.768101692199707,185.1087774553552,55.2940266598758,0.0,970.0,970,5.0,1,,138.49484536082474,132.0,73.0,198.0,13434.0,34.86286339339117,0.268778988867253,1.683099879651411
ID201379,201379,9,8.17490005493164,163.6592178140616,13.260950560825458,0.0,823.0,823,5.0,1,,116.71134020618557,111.0,58.0,185.0,11321.0,36.880425805027485,0.17744594771590594,0.9538327540632122
ID35495,35495,9,8.454014778137207,154.80416801857794,65.17766694673954,0.0,136.0,136,5.0,1,,123.81443298969072,120.0,59.0,187.0,12010.0,34.1998811818438,0.1921001715550472,1.1667872474855585
ID31402,31402,9,8.95059871673584,168.11744928688904,62.79216191475924,0.0,118.0,118,5.0,1,,128.38144329896906,119.0,76.0,196.0,12453.0,33.98879818501761,0.2038098838249467,1.278980071644228
ID107179,107179,9,9.649558067321777,122.70526892677061,54.281196788888124,0.0,431.0,431,5.0,1,,133.90721649484536,130.0,79.0,197.0,12989.0,34.938363130133304,0.22657228202989216,1.4159406709010727
ID125611,125611,9,10.386143684387207,162.2283183592978,47.530406100243084,0.0,507.0,507,5.0,1,,141.58762886597938,137.0,83.0,197.0,13734.0,32.55340246468088,0.2566709748258627,1.7766999602800617
ID180905,180905,9,9.432770729064941,148.9434665095911,44.52534916846175,0.0,739.0,739,5.0,1,,134.11340206185568,133.0,70.0,192.0,13009.0,34.5988548367391,0.22443796123914214,1.4210193111830642
ID49839,49839,9,8.68465518951416,131.57722773872595,68.79530804991383,0.0,196.0,196,5.0,1,,125.68041237113403,124.0,52.0,184.0,12191.0,35.51658837540817,0.19867401336589538,1.173022454024973
ID72366,72366,9,6.688769817352295,144.37429526082371,62.38640366478062,0.0,291.0,291,5.0,1,,110.01030927835052,105.0,49.0,171.0,10671.0,32.45814447271568,0.14514482448498922,0.8591734186602773
ID66231,66231,9,8.940560340881348,139.0607969589709,57.50714343213578,0.0,262.0,262,5.0,1,,126.50515463917526,119.0,75.0,196.0,12271.0,34.72514810123811,0.2110430602310743,1.269713102623905
ID156340,156340,9,9.856719970703125,142.83407293397352,28.741811098138676,0.0,636.0,636,5.0,1,,132.41237113402062,127.0,62.0,202.0,12844.0,36.76806601786608,0.23089884396009064,1.3510989803765068
ID211643,211643,9,9.968034744262695,179.05461799377662,26.681043705128165,0.0,868.0,868,5.0,1,,140.9278350515464,141.0,81.0,197.0,13670.0,31.754674007236204,0.24368577139505077,1.7391563365332636
ID238266,238266,9,9.934194564819336,190.67269250204055,58.53272271640459,0.0,979.0,979,5.0,1,,133.60824742268042,133.0,67.0,192.0,12960.0,34.675146208845476,0.24650156248738303,1.5239538351554518
ID182969,182969,9,8.80241584777832,147.7819390286058,50.33464331280298,0.0,748.0,748,5.0,1,,135.93814432989691,135.0,79.0,188.0,13186.0,28.94456426839563,0.21338128009333893,1.6518223668842693
ID215747,215747,9,9.134699821472168,181.36313101119904,30.263675598924287,0.0,883.0,883,5.0,1,,133.18556701030928,130.0,79.0,196.0,12919.0,32.774904620032586,0.21689264446569673,1.4485659786607028
ID240320,240320,9,9.987972259521484,184.88724293146652,63.43736055024129,0.0,989.0,989,5.0,1,,135.8659793814433,135.0,71.0,192.0,13179.0,34.45154473616392,0.2431345047352643,1.5426254623620572
ID131782,131782,9,9.286314010620117,145.5818934025933,46.561913492318226,0.0,531.0,531,5.0,1,,130.6701030927835,124.0,71.0,196.0,12675.0,34.402858907813574,0.22145897267493908,1.3772922124558118
ID119494,119494,9,10.029770851135254,166.43875210233708,51.42082677899297,0.0,481.0,481,5.0,1,,132.6701030927835,134.0,62.0,192.0,12869.0,36.11287906501309,0.24680791453187656,1.454455641993128
ID242377,242377,9,9.949352264404297,180.72360442872503,71.35129373182835,0.0,998.0,998,5.0,1,,135.36082474226805,137.0,71.0,191.0,13130.0,32.54105918137958,0.25036666120043144,1.665828987479904
ID195273,195273,9,9.83441162109375,150.3235090802172,19.041632062080584,0.0,799.0,799,5.0,1,,134.53608247422682,129.0,73.0,196.0,13050.0,34.9046504350513,0.23230026211132992,1.4531774135021895
ID150220,150220,9,9.138729095458984,145.14953328154616,24.11692194997725,0.0,610.0,610,5.0,1,,127.58762886597938,119.0,65.0,192.0,12376.0,34.572011975404195,0.2153257544514831,1.3077272802781104
ID56015,56015,9,9.338912010192871,128.57195675963632,51.10427591232923,0.0,221.0,221,5.0,1,,126.68041237113403,124.0,52.0,189.0,12288.0,37.892266798932894,0.21971426650767686,1.2044507085625158
ID8915,8915,9,6.908403396606445,189.97243222801538,35.55471172654237,0.0,29.0,29,5.0,1,,107.24742268041237,99.0,55.0,192.0,10403.0,32.62668607642978,0.15321407291421285,0.873439080317738
ID39636,39636,9,7.974241256713867,147.3620214056083,70.20165590782962,0.0,153.0,153,5.0,1,,120.8659793814433,114.0,70.0,187.0,11724.0,33.39617894372405,0.17733558406229097,1.0902671099649481
ID187095,187095,9,7.8496270179748535,163.9142326292604,32.27929050621572,0.0,764.0,764,5.0,1,,117.42268041237114,112.0,55.0,182.0,11390.0,33.49217416413199,0.17593194162715944,1.0490619930300937
ID172761,172761,9,10.01224136352539,152.96524793405047,46.37561771042129,0.0,708.0,708,5.0,1,,132.37113402061857,129.0,61.0,198.0,12840.0,37.10495238386562,0.23533716510238564,1.3592408456605367
ID219864,219864,9,9.653604507446289,172.60045734041256,49.07331921538292,0.0,900.0,900,5.0,1,,133.20618556701032,132.0,73.0,193.0,12921.0,35.75435234122143,0.2292231708185035,1.3894830394326225
ID43740,43740,9,8.858363151550293,137.25848786779466,71.7249215005019,0.0,170.0,170,5.0,1,,127.88659793814433,123.0,76.0,188.0,12405.0,32.423267201405615,0.21083323044379443,1.3735769252630066
ID88797,88797,9,9.394775390625,154.22148773231535,82.44806546923321,0.0,359.0,359,5.0,1,,132.69072164948454,131.0,73.0,200.0,12871.0,35.00724949467082,0.2183446731760608,1.3585793034611098
ID2784,2784,9,8.66422176361084,179.26672313506563,36.13168746586394,0.0,7.0,7,5.0,1,,122.84536082474227,116.0,63.0,188.0,11916.0,36.30207185495339,0.19804305768297942,1.1187796030880928
ID92897,92897,9,8.732744216918945,141.9357457026447,93.33750765789141,0.0,373.0,373,5.0,1,,126.71134020618557,123.0,67.0,185.0,12291.0,34.04285251796825,0.20325471723959065,1.257484375287409
ID176864,176864,9,7.266115188598633,148.62296568752575,39.00487169612484,0.0,722.0,722,5.0,1,,110.42268041237114,102.0,52.0,182.0,10711.0,36.67788702893361,0.14418183995951883,0.7587513645027634
ID25317,25317,9,8.537753105163574,186.34246830100818,65.8338637350993,0.0,93.0,93,5.0,1,,122.43298969072166,119.0,71.0,186.0,11876.0,33.82334844960863,0.19767183920751474,1.194864932858869
ID168677,168677,9,10.28268814086914,148.9763956364895,27.043730813084633,0.0,688.0,688,5.0,1,,137.48453608247422,134.0,75.0,193.0,13336.0,35.36538838859668,0.2451530178093858,1.5308052201275233
ID84713,84713,9,7.823225021362305,152.14813658626713,80.47650930061923,0.0,337.0,337,5.0,1,,117.63917525773196,110.0,57.0,185.0,11411.0,35.00957772733124,0.16827704475358018,0.9679972583981039
ID223977,223977,9,9.713611602783203,180.5185587813975,51.20607143476476,0.0,918.0,918,5.0,1,,134.0,130.0,62.0,204.0,12998.0,37.10851205136992,0.22264022469997446,1.3151224909910808
ID207592,207592,9,9.124659538269043,171.52638731801852,28.168652472432637,0.0,851.0,851,5.0,1,,134.41237113402062,132.0,66.0,185.0,13038.0,31.91908799909794,0.2253074021817669,1.548635344839285
ID226030,226030,9,9.87497329711914,172.6964170428745,46.57139786475483,0.0,927.0,927,5.0,1,,137.71134020618555,136.0,64.0,197.0,13358.0,34.850561557792304,0.2375094283792313,1.5167788286530388
ID164595,164595,9,9.003173828125,155.10259733607688,24.781738116094512,0.0,670.0,670,5.0,1,,127.50515463917526,121.0,75.0,190.0,12368.0,33.36138102636422,0.211313378929929,1.3334729125152636
ID228091,228091,9,9.37209701538086,191.68238152590357,42.53821713667084,0.0,935.0,935,5.0,1,,132.01030927835052,129.0,73.0,192.0,12805.0,34.07176704073844,0.22668798996842074,1.431982085527952
ID105211,105211,9,8.496500968933105,125.87793148491926,54.04520591196519,0.0,423.0,423,5.0,1,,124.84536082474227,118.0,63.0,185.0,12110.0,33.392969633774705,0.19842481218069433,1.2380339315388251
ID97018,97018,9,8.66346263885498,149.82083730716124,93.56014634075798,0.0,389.0,389,5.0,1,,128.08247422680412,127.0,68.0,191.0,12424.0,34.047965585055145,0.20520481606740917,1.2810179864461855
ID152313,152313,9,8.915264129638672,143.3611403743534,31.827999771766844,0.0,620.0,620,5.0,1,,130.659793814433,128.0,79.0,180.0,12674.0,30.82574904400072,0.2326433665660522,1.5999689579392617
ID60160,60160,9,9.06118392944336,136.2939767797714,62.30508860791378,0.0,235.0,235,5.0,1,,126.26804123711341,120.0,69.0,197.0,12248.0,35.89786305847394,0.20878495249690024,1.2150803359720772
ID160514,160514,9,8.826839447021484,144.30994090460158,28.78529645512392,0.0,654.0,654,5.0,1,,130.55670103092783,130.0,73.0,185.0,12664.0,30.592404106304492,0.21679974631123225,1.5207408603689334
ID80643,80643,9,7.332851886749268,147.89911093284434,98.80340728045222,0.0,321.0,321,5.0,1,,116.23711340206185,107.0,64.0,174.0,11275.0,31.164474030228003,0.1665378856505648,1.0649499782086478
ID129797,129797,9,9.790386199951172,142.2545603666388,44.626803588338575,0.0,522.0,522,5.0,1,,136.8041237113402,137.0,78.0,194.0,13270.0,33.61412128086255,0.23688722719763491,1.5589025278654762
ID123655,123655,9,9.996070861816406,161.33974985591007,49.93069860229022,0.0,500.0,500,5.0,1,,136.8762886597938,136.0,73.0,200.0,13277.0,33.222186904975736,0.2447131621435701,1.6200113094445125
ID76550,76550,9,8.983055114746094,150.75210265622962,77.92134119693266,0.0,303.0,303,5.0,1,,127.55670103092784,126.0,58.0,184.0,12373.0,34.96723736590348,0.21105578842377337,1.2714669346142657
ID144138,144138,9,8.691110610961914,151.76765098493814,22.98320990510228,0.0,584.0,584,5.0,1,,126.44329896907216,124.0,68.0,192.0,12265.0,32.43261253229691,0.20469700698569743,1.3248830426246916
ID47881,47881,9,9.24153995513916,138.40183870683967,62.72075540962251,0.0,187.0,187,5.0,1,,130.36082474226805,128.0,81.0,201.0,12645.0,34.48586231070226,0.21952259601708124,1.3608973973688756
ID23306,23306,9,9.037632942199707,179.21389842811413,66.652447523632,0.0,85.0,85,5.0,1,,128.4742268041237,125.0,81.0,186.0,12462.0,32.170474553380316,0.22471538466615865,1.4655011854717768
ID203534,203534,9,9.908793449401855,163.27096539892653,12.79830752520733,0.0,833.0,833,5.0,1,,132.01030927835052,125.0,76.0,192.0,12805.0,35.92860247692661,0.2357717487729121,1.4020097110430916
ID199436,199436,9,9.224605560302734,163.81155910824813,25.068258211087464,0.0,813.0,813,5.0,1,,131.8659793814433,129.0,64.0,193.0,12791.0,33.523197461477885,0.2160220332044705,1.3975711613471948
ID230163,230163,9,10.63813304901123,189.98724865956538,45.16348361154577,0.0,945.0,945,5.0,1,,135.10309278350516,136.0,54.0,199.0,13105.0,38.44516780864731,0.2546906124875322,1.426690649738419
ID113429,113429,9,9.638072967529297,149.66946036280774,48.36387340140199,0.0,458.0,458,5.0,1,,129.3298969072165,127.0,47.0,194.0,12545.0,40.43712239635252,0.2157194565881634,1.135022928596446
ID33557,33557,9,9.070902824401855,166.19583340056178,64.39837492846837,0.0,128.0,128,5.0,1,,129.7422680412371,126.0,63.0,191.0,12585.0,34.341507426180435,0.21134217782140277,1.3182915422341746
ID70420,70420,9,7.65516471862793,141.44963605768282,59.46045734298258,0.0,280.0,280,5.0,1,,117.12371134020619,109.0,65.0,191.0,11361.0,34.57336936741641,0.16789999953970575,0.9740430499641771
ID101143,101143,9,9.776232719421387,129.63007534141246,85.52525750592385,0.0,407.0,407,5.0,1,,134.58762886597938,136.0,62.0,194.0,13055.0,34.83914003953252,0.23832064305435954,1.486949641054408
ID29463,29463,9,8.52405834197998,173.48356209037559,64.96570737443352,0.0,115.0,115,5.0,1,,126.22680412371135,120.0,68.0,187.0,12244.0,32.93159107485773,0.1980561752217107,1.2673018657194903
ID138015,138015,9,9.625717163085938,138.6417023470432,34.059184021602505,0.0,558.0,558,5.0,1,,137.1958762886598,139.0,70.0,185.0,13308.0,33.077761655698566,0.23447395150184983,1.5756059500696562
ID15138,15138,9,8.543964385986328,189.00305283561823,49.75499882913921,0.0,51.0,51,5.0,1,,119.69072164948453,110.0,60.0,181.0,11610.0,35.41549826251398,0.19885057559838884,1.1211376084081768
ID6948,6948,9,8.83443832397461,185.8121398117131,34.79184272116536,0.0,25.0,25,5.0,1,,126.18556701030928,118.0,68.0,190.0,12240.0,33.25574195311591,0.2107005895499789,1.3206934820186682
ID117541,117541,9,8.07884407043457,164.1053804496159,41.27586960942691,0.0,475.0,475,5.0,1,,116.1340206185567,112.0,54.0,182.0,11265.0,35.38556345989944,0.18551684206165475,1.027162029704873
ID64296,64296,9,8.25143814086914,130.76736335078613,64.85995331121461,0.0,253.0,253,5.0,1,,126.21649484536083,125.0,69.0,180.0,12243.0,31.452420019545574,0.19767759343430288,1.3246756851618773
ID21294,21294,9,8.706905364990234,173.4315179897731,69.00876522565692,0.0,78.0,78,5.0,1,,125.76288659793815,119.0,72.0,192.0,12199.0,33.21356813483644,0.20305476434351769,1.2781880264431242
ID189228,189228,9,9.42763614654541,148.011779011729,24.64095756704671,0.0,773.0,773,5.0,1,,134.2680412371134,131.0,77.0,198.0,13024.0,33.069218902653496,0.22331925697284533,1.4823988653830418
ID54063,54063,9,6.378291606903076,136.37390955694974,59.08739525947638,0.0,212.0,212,5.0,1,,108.64948453608247,102.0,54.0,166.0,10539.0,29.89496935004053,0.14201774857957988,0.9039186007529403
ID109362,109362,9,10.154074668884277,134.1671602364038,49.37488561617493,0.0,440.0,440,5.0,1,,136.43298969072166,137.0,62.0,193.0,13234.0,35.53340775960433,0.24772698769075602,1.5246364033157325
ID121650,121650,9,9.538697242736816,163.79098874837598,47.53235130370797,0.0,490.0,490,5.0,1,,126.02061855670104,119.0,63.0,196.0,12224.0,36.8188072925609,0.22791554002643216,1.2705955468580286
ID154417,154417,9,8.747129440307617,140.7953847981014,28.210875604667947,0.0,628.0,628,5.0,1,,125.04123711340206,123.0,65.0,188.0,12129.0,35.56183509213599,0.19939229184750473,1.1690853156266954
ID146231,146231,9,8.795815467834473,142.05629398701853,24.15129482146463,0.0,597.0,597,5.0,1,,123.90721649484536,118.0,63.0,184.0,12019.0,35.20714962730901,0.20171727619774232,1.181507604070346
ID133946,133946,9,8.146284103393555,136.81748165325826,39.71753945374985,0.0,540.0,540,5.0,1,,118.90721649484536,114.0,56.0,196.0,11534.0,35.032449979217716,0.1801520206746285,1.036260350173651
ID13113,13113,9,7.974454879760742,189.51816470800387,47.04361338382532,0.0,47.0,47,5.0,1,,114.0721649484536,106.0,54.0,186.0,11065.0,37.59079215232335,0.16967234485497923,0.8803898804273973
ID179001,179001,9,9.74779224395752,150.10115773523168,46.315778449474195,0.0,735.0,735,5.0,1,,136.30927835051546,133.0,61.0,193.0,13222.0,34.493465813814616,0.23311245625943167,1.4941058857058505
ID217912,217912,9,8.061519622802734,178.846977964844,41.35433010800378,0.0,892.0,892,5.0,1,,122.96907216494846,118.0,63.0,189.0,11928.0,33.86814309699438,0.17804759133846632,1.0975081980671264
ID213822,213822,9,9.457844734191895,175.17566731213435,27.08309461516224,0.0,875.0,875,5.0,1,,135.84536082474227,130.0,84.0,192.0,13177.0,31.073280391608687,0.22672783221991394,1.6160110286707081
ID232253,232253,9,9.937752723693848,190.16370232048706,52.44306984698086,0.0,954.0,954,5.0,1,,132.23711340206185,132.0,70.0,190.0,12827.0,34.83824921329173,0.2471567311963868,1.5044523683007993
ID209724,209724,9,10.49661636352539,174.1628548056995,23.073035991108217,0.0,857.0,857,5.0,1,,138.83505154639175,135.0,80.0,203.0,13467.0,34.16219902061924,0.25598485366529716,1.656582885627516
ID127808,127808,9,8.401312828063965,149.4053088467092,42.87358478571056,0.0,514.0,514,5.0,1,,131.72164948453607,129.0,91.0,184.0,12777.0,29.12392425339563,0.2012713514423734,1.515577349681883
ID37705,37705,9,8.21363353729248,147.92510005117708,70.95209154673222,0.0,147.0,147,5.0,1,,123.51546391752578,117.0,67.0,184.0,11981.0,33.41722154632681,0.18223750473359587,1.139499186087548
ID185168,185168,9,8.69271469116211,152.68268544377756,42.352602490874155,0.0,757.0,757,5.0,1,,124.55670103092784,118.0,67.0,197.0,12082.0,36.0211075482617,0.19158560628991114,1.1119305433343658
ID68437,68437,9,9.790814399719238,145.80985236809232,53.95127460071126,0.0,271.0,271,5.0,1,,134.6701030927835,129.0,63.0,196.0,13063.0,34.703422516579856,0.23096321404209533,1.4562187550934105
ID74582,74582,9,7.122060298919678,152.94858088496466,67.74945901466693,0.0,296.0,296,5.0,1,,112.17525773195877,106.0,51.0,186.0,10881.0,32.22867845222066,0.15780504809715679,0.9487898441730456
ID174933,174933,9,10.004605293273926,149.9022673764051,43.28253071327661,0.0,714.0,714,5.0,1,,130.16494845360825,130.0,48.0,195.0,12626.0,40.33006540110903,0.22805321348105823,1.19871000580849
ID90968,90968,9,9.57962417602539,150.23803782290994,84.70026806561448,0.0,362.0,362,5.0,1,,132.38144329896906,125.0,70.0,198.0,12841.0,36.41812829798536,0.22144489051004212,1.3180481405108093
ID41821,41821,9,8.820648193359375,137.02748222818244,70.62585389182338,0.0,162.0,162,5.0,1,,130.1340206185567,128.0,77.0,189.0,12623.0,31.47870605199495,0.2132037275121886,1.4529980411186032
ID162655,162655,9,8.163290977478027,153.76993043646416,26.070018283751487,0.0,663.0,663,5.0,1,,120.57731958762886,116.0,63.0,191.0,11696.0,34.603960229630985,0.17875159869930463,1.0568113203918013
ID193372,193372,9,9.605286598205566,144.62609355093548,31.36898193906901,0.0,790.0,790,5.0,1,,133.7835051546392,132.0,64.0,193.0,12977.0,36.57504465824447,0.22230907109970832,1.3305274846354853
ID52065,52065,9,9.527711868286133,131.32603594763393,61.19936512516496,0.0,204.0,204,5.0,1,,129.71134020618555,123.0,76.0,207.0,12582.0,36.25889510488156,0.21806124594247617,1.280863174551478
ID140131,140131,9,7.737212181091309,139.34531226053002,28.70364609848924,0.0,567.0,567,5.0,1,,121.56701030927834,118.0,72.0,179.0,11792.0,31.960557468182188,0.1766186830049524,1.1419110828471437
ID234338,234338,9,11.19555950164795,190.98767907184845,52.48295069372651,0.0,962.0,962,5.0,1,,138.64948453608247,133.0,72.0,203.0,13449.0,37.05571290781664,0.2771713190185679,1.6240231413725335
ID58210,58210,9,9.43505573272705,136.87920556286767,57.82672982161214,0.0,231.0,231,5.0,1,,125.04123711340206,119.0,59.0,194.0,12129.0,37.974201090393045,0.21584138343638423,1.1691020074303518
ID4965,4965,9,8.607112884521484,173.1002923543324,38.13807587290374,0.0,11.0,11,5.0,1,,122.49484536082474,117.0,57.0,188.0,11882.0,34.173919060977695,0.20164157158724935,1.2029792933394872
ID19301,19301,9,7.969566345214844,170.37126236432854,61.55052429714925,0.0,71.0,71,5.0,1,,120.10309278350516,115.0,68.0,180.0,11650.0,32.49182093750751,0.1879846211125437,1.1698269935231087
ID86884,86884,9,9.638833999633789,148.96968374491772,81.817892148838,0.0,349.0,349,5.0,1,,136.04123711340208,135.0,72.0,191.0,13196.0,32.53969291680969,0.23274398656453898,1.5786748649929718
ID222054,222054,9,8.078535079956055,185.1464522398656,52.41316135218676,0.0,909.0,909,5.0,1,,122.58762886597938,116.0,68.0,195.0,11891.0,32.47491101390156,0.1841123684807482,1.1738665254298324
ID166763,166763,9,8.98516845703125,153.06484160477206,25.403319420037153,0.0,680.0,680,5.0,1,,130.37113402061857,127.0,72.0,194.0,12646.0,33.63168136458442,0.21060195792915234,1.3487265028186712
ID95084,95084,9,9.195369720458984,144.49226644644276,94.00644100051105,0.0,382.0,382,5.0,1,,131.63917525773195,129.0,77.0,185.0,12769.0,34.40057702005468,0.21736083479822393,1.36650551574765
ID78703,78703,9,8.628612518310547,156.43954659966,78.05819844585028,0.0,313.0,313,5.0,1,,125.16494845360825,118.0,72.0,190.0,12141.0,34.58705213309935,0.19365465548309846,1.1742171460970585
ID170866,170866,9,8.775565147399902,152.02293499468138,41.073338074519114,0.0,696.0,696,5.0,1,,122.43298969072166,118.0,52.0,190.0,11876.0,34.725683103580685,0.2082119608037037,1.2151788328536814
ID99187,99187,9,9.030792236328125,136.52751104365132,86.00003804308912,0.0,399.0,399,5.0,1,,128.36082474226805,127.0,62.0,192.0,12451.0,35.113858128181356,0.2139916894488598,1.2887394948698543
ID27508,27508,9,8.463088989257812,180.72452797275207,70.38281369274861,0.0,103.0,103,5.0,1,,117.9278350515464,116.0,53.0,174.0,11439.0,34.785727264293925,0.20417833682366032,1.1496458758364563
ID115575,115575,9,9.956623077392578,157.73658141714927,46.47813154648297,0.0,462.0,462,5.0,1,,138.15463917525773,140.0,62.0,190.0,13401.0,36.44897695357442,0.23318578350572278,1.433453751634681
ID205685,205685,9,10.570663452148438,165.8871906922329,26.238195141459446,0.0,843.0,843,5.0,1,,138.15463917525773,136.0,71.0,197.0,13401.0,36.21617393231279,0.25324235511862375,1.5416797963589879
ID15231,15231,9,7.510225296020508,182.00077258216868,59.640763225531565,0.0,55.0,55,5.0,1,,121.08247422680412,116.0,69.0,171.0,11745.0,29.68503765335493,0.17935825190336313,1.2406500309545088
ID136067,136067,9,8.465808868408203,135.68935733018753,29.466833547871218,0.0,550.0,550,5.0,1,,125.90721649484536,123.0,62.0,189.0,12213.0,34.81351583623414,0.1885751553859629,1.1476000528698695
ID82819,82819,9,9.976822853088379,143.71644868219465,88.37602931836923,0.0,331.0,331,5.0,1,,136.28865979381445,134.0,72.0,204.0,13220.0,35.87273766469654,0.23512572679498342,1.4464858118017885
ID148358,148358,9,8.894463539123535,145.4435921948276,22.34819856929201,0.0,600.0,600,5.0,1,,133.71134020618555,131.0,84.0,183.0,12970.0,29.071018917359446,0.22443271583781074,1.6861228873601373
ID197511,197511,9,9.196109771728516,160.5569357971452,28.4907341808414,0.0,808.0,808,5.0,1,,131.16494845360825,131.0,65.0,187.0,12723.0,35.81831480203573,0.21671388152525822,1.304490459821688
ID103300,103300,9,9.37762451171875,129.99790031594162,81.20654145947074,0.0,412.0,412,5.0,1,,131.28865979381445,124.0,77.0,196.0,12735.0,33.05833189318749,0.2238948125633378,1.4530354588287524
ID62342,62342,9,8.485062599182129,136.8210782604709,72.53574442416317,0.0,247.0,247,5.0,1,,124.68041237113403,123.0,61.0,185.0,12094.0,34.49956110582924,0.19665296682945999,1.1878098885987443
ID236420,236420,9,10.622687339782715,192.24848255399803,55.85721547711705,0.0,973.0,973,5.0,1,,134.55670103092783,131.0,76.0,197.0,13052.0,35.0038596300956,0.26808164159035863,1.625321393916664
ID111497,111497,9,9.71200180053711,134.1378515478767,54.21352637317303,0.0,449.0,449,5.0,1,,137.4742268041237,133.0,81.0,193.0,13335.0,32.30714987413299,0.23408650394645375,1.614296881183341
ID11148,11148,9,8.344860076904297,191.65548808652008,37.93445920441763,0.0,40.0,40,5.0,1,,117.72164948453609,114.0,57.0,184.0,11419.0,34.803837871478954,0.19267223505716483,1.0928416130660683
ID201616,201616,9,8.59115982055664,165.11979402720127,8.719002125575779,0.0,825.0,825,5.0,1,,120.12371134020619,110.0,58.0,182.0,11652.0,34.48256133297633,0.2023552445775374,1.1725756808580299
ID17304,17304,9,7.794322490692139,171.19747821587075,57.82598719285345,0.0,63.0,63,5.0,1,,120.52577319587628,112.0,68.0,185.0,11691.0,31.698479453380052,0.17957755360581584,1.1577026917298383
ID181147,181147,9,8.901195526123047,147.04142435078887,46.650043651209,0.0,740.0,740,5.0,1,,134.20618556701032,130.0,85.0,191.0,13018.0,30.404885210662112,0.21060591471026324,1.5357726632950748
ID35738,35738,9,8.588334083557129,150.30811360048378,62.85660602046478,0.0,137.0,137,5.0,1,,123.28865979381443,111.0,64.0,197.0,11959.0,36.701203080554976,0.18763331875199285,1.0614521315846341
ID50075,50075,9,9.122275352478027,136.1420832515134,64.77078382117747,0.0,195.0,195,5.0,1,,130.29896907216494,126.0,70.0,188.0,12639.0,32.349061342787834,0.22367621053468173,1.4725246418411895
ID72605,72605,9,8.004940032958984,145.5511437319343,61.61242390441365,0.0,287.0,287,5.0,1,,121.81443298969072,120.0,58.0,179.0,11816.0,33.5910857150956,0.18622539379296132,1.1386136528894086
ID125855,125855,9,10.25285816192627,159.95418481649912,48.858304490040474,0.0,508.0,508,5.0,1,,140.5979381443299,140.0,79.0,193.0,13638.0,32.347288588656085,0.2526001848921363,1.753041740859855
ID238493,238493,9,10.162432670593262,185.20221529795256,57.59594491392434,0.0,982.0,982,5.0,1,,138.2577319587629,137.0,85.0,193.0,13411.0,31.29539314823198,0.25930044781458705,1.8193360334759512
ID31658,31658,9,9.376752853393555,168.17339577470534,64.80182285256463,0.0,123.0,123,5.0,1,,130.41237113402062,125.0,72.0,188.0,12650.0,34.42587222851671,0.22333958137912754,1.3831921148877544
ID66475,66475,9,8.859634399414062,137.74769522350317,59.80552725948062,0.0,260.0,260,5.0,1,,126.82474226804123,122.0,69.0,188.0,12302.0,34.7086115362835,0.20366216851414934,1.2365238466904784
ID156584,156584,9,10.112842559814453,140.10959570365694,25.043857257603143,0.0,637.0,637,5.0,1,,130.38144329896906,126.0,59.0,193.0,12647.0,36.69254105030779,0.2461736295392104,1.4038831555238482
ID240553,240553,9,8.910303115844727,181.4741726057671,63.58577572819119,0.0,990.0,990,5.0,1,,130.27835051546393,125.0,81.0,188.0,12637.0,31.024769092627583,0.22137524608970274,1.522206710660616
ID158638,158638,9,9.096435546875,139.9945487982649,21.80419542911929,0.0,646.0,646,5.0,1,,129.31958762886597,125.0,81.0,195.0,12544.0,31.80230153874891,0.21895236491208728,1.460826578030935
ID107438,107438,9,9.911826133728027,126.59580154035581,62.007567767786085,0.0,429.0,429,5.0,1,,134.08247422680412,128.0,69.0,194.0,13006.0,37.27366980163208,0.2267736325223786,1.3299275456580568
ID119728,119728,9,10.988487243652344,164.28587417246624,45.185179066081254,0.0,480.0,480,5.0,1,,141.75257731958763,140.0,70.0,196.0,13750.0,36.26753338267203,0.26910043509308945,1.6575298072743134
ID242610,242610,9,9.981348991394043,181.3706980312398,71.40806880574605,0.0,999.0,999,5.0,1,,136.9278350515464,138.0,85.0,185.0,13282.0,30.91562692187413,0.2597189961179401,1.8263067180808088
ID132022,132022,9,9.218338012695312,146.38494541358247,45.544891825909545,0.0,533.0,533,5.0,1,,129.20618556701032,127.0,78.0,196.0,12533.0,33.641473085169835,0.22083312736799562,1.3894605293146949
ID211895,211895,9,10.150482177734375,173.95138669080254,28.899113216283716,0.0,867.0,867,5.0,1,,140.16494845360825,138.0,78.0,196.0,13596.0,33.727671753686145,0.23859398890349054,1.6010820356501132
ID215990,215990,9,7.438810348510742,178.90421057457215,33.084032827777435,0.0,884.0,884,5.0,1,,126.98969072164948,124.0,76.0,173.0,12318.0,26.031829413463885,0.18295753717857433,1.508950249860371
ID191419,191419,9,8.857279777526855,149.85436081478088,31.587647697567522,0.0,782.0,782,5.0,1,,128.6701030927835,125.0,61.0,185.0,12481.0,34.29034170672932,0.21174493896912272,1.3114074785275527
ID150457,150457,9,9.37253189086914,144.39552700736675,23.19077469412287,0.0,612.0,612,5.0,1,,132.64948453608247,132.0,79.0,189.0,12867.0,32.57684544437243,0.2292539362900112,1.5188039870074304
ID195517,195517,9,9.351569175720215,153.70238640728104,16.500403699613067,0.0,800.0,800,5.0,1,,133.50515463917526,130.0,67.0,201.0,12950.0,34.16172435128122,0.22267533242124135,1.4234729039873446
ID89031,89031,9,9.37252140045166,150.62679827377104,78.38084911004786,0.0,353.0,353,5.0,1,,130.8556701030928,128.0,59.0,197.0,12693.0,37.706649969070895,0.21226907287033875,1.2153246017456614
ID43975,43975,9,9.162029266357422,138.58363212064987,73.3284906387955,0.0,171.0,171,5.0,1,,126.47422680412372,123.0,63.0,199.0,12268.0,38.62563181346928,0.20067435643349224,1.0945184227472362
ID187338,187338,9,9.105216026306152,159.68714409173776,27.43146416715091,0.0,767.0,767,5.0,1,,133.31958762886597,135.0,70.0,192.0,12932.0,32.94140833603676,0.2198655949270585,1.458905251067879
ID220107,220107,9,9.158988952636719,168.3176550748492,54.1064791237387,0.0,902.0,902,5.0,1,,131.10309278350516,127.0,76.0,185.0,12717.0,33.00109989836275,0.2187677348872388,1.4261882026848556
ID39881,39881,9,8.032106399536133,148.71256951534173,73.04309134519026,0.0,154.0,154,5.0,1,,120.19587628865979,116.0,64.0,191.0,11659.0,34.03571628183943,0.1798909532097208,1.0768423342632245
ID3018,3018,9,8.335591316223145,182.0211421435366,32.51663963765305,0.0,5.0,5,5.0,1,,121.68041237113403,117.0,65.0,188.0,11803.0,33.00743173632536,0.20057948989858926,1.2317839399388208
ID56266,56266,9,7.479176998138428,128.7379604179866,47.12276051843858,0.0,220.0,220,5.0,1,,114.82474226804123,112.0,49.0,181.0,11138.0,33.47107280588168,0.1697651894432142,0.995739628801745
ID168910,168910,9,9.506829261779785,152.36503094343962,27.14815867299709,0.0,689.0,689,5.0,1,,130.7835051546392,128.0,75.0,194.0,12686.0,34.443258533699215,0.22797155312839743,1.4098440921352904
ID177104,177104,9,7.446586608886719,152.63389786666886,42.693075883550215,0.0,723.0,723,5.0,1,,108.42268041237114,104.0,42.0,181.0,10517.0,37.67980091384794,0.1607292949734028,0.7969033088302747
ID93138,93138,9,8.792349815368652,139.4903791847562,93.62779652680756,0.0,372.0,372,5.0,1,,131.64948453608247,132.0,87.0,189.0,12770.0,30.56688064621352,0.21819677788454364,1.5428685416670167
ID142294,142294,9,9.251452445983887,151.2586814192883,25.915603044725696,0.0,576.0,576,5.0,1,,131.16494845360825,123.0,74.0,195.0,12723.0,35.17358159079621,0.21007526585791847,1.2947732947720871
ID228310,228310,9,9.373306274414062,189.12612775406382,38.659698705788216,0.0,936.0,936,5.0,1,,131.4536082474227,127.0,82.0,192.0,12751.0,32.45542475796506,0.2284619905850465,1.506494126005424
ID226260,226260,9,9.637701034545898,175.405126994596,47.642048805923494,0.0,929.0,929,5.0,1,,140.04123711340208,138.0,90.0,196.0,13584.0,29.670382793625613,0.2409204835227914,1.832704970041938
ID9176,9176,9,7.583060264587402,185.35069078392064,39.81632691402411,0.0,28.0,28,5.0,1,,114.26804123711341,104.0,58.0,182.0,11084.0,32.87017247949295,0.1737804468448135,1.0293589252483237
ID84953,84953,9,8.48667049407959,149.3103769147794,79.62661875570944,0.0,339.0,339,5.0,1,,128.11340206185568,129.0,68.0,181.0,12427.0,31.8184551690851,0.206019021463604,1.375620477083793
ID25561,25561,9,7.77245569229126,180.17957973213504,67.36374435772709,0.0,95.0,95,5.0,1,,116.45360824742268,111.0,53.0,182.0,11296.0,35.01756125460383,0.16886334081860221,0.9608789673708427
ID164831,164831,9,8.896410942077637,154.38632282386538,23.330599488343356,0.0,672.0,672,5.0,1,,121.42268041237114,118.0,66.0,200.0,11778.0,37.64246135559172,0.20858347801665444,1.1134098269133115
ID173021,173021,9,9.530777931213379,152.33780792171873,48.21407802035215,0.0,706.0,706,5.0,1,,135.93814432989691,134.0,69.0,190.0,13186.0,31.072433667490852,0.23591822374054813,1.6701974524793726
ID207840,207840,9,8.783473014831543,172.5344923868935,27.78252925302169,0.0,850.0,850,5.0,1,,127.21649484536083,126.0,65.0,185.0,12340.0,34.20654993446787,0.20641914266364547,1.2726702665970728
ID80868,80868,9,7.8674492835998535,147.86044527427546,95.70941150709622,0.0,323.0,323,5.0,1,,118.21649484536083,111.0,66.0,192.0,11467.0,33.06219732190492,0.17757284018028635,1.078363354450083
ID152551,152551,9,10.104856491088867,144.11848545139398,30.10812794122596,0.0,618.0,618,5.0,1,,131.96907216494844,125.0,74.0,200.0,12801.0,36.10587833264579,0.24451567476073127,1.4362517756437851
ID76776,76776,9,9.521709442138672,148.403062669343,76.8153532441464,0.0,305.0,305,5.0,1,,134.659793814433,132.0,87.0,192.0,13062.0,31.710896720061037,0.23444271985919957,1.6129660487407307
ID97259,97259,9,8.070962905883789,148.44952617916076,89.2286262158566,0.0,391.0,391,5.0,1,,131.24742268041237,127.0,78.0,188.0,12731.0,28.735152299287197,0.19012435251233936,1.4593272173341394
ID224232,224232,9,9.549532890319824,180.5855768633801,55.395813421089265,0.0,919.0,919,5.0,1,,136.70103092783506,134.0,77.0,196.0,13260.0,32.600218860606596,0.23094338276312792,1.5734346670876975
ID60398,60398,9,8.907588005065918,134.70979930657438,61.91796316306303,0.0,239.0,239,5.0,1,,125.91752577319588,120.0,62.0,188.0,12214.0,36.55722400768098,0.19885459984884996,1.1426470285697712
ID105459,105459,9,8.942999839782715,127.38832724680245,52.28281454431995,0.0,425.0,425,5.0,1,,127.89690721649484,125.0,66.0,193.0,12406.0,34.20997799621798,0.2103372776832406,1.2994126266512935
ID123895,123895,9,9.31733512878418,163.82246288295065,46.7218351700909,0.0,499.0,499,5.0,1,,129.36082474226805,130.0,61.0,189.0,12548.0,34.448991750790725,0.22543862765729697,1.3816340319464133
ID48119,48119,9,9.639239311218262,140.96224241336049,62.70844803464335,0.0,188.0,188,5.0,1,,131.2680412371134,125.0,72.0,202.0,12733.0,36.237214832705,0.22135591521771808,1.3130554953685574
ID160757,160757,9,7.688196182250977,149.7560877906031,30.833287195557432,0.0,656.0,656,5.0,1,,113.24742268041237,106.0,47.0,192.0,10985.0,37.62895353753406,0.15659199054605338,0.8149398334339953
ID214004,214004,9,8.643149375915527,175.60882451929874,27.750317858300818,0.0,876.0,876,5.0,1,,132.50515463917526,132.0,67.0,178.0,12853.0,30.928386270861072,0.21016734726643765,1.488076712199955
ID230394,230394,9,9.264989852905273,187.74113428143013,42.963739084424354,0.0,946.0,946,5.0,1,,127.71134020618557,124.0,54.0,196.0,12388.0,36.04365373025887,0.22038291904135518,1.279712641117194
ID144377,144377,9,10.116219520568848,149.19128869739401,24.680238860998692,0.0,587.0,587,5.0,1,,132.57731958762886,131.0,67.0,196.0,12860.0,36.278102627350144,0.24584565088357413,1.4422912019907683
ID199678,199678,9,7.90147066116333,168.65045826605655,15.340271158029465,0.0,817.0,817,5.0,1,,114.50515463917526,113.0,37.0,178.0,11107.0,37.146703451579484,0.17435832795306638,0.9153281485721161
ID203774,203774,9,9.858437538146973,164.84585139175556,14.012766636001148,0.0,834.0,834,5.0,1,,129.77319587628867,126.0,63.0,198.0,12588.0,38.183085575356294,0.22506856000743708,1.2488158806175202
ID183293,183293,9,9.709294319152832,149.9886260332162,42.779621819248476,0.0,753.0,753,5.0,1,,132.82474226804123,127.0,62.0,195.0,12884.0,37.40627462663582,0.22022493987067335,1.2817139833266464
ID113668,113668,9,9.85323715209961,151.7748574114408,51.17062247828882,0.0,459.0,459,5.0,1,,134.61855670103094,131.0,70.0,193.0,13058.0,35.243924801236155,0.23334859360555826,1.4453399418680049
ID101383,101383,9,9.71277904510498,127.72609951756858,83.72722579830257,0.0,409.0,409,5.0,1,,132.41237113402062,130.0,70.0,192.0,12844.0,35.63347927666936,0.2329516423006339,1.404171202982669
ID70662,70662,9,9.161137580871582,145.3989132183851,62.89221399375337,0.0,281.0,281,5.0,1,,130.35051546391753,122.0,82.0,197.0,12644.0,33.819385847565734,0.21182813714510917,1.3474716815689598
ID130054,130054,9,9.291129112243652,137.40639647101864,42.38542570050481,0.0,524.0,524,5.0,1,,132.72164948453607,127.0,75.0,196.0,12874.0,33.30094539074718,0.21987642598826762,1.4367395054852758
ID23560,23560,9,8.810867309570312,179.42832027390415,65.41751267256623,0.0,86.0,86,5.0,1,,125.62886597938144,126.0,62.0,186.0,12186.0,34.202619169818,0.2121986413167035,1.2859641939391213
ID29712,29712,9,8.908231735229492,184.17198973991103,65.6907647719718,0.0,110.0,110,5.0,1,,126.57731958762886,123.0,77.0,184.0,12278.0,32.75376411305856,0.2223364298161316,1.4058679998553694
ID64532,64532,9,9.033181190490723,134.32143810489174,64.35574375305656,0.0,254.0,254,5.0,1,,130.2164948453608,124.0,69.0,191.0,12631.0,33.8283740630935,0.21049647545783282,1.338739789363896
ID117781,117781,9,7.707457542419434,165.32988444358483,41.63548598464864,0.0,474.0,474,5.0,1,,116.3917525773196,108.0,56.0,185.0,11290.0,33.23105873433483,0.17693873478658134,1.0531181226886779
ID138261,138261,9,10.027097702026367,142.67106232393795,35.05520728894217,0.0,559.0,559,5.0,1,,133.31958762886597,133.0,64.0,195.0,12932.0,36.43731672102349,0.2415472340562726,1.4236931378700752
ID154651,154651,9,8.753253936767578,145.10191565383025,33.43424896058074,0.0,629.0,629,5.0,1,,122.77319587628865,124.0,52.0,196.0,11909.0,36.33653612259039,0.20479992963596233,1.148695452035312
ID232474,232474,9,9.607579231262207,190.85401639497363,51.21159728998014,0.0,955.0,955,5.0,1,,127.58762886597938,121.0,73.0,192.0,12376.0,33.79803759629877,0.2383450863625969,1.45315384448069
ID179230,179230,9,9.570427894592285,142.72084421430455,39.12224505854317,0.0,731.0,731,5.0,1,,130.04123711340208,126.0,65.0,197.0,12614.0,36.63556944355592,0.22063709740898899,1.283217023269242
ID121884,121884,9,9.039592742919922,162.89009579202101,44.61549290456788,0.0,489.0,489,5.0,1,,121.35051546391753,115.0,51.0,194.0,11771.0,37.955302999359596,0.21181092214320302,1.1176675624752974
ID189471,189471,9,9.16116714477539,146.6138507512423,28.6300217972581,0.0,775.0,775,5.0,1,,130.51546391752578,127.0,66.0,193.0,12660.0,34.65548098848082,0.21323101497175737,1.3238138068631191
ID7198,7198,9,8.249502182006836,183.75895220253804,36.74529071907789,0.0,20.0,20,5.0,1,,120.34020618556701,116.0,63.0,181.0,11673.0,34.23749364060369,0.18585374378001485,1.1017396190402702
ID13343,13343,9,7.995251178741455,188.4309339950338,43.32218999178272,0.0,44.0,44,5.0,1,,116.95876288659794,110.0,58.0,183.0,11345.0,36.1564648224022,0.1763483739347485,0.9698672703226966
ID134178,134178,9,9.601066589355469,132.95015552687002,33.15496299057229,0.0,543.0,543,5.0,1,,135.23711340206185,134.0,76.0,193.0,13118.0,33.198510632970006,0.22802144446974953,1.5127843710871478
ID146465,146465,9,8.73813247680664,143.05051112007612,22.08724036523147,0.0,594.0,594,5.0,1,,123.68041237113403,117.0,65.0,189.0,11997.0,34.34249869323496,0.20505123685440463,1.225620200449172
ID218149,218149,9,9.344700813293457,178.5069891596506,39.02375443036466,0.0,891.0,891,5.0,1,,129.7422680412371,127.0,64.0,200.0,12585.0,37.698164839981345,0.21009854174152537,1.1950706281063819
ID37935,37935,9,7.400484085083008,150.4155766110008,66.25976008214565,0.0,145.0,145,5.0,1,,114.83505154639175,106.0,64.0,183.0,11139.0,34.9844252288224,0.15503519948308314,0.8811803726427053
ID21552,21552,9,9.008065223693848,173.2292617928867,67.48580482291976,0.0,79.0,79,5.0,1,,124.04123711340206,117.0,62.0,186.0,12032.0,36.97829248519022,0.20688414896368354,1.150034490026804
ID128048,128048,9,9.329730987548828,152.6412703344042,39.86019855677496,0.0,516.0,516,5.0,1,,128.659793814433,126.0,68.0,189.0,12480.0,36.85328077829315,0.21435246806944008,1.232481529053908
ID209974,209974,9,10.79366397857666,168.9452153382268,34.99724874583081,0.0,861.0,861,5.0,1,,141.51546391752578,137.0,81.0,202.0,13727.0,35.01372153708155,0.26172039249176027,1.676756745383244
ID185404,185404,9,9.667448043823242,158.35744353351924,41.14848716236253,0.0,758.0,758,5.0,1,,133.38144329896906,127.0,76.0,202.0,12938.0,34.863257670435644,0.22615469267840035,1.4112949307970477
ID193603,193603,9,9.813755989074707,144.99085834816384,26.417804893407087,0.0,792.0,792,5.0,1,,134.36082474226805,131.0,63.0,194.0,13033.0,36.54369119259002,0.22715028782930854,1.3611493566714332
ID74819,74819,9,6.577399253845215,152.58635271319014,72.35427782121202,0.0,297.0,297,5.0,1,,109.81443298969072,108.0,40.0,170.0,10652.0,33.63230400749008,0.13485196266051389,0.77598058918089
ID42054,42054,9,8.877397537231445,137.64625571224568,63.882814475536996,0.0,164.0,164,5.0,1,,126.87628865979381,122.0,63.0,199.0,12307.0,36.11303369628673,0.19813030302204715,1.1619657852126364
ID52297,52297,9,8.870095252990723,137.60588276256587,59.29274721075607,0.0,206.0,206,5.0,1,,126.80412371134021,120.0,58.0,187.0,12300.0,35.25196187662756,0.20550552221658838,1.2264063015912956
ID68680,68680,9,8.020163536071777,146.14056131673502,49.30662610311024,0.0,275.0,275,5.0,1,,120.28865979381443,117.0,48.0,178.0,11668.0,33.748135369135156,0.1826456870638389,1.10092990410325
ID162891,162891,9,8.369192123413086,154.1316593836699,24.84479206132824,0.0,664.0,664,5.0,1,,126.09278350515464,122.0,73.0,184.0,12231.0,31.307308276924605,0.19532192275735466,1.3162567277404307
ID175177,175177,9,8.287360191345215,157.3630268020316,40.18061971690458,0.0,716.0,716,5.0,1,,114.90721649484536,106.0,54.0,189.0,11146.0,36.504874809807596,0.18657012708308707,0.9898630970085037
ID33868,33868,9,9.152259826660156,164.70093508585882,65.83248318681811,0.0,129.0,129,5.0,1,,126.70103092783505,125.0,63.0,198.0,12290.0,36.618575929339244,0.208654910330291,1.194634306141555
ID234574,234574,9,10.77932357788086,187.71845378549025,53.13111487962987,0.0,964.0,964,5.0,1,,133.39175257731958,129.0,61.0,200.0,12939.0,36.672979579950656,0.2734525337932128,1.5621112770640155
ID222285,222285,9,8.968232154846191,184.80367708408096,56.295221915827604,0.0,911.0,911,5.0,1,,130.24742268041237,129.0,68.0,187.0,12634.0,33.69842693158288,0.20834694662311598,1.332861418705511
ID46163,46163,9,9.062366485595703,127.28206086151961,73.50812737136815,0.0,181.0,181,5.0,1,,131.30927835051546,129.0,72.0,189.0,12737.0,32.854274463385494,0.2177011935449118,1.4290703466185586
ID91218,91218,9,9.195012092590332,138.53698960004476,88.12553420883604,0.0,367.0,367,5.0,1,,129.81443298969072,129.0,60.0,192.0,12592.0,36.007617798445104,0.21118596704305193,1.2572244329988025
ID58452,58452,9,9.085760116577148,132.00379166328295,56.210300040156326,0.0,229.0,229,5.0,1,,127.17525773195877,118.0,61.0,203.0,12336.0,36.38538234112658,0.20112022998974924,1.1705095314691065
ID87125,87125,9,8.955791473388672,151.1175537311379,80.59444913907393,0.0,348.0,348,5.0,1,,130.42268041237114,126.0,69.0,188.0,12651.0,31.90736430523863,0.2189614012885412,1.468485951551122
ID5207,5207,9,6.825092315673828,173.3577746120228,38.59466462398186,0.0,10.0,10,5.0,1,,120.62886597938144,115.0,74.0,173.0,11701.0,27.196935944004206,0.16025643634582282,1.2252444870531098
ID19544,19544,9,8.85835075378418,165.58579809871284,55.155349502423995,0.0,69.0,69,5.0,1,,123.45360824742268,120.0,50.0,192.0,11975.0,37.118621960141944,0.20248695569742498,1.120104690859108
ID140378,140378,9,8.156235694885254,139.22524115813167,29.48123390376385,0.0,568.0,568,5.0,1,,120.25773195876289,111.0,61.0,189.0,11665.0,35.01228306802826,0.18076679098593695,1.0516642037607458
ID54368,54368,9,8.364934921264648,131.73230868644166,54.44826949530153,0.0,215.0,215,5.0,1,,117.56701030927834,115.0,42.0,188.0,11404.0,38.065433580572495,0.1876807739134523,0.97612345514036
ID95333,95333,9,9.400341033935547,144.98309036687485,94.40479881810361,0.0,381.0,381,5.0,1,,132.55670103092783,128.0,59.0,191.0,12858.0,35.037768036840426,0.22014309827197875,1.3651788659488564
ID148582,148582,9,8.675430297851562,142.7757464191006,15.323864162623355,0.0,603.0,603,5.0,1,,125.91752577319588,121.0,47.0,189.0,12214.0,34.497786795886384,0.1989184889024977,1.2111848699803915
ID78948,78948,9,8.284762382507324,155.7759295425777,83.38688546079219,0.0,314.0,314,5.0,1,,126.4639175257732,123.0,59.0,180.0,12267.0,32.42975159725701,0.19344800040513013,1.2641940685969704
ID33894,33894,9,9.599077224731445,163.75590042426936,62.821909386261815,0.0,130.0,130,5.0,1,,130.50515463917526,127.0,67.0,199.0,12659.0,36.58896797286837,0.2201981169466885,1.2873325533389142
ID205925,205925,9,10.088825225830078,168.70684435038046,24.241774055451117,0.0,841.0,841,5.0,1,,135.16494845360825,134.0,49.0,196.0,13111.0,37.507688215321025,0.23593704218421283,1.3758578418595093
ID103526,103526,9,7.830356121063232,135.67620330594698,71.07122853345135,0.0,415.0,415,5.0,1,,118.55670103092784,113.0,59.0,181.0,11500.0,33.633431121481436,0.17547468562631308,1.0524127955273188
ID27753,27753,9,8.722705841064453,181.77375575854134,63.77890748736388,0.0,108.0,108,5.0,1,,125.31958762886597,118.0,72.0,197.0,12156.0,33.63020294063327,0.20801586902823332,1.283344615667646
ID99434,99434,9,9.595792770385742,134.87449586659665,83.83605729676583,0.0,400.0,400,5.0,1,,131.94845360824743,129.0,73.0,191.0,12799.0,34.54718124476674,0.22557304500484762,1.4059493766647992
ID115820,115820,9,10.345586776733398,163.2789048369856,45.75733523175534,0.0,467.0,467,5.0,1,,141.82474226804123,140.0,86.0,200.0,13757.0,33.631585572345024,0.24873551539168243,1.6799718015325797
ID167021,167021,9,8.882705688476562,152.46182834028218,27.782930076725446,0.0,681.0,681,5.0,1,,133.29896907216494,131.0,88.0,192.0,12930.0,30.865354413853467,0.2129583282286434,1.5164715470664971
ID236658,236658,9,10.308902740478516,190.60592477151434,59.07561938691959,0.0,972.0,972,5.0,1,,134.35051546391753,135.0,58.0,190.0,13032.0,36.15390747586208,0.25721388387484145,1.5205451811530617
ID83061,83061,9,9.425042152404785,141.50165398785552,88.65994539735534,0.0,330.0,330,5.0,1,,134.7319587628866,136.0,69.0,189.0,13069.0,34.44999862842205,0.2286669257894005,1.4557292077588928
ID111733,111733,9,10.400551795959473,128.3226591656476,46.151276692320465,0.0,445.0,445,5.0,1,,140.08247422680412,137.0,81.0,197.0,13588.0,34.33768280593639,0.24977657949034043,1.6306552280900548
ID201847,201847,9,7.989428997039795,165.33884371611026,10.025958579696287,0.0,826.0,826,5.0,1,,119.6701030927835,114.0,59.0,177.0,11608.0,32.830601086449725,0.1843583458506642,1.1347926250330715
ID238710,238710,9,10.342134475708008,188.38830988665794,57.940425776145304,0.0,983.0,983,5.0,1,,138.56701030927834,131.0,83.0,196.0,13441.0,32.90640363734151,0.2575254712419772,1.7246970558962773
ID197749,197749,9,9.932790756225586,158.16072252936354,26.062529543231054,0.0,809.0,809,5.0,1,,136.76288659793815,133.0,77.0,192.0,13266.0,33.76443308543409,0.23860475770341918,1.560576804065498
ID136312,136312,9,9.189332962036133,136.58975888447074,28.057179917801328,0.0,552.0,552,5.0,1,,133.0721649484536,130.0,74.0,193.0,12908.0,33.50847138619091,0.2146430159617153,1.4035591068984445
ID62590,62590,9,8.889554977416992,141.84546645697964,73.53261680221357,0.0,246.0,246,5.0,1,,125.61855670103093,120.0,60.0,199.0,12185.0,35.763529869526614,0.20463412186887645,1.1933458008554554
ID11394,11394,9,8.541143417358398,191.24724983474317,32.71660159759973,0.0,34.0,34,5.0,1,,125.48453608247422,120.0,80.0,190.0,12172.0,31.109053278367192,0.2102761366688779,1.4016478957869936
ID171136,171136,9,8.684990882873535,147.08549770040236,45.81776232127951,0.0,701.0,701,5.0,1,,133.44329896907217,134.0,82.0,188.0,12944.0,28.610884100346073,0.21176846820270642,1.6301859110511674
ID3205,3205,9,6.876519203186035,180.12113622921487,29.86124890291707,0.0,0.0,0,5.0,1,,105.38144329896907,95.0,46.0,179.0,10222.0,33.94954691001323,0.143520482904876,0.7791661812592603
ID54407,54407,9,8.223312377929688,138.80289943563244,59.17743275419196,0.0,213.0,213,5.0,1,,120.02061855670104,116.0,45.0,178.0,11642.0,33.867074528417746,0.19291680128159794,1.1462202318896666
ID72842,72842,9,8.69864273071289,142.7371256072219,59.23366200112216,0.0,289.0,289,5.0,1,,122.02061855670104,116.0,58.0,198.0,11836.0,36.81060178508453,0.1914529195413352,1.0653085390018506
ID31885,31885,9,8.314446449279785,172.5459990401127,61.022146887087445,0.0,121.0,121,5.0,1,,125.35051546391753,123.0,64.0,178.0,12159.0,33.12697831737544,0.19315853194367577,1.2251521917257284
ID17552,17552,9,8.370429039001465,170.9493100066408,54.8857756913639,0.0,62.0,62,5.0,1,,122.34020618556701,116.0,68.0,189.0,11867.0,33.79746249040566,0.19321168563742167,1.1722790414541597
ID126096,126096,9,9.723243713378906,159.67070413094322,45.169083338283905,0.0,510.0,510,5.0,1,,137.50515463917526,135.0,75.0,197.0,13338.0,34.470133120131514,0.22475855743312814,1.4641034611167436
ID181392,181392,9,9.00919246673584,145.85278875261974,49.14794367114685,0.0,743.0,743,5.0,1,,128.01030927835052,127.0,69.0,186.0,12417.0,33.805354249660176,0.2136734275202757,1.3333314533932006
ID156820,156820,9,8.903970718383789,138.08233442367955,23.06789791728844,0.0,638.0,638,5.0,1,,123.98969072164948,116.0,64.0,196.0,12027.0,34.90895743614167,0.20710164208854856,1.2187605702270319
ID240789,240789,9,10.42661190032959,180.56726760862728,67.48472009498713,0.0,994.0,994,5.0,1,,138.36082474226805,141.0,68.0,207.0,13421.0,35.9412673581875,0.2540460783734346,1.55972757937618
ID35991,35991,9,8.699992179870605,144.22642743316374,66.66081499008256,0.0,139.0,139,5.0,1,,127.01030927835052,119.0,76.0,188.0,12320.0,32.835288069570574,0.21106884410811794,1.3482903885112847
ID50327,50327,9,8.814346313476562,130.74908786445823,63.61469597912957,0.0,201.0,201,5.0,1,,124.87628865979381,121.0,66.0,196.0,12113.0,36.00383594492593,0.20054304472648615,1.1587535368648119
ID158874,158874,9,8.911581993103027,145.77051058782112,23.220613537278417,0.0,649.0,649,5.0,1,,127.35051546391753,129.0,57.0,185.0,12353.0,34.96308804687017,0.2077559537707215,1.2531273545502453
ID171166,171166,9,9.539369583129883,149.79660547539075,38.79332584130679,0.0,699.0,699,5.0,1,,130.20618556701032,128.0,53.0,190.0,12630.0,35.482078265046326,0.22688628183870557,1.3572394983346918
ID119964,119964,9,9.581269264221191,165.12504742938333,44.02102430289026,0.0,486.0,486,5.0,1,,123.04123711340206,117.0,37.0,191.0,11935.0,40.79213504815533,0.21578100145008242,1.0706859403179507
ID107678,107678,9,9.19150161743164,129.67788386182858,52.79602545449423,0.0,433.0,433,5.0,1,,131.18556701030928,128.0,60.0,187.0,12725.0,33.16101183898897,0.22405417381009338,1.4482404663132096
ID191651,191651,9,9.088211059570312,152.34765693518267,28.369264630850683,0.0,784.0,784,5.0,1,,132.1958762886598,131.0,74.0,186.0,12823.0,32.50757577577678,0.21706637748966717,1.4505797614006675
ID148641,148641,9,9.99075698852539,146.74255318034196,22.174533701386533,0.0,605.0,605,5.0,1,,131.79381443298968,127.0,60.0,200.0,12784.0,36.21950963233591,0.23523409913421067,1.385905000293048
ID66724,66724,9,9.188268661499023,145.99826442412157,56.80819543795933,0.0,267.0,267,5.0,1,,130.50515463917526,122.0,76.0,189.0,12659.0,34.51271616838623,0.21468907134581316,1.3366673340267015
ID216233,216233,9,9.291082382202148,176.0742671457831,30.586843403513438,0.0,886.0,886,5.0,1,,133.01030927835052,129.0,74.0,202.0,12902.0,33.69084162318226,0.2235290787269089,1.442524412441971
ID132265,132265,9,8.552982330322266,146.8587102762218,43.167924856729044,0.0,534.0,534,5.0,1,,119.21649484536083,114.0,55.0,196.0,11564.0,37.01638905159772,0.1893021778819448,1.0252639559014038
ID150701,150701,9,9.2537260055542,144.09661234538132,26.817329263698344,0.0,611.0,611,5.0,1,,131.90721649484536,132.0,76.0,188.0,12795.0,32.175327787189026,0.22504251759159208,1.506222002294418
ID226481,226481,9,10.414766311645508,175.0096433837798,48.26657347504356,0.0,928.0,928,5.0,1,,141.39175257731958,140.0,82.0,200.0,13715.0,32.875572460488215,0.2554832735499607,1.7503797909863648
ID142513,142513,9,8.28112506866455,153.33560760964988,21.588697918058948,0.0,578.0,578,5.0,1,,128.4020618556701,125.0,80.0,179.0,12455.0,29.630593632895724,0.2035710428870936,1.4659052897610638
ID212144,212144,9,10.335580825805664,176.2186543939674,26.845927898390286,0.0,869.0,869,5.0,1,,141.1443298969072,139.0,89.0,192.0,13691.0,31.993485564356714,0.2547893889721325,1.791605447800732
ID195766,195766,9,9.532320022583008,157.3508319332578,16.12424921100502,0.0,801.0,801,5.0,1,,132.38144329896906,129.0,72.0,191.0,12841.0,32.7981336165417,0.23714014505729078,1.5473699472474727
ID177335,177335,9,8.810004234313965,151.9281761987822,40.86793004673999,0.0,724.0,724,5.0,1,,117.98969072164948,110.0,53.0,192.0,11445.0,39.04497802891366,0.1944658898298897,0.9839625257520049
ID44215,44215,9,8.628803253173828,138.86740562855056,70.9258718195128,0.0,172.0,172,5.0,1,,123.8659793814433,121.0,69.0,194.0,12015.0,35.14630992543272,0.1922791885812947,1.1367281618391352
ID40122,40122,9,8.584444046020508,139.87461923389372,67.27982416523427,0.0,157.0,157,5.0,1,,123.6082474226804,119.0,64.0,182.0,11990.0,35.863908477346385,0.19228361725013976,1.1116870175406253
ID187576,187576,9,9.79129695892334,160.71262741509395,26.066276415587666,0.0,766.0,766,5.0,1,,133.53608247422682,130.0,61.0,193.0,12953.0,35.84429924911065,0.23098712365690063,1.398114671872835
ID56508,56508,9,8.80831527709961,127.976811899126,51.632291128553334,0.0,222.0,222,5.0,1,,119.54639175257732,113.0,55.0,197.0,11596.0,37.45219748185587,0.20011137143260965,1.0644845951770794
ID89281,89281,9,8.435656547546387,150.05683364717996,84.38986831459235,0.0,361.0,361,5.0,1,,124.87628865979381,121.0,58.0,184.0,12113.0,36.009621900483864,0.19076114746172917,1.1111090565898207
ID228550,228550,9,9.97175407409668,192.78686041187794,42.406074875863936,0.0,938.0,938,5.0,1,,130.98969072164948,128.0,59.0,195.0,12706.0,38.35864060779982,0.2351814036933839,1.3003975369315546
ID93383,93383,9,9.183223724365234,145.73216418814167,88.76729584998348,0.0,375.0,375,5.0,1,,128.61855670103094,124.0,69.0,195.0,12476.0,34.33609716797357,0.21797502974297553,1.3407600439729617
ID208069,208069,9,9.515865325927734,172.9272724109803,28.221178450246306,0.0,852.0,852,5.0,1,,134.41237113402062,131.0,75.0,199.0,13038.0,33.966819771076956,0.2209880781719689,1.4324246065827904
ID220357,220357,9,7.229288101196289,171.97274531346648,55.72041700510684,0.0,903.0,903,5.0,1,,123.62886597938144,124.0,61.0,175.0,11992.0,26.975420751904274,0.1812474627678118,1.4064124456424119
ID169157,169157,9,9.855541229248047,155.67123300843286,28.717943205002985,0.0,690.0,690,5.0,1,,135.1958762886598,133.0,57.0,192.0,13114.0,34.65353492528388,0.23883435325484856,1.5042826719395146
ID173253,173253,9,10.357165336608887,150.1085073773648,44.69155884103765,0.0,704.0,704,5.0,1,,139.17525773195877,139.0,75.0,191.0,13500.0,34.085068306273044,0.25954778474683454,1.6827923898365214
ID85193,85193,9,8.659075736999512,147.99519018283408,74.63348054248155,0.0,340.0,340,5.0,1,,128.340206185567,123.0,70.0,184.0,12449.0,32.680870614530924,0.20312962882492516,1.3260501947281265
ID224457,224457,9,9.264463424682617,175.72074162264198,55.57248951832592,0.0,921.0,921,5.0,1,,130.98969072164948,126.0,69.0,196.0,12706.0,34.60746994429118,0.21899031525710355,1.3599467878779394
ID9419,9419,9,8.588128089904785,193.53087521517193,31.813500816804453,0.0,35.0,35,5.0,1,,124.31958762886597,121.0,60.0,187.0,12059.0,34.98736271610335,0.1964183843043877,1.1666951853469731
ID77002,77002,9,8.736842155456543,151.83987516074666,75.94041996203514,0.0,308.0,308,5.0,1,,123.79381443298969,120.0,66.0,185.0,12008.0,34.337460758480766,0.2031513078263958,1.2174752453853277
ID25810,25810,9,8.221352577209473,179.1673668149128,67.5267604679329,0.0,96.0,96,5.0,1,,118.69072164948453,111.0,64.0,179.0,11513.0,33.86011691034351,0.19688617904470496,1.1532426396549105
ID97493,97493,9,9.659441947937012,147.90609291898477,86.84894302245429,0.0,390.0,390,5.0,1,,135.08247422680412,131.0,73.0,191.0,13103.0,33.33281356983085,0.23205334915442033,1.5265651945693972
ID144599,144599,9,9.625675201416016,150.1369521812479,24.160557517482147,0.0,585.0,585,5.0,1,,132.08247422680412,129.0,63.0,194.0,12812.0,34.978764421876015,0.23001684208188408,1.4122751109817262
ID152788,152788,9,9.20217514038086,145.74859979019854,32.53235104321734,0.0,621.0,621,5.0,1,,128.69072164948454,127.0,62.0,192.0,12483.0,35.4140275952265,0.22069988451412928,1.3139992367839708
ID60632,60632,9,9.155694007873535,138.93533834917847,59.7627505090216,0.0,238.0,238,5.0,1,,131.7422680412371,128.0,79.0,189.0,12779.0,32.966927351044895,0.2181959007202062,1.4315486571136185
ID81116,81116,9,6.291884422302246,148.26898467489755,96.44404199341828,0.0,322.0,322,5.0,1,,110.57731958762886,106.0,58.0,171.0,10726.0,31.167502791217483,0.1287972556091002,0.8096264938059096
ID160994,160994,9,8.227423667907715,144.63400001702541,28.443266422008808,0.0,655.0,655,5.0,1,,119.49484536082474,118.0,55.0,183.0,11591.0,36.50602795867537,0.18288526265645286,1.012163505798249
ID48355,48355,9,9.331334114074707,141.78922751909258,60.651043545592664,0.0,191.0,191,5.0,1,,127.17525773195877,122.0,66.0,199.0,12336.0,36.44974002801619,0.21596845736816167,1.2393849091169356
ID165089,165089,9,9.234050750732422,150.17030457016028,24.622108869966805,0.0,673.0,673,5.0,1,,126.8659793814433,122.0,66.0,190.0,12306.0,35.556184666542016,0.22542509384344284,1.3127302974636061
ID230630,230630,9,8.33268928527832,192.04673906142168,39.549251129608855,0.0,947.0,947,5.0,1,,124.73195876288659,117.0,75.0,187.0,12099.0,32.55940579154174,0.1975591086998071,1.2639542876615464
ID70889,70889,9,8.462602615356445,140.82165081172295,60.42917052432171,0.0,279.0,279,5.0,1,,121.22680412371135,121.0,51.0,185.0,11759.0,35.88915375692656,0.19374311892896112,1.096429821627518
ID113897,113897,9,9.235431671142578,146.2764437600795,45.278745763740346,0.0,457.0,457,5.0,1,,133.16494845360825,125.0,72.0,196.0,12917.0,33.59398520456301,0.2138803075941244,1.3968614380732982
ID105708,105708,9,9.237332344055176,128.5692481754459,55.35663270844848,0.0,424.0,424,5.0,1,,129.5979381443299,128.0,54.0,194.0,12571.0,36.53926535073104,0.21389966620738962,1.2499584918197535
ID183532,183532,9,9.201836585998535,148.75672057231947,46.21625658724855,0.0,750.0,750,5.0,1,,134.90721649484536,133.0,65.0,193.0,13086.0,33.36417816880441,0.2149079322321367,1.4305196362324706
ID124149,124149,9,9.85565185546875,160.52950326429854,46.173647072014525,0.0,501.0,501,5.0,1,,134.82474226804123,134.0,70.0,207.0,13078.0,36.59491378288289,0.22584516119780768,1.3575443892210717
ID138486,138486,9,9.927360534667969,139.7015074552354,34.98648958402854,0.0,561.0,561,5.0,1,,136.58762886597938,134.0,69.0,199.0,13249.0,35.34583679436885,0.236828790782335,1.47988512548228
ID204023,204023,9,9.473050117492676,163.82433444120431,16.0755957081891,0.0,835.0,835,5.0,1,,129.340206185567,125.0,65.0,188.0,12546.0,35.97304737518139,0.22096048842370386,1.3013656111569805
ID199926,199926,9,6.97099494934082,166.36960785710247,15.212752543312545,0.0,818.0,818,5.0,1,,116.0618556701031,108.0,73.0,173.0,11258.0,29.091742253669715,0.15932994158093627,1.0965794908651416
ID15606,15606,9,8.45228385925293,182.32827461132246,61.328269437525854,0.0,54.0,54,5.0,1,,127.3298969072165,124.0,73.0,188.0,12351.0,31.60555121648086,0.19891665074482526,1.3368391650207643
ID109816,109816,9,10.33293628692627,129.11075311009176,47.76721374977933,0.0,444.0,444,5.0,1,,140.15463917525773,136.0,82.0,191.0,13595.0,33.16698289407001,0.253459436372259,1.7089513013369952
ID29955,29955,9,7.141698837280273,176.02626061570314,66.67637129110706,0.0,114.0,114,5.0,1,,121.08247422680412,119.0,75.0,168.0,11745.0,25.910370391301488,0.18002299194007473,1.425854357439614
ID23813,23813,9,8.974419593811035,179.79357908635913,64.13423050731373,0.0,88.0,88,5.0,1,,123.48453608247422,118.0,56.0,191.0,11978.0,36.20978038978265,0.20829321503233675,1.175762124569343
ID101636,101636,9,10.011256217956543,127.80749083554323,86.83014305418966,0.0,408.0,408,5.0,1,,136.62886597938143,133.0,70.0,196.0,13253.0,34.50281377041011,0.24036529237061657,1.5347586778695257
ID134404,134404,9,6.992864608764648,134.0429180526766,34.84918355791827,0.0,542.0,542,5.0,1,,115.27835051546391,108.0,63.0,171.0,11182.0,30.638939775785197,0.1549469203063671,1.0095432745534059
ID179467,179467,9,9.260930061340332,146.48132128682158,44.61561438906223,0.0,733.0,733,5.0,1,,135.7319587628866,137.0,81.0,185.0,13166.0,32.258563289431876,0.22802908926637666,1.5626031278872463
ID64778,64778,9,8.878690719604492,138.86491763118272,60.08284472901383,0.0,258.0,258,5.0,1,,127.38144329896907,124.0,71.0,191.0,12356.0,33.8546043455715,0.2058455364177109,1.2846008126478612
ID118027,118027,9,8.18011474609375,162.35858521184747,41.480972647483405,0.0,476.0,476,5.0,1,,118.25773195876289,117.0,55.0,191.0,11471.0,34.843781831230736,0.18970060390048898,1.082343932183547
ID130314,130314,9,8.945134162902832,138.27607924567243,44.03855964924875,0.0,526.0,526,5.0,1,,130.6701030927835,126.0,64.0,198.0,12675.0,32.58217868248828,0.21052341801010388,1.3949329258168923
ID189711,189711,9,10.094388008117676,147.5500164581089,28.994680300099105,0.0,776.0,776,5.0,1,,136.31958762886597,133.0,69.0,202.0,13223.0,36.988046039608236,0.23433562441374728,1.3993679493342839
ID232717,232717,9,10.004776000976562,189.14896487349557,53.58373068541575,0.0,957.0,957,5.0,1,,133.2577319587629,129.0,74.0,200.0,12926.0,32.807290332623815,0.257655935964311,1.6642951913208384
ID13593,13593,9,8.614530563354492,191.72551582716972,45.768940267816596,0.0,49.0,49,5.0,1,,122.17525773195877,116.0,62.0,189.0,11851.0,36.142948340950724,0.1953703724613037,1.104958327834054
ID122136,122136,9,9.013216018676758,164.5028790492747,47.38913620676503,0.0,491.0,491,5.0,1,,125.5979381443299,128.0,50.0,196.0,12183.0,36.34374653734991,0.21468359685845764,1.2215704168361106
ID154905,154905,9,9.074005126953125,146.03161752546703,36.301955550766415,0.0,630.0,630,5.0,1,,129.2164948453608,128.0,71.0,187.0,12534.0,35.27931015603779,0.2092327729673669,1.267499127607174
ID146718,146718,9,9.268935203552246,141.52110864791922,26.093545731390247,0.0,596.0,596,5.0,1,,125.41237113402062,122.0,62.0,198.0,12165.0,38.08590962583789,0.21259864484508328,1.1546475954458455
ID214303,214303,9,9.157703399658203,179.24566303648024,28.641683028380204,0.0,878.0,878,5.0,1,,135.49484536082474,131.0,88.0,191.0,13143.0,30.767652017222904,0.22129793443842197,1.5959311516056558
ID218399,218399,9,9.003920555114746,177.54041555122842,41.09829748353547,0.0,895.0,895,5.0,1,,134.04123711340208,133.0,63.0,189.0,13002.0,32.1743031282255,0.21587477439204708,1.4793547220887675
ID7454,7454,9,8.693249702453613,180.7549745227432,41.66965606002024,0.0,19.0,19,5.0,1,,122.88659793814433,119.0,62.0,189.0,11920.0,34.96691182647406,0.20025669117857023,1.1727086774695556
ID185638,185638,9,8.677827835083008,166.41785332944193,38.205457528003315,0.0,761.0,761,5.0,1,,130.50515463917526,130.0,76.0,190.0,12659.0,30.742588439919217,0.21210016529392142,1.4856610130990149
ID21798,21798,9,9.059626579284668,172.10442389182512,67.56187350274666,0.0,80.0,80,5.0,1,,125.22680412371135,116.0,70.0,198.0,12147.0,35.43612362248891,0.21221992468393958,1.2373307976880337
ID38182,38182,9,8.90480899810791,143.65751092915593,70.40174891439473,0.0,149.0,149,5.0,1,,127.29896907216495,126.0,64.0,188.0,12348.0,35.873959029163714,0.2062600228875867,1.2135277197490146
ID210216,210216,9,10.295924186706543,176.2156266319419,29.022667917634937,0.0,860.0,860,5.0,1,,135.16494845360825,130.0,70.0,200.0,13111.0,36.66250366870397,0.24601258016861027,1.4558172065878343
ID128300,128300,9,9.204132080078125,150.49416152911522,43.06869624201024,0.0,518.0,518,5.0,1,,128.8659793814433,125.0,70.0,201.0,12500.0,36.586264745683415,0.2104951738280103,1.2249808016830817
ID52533,52533,9,9.460719108581543,137.10165826682515,55.497501293824236,0.0,207.0,207,5.0,1,,130.2577319587629,129.0,64.0,195.0,12635.0,35.828665883187334,0.22198400534670784,1.3208668246861701
ID68916,68916,9,9.05101490020752,145.5903472053824,47.38442966268227,0.0,272.0,272,5.0,1,,130.6701030927835,131.0,67.0,187.0,12675.0,33.753926206654256,0.21203168644527265,1.3544679299102427
ID193844,193844,9,10.000136375427246,146.9174443661956,26.47141807903994,0.0,793.0,793,5.0,1,,137.9278350515464,137.0,79.0,205.0,13379.0,35.63245460680252,0.2296415335110456,1.4457995627535938
ID222517,222517,9,9.185799598693848,184.76983175819868,51.40905500804354,0.0,912.0,912,5.0,1,,129.49484536082474,126.0,62.0,199.0,12561.0,36.71458716440812,0.2063698775567981,1.2067287221552037
ID234805,234805,9,10.32840347290039,188.57325631482288,53.37289508783434,0.0,966.0,966,5.0,1,,130.5463917525773,131.0,55.0,198.0,12663.0,39.19981415202455,0.24807943731899046,1.3239128588713909
ID163134,163134,9,9.125706672668457,152.34688182557508,27.35369672206049,0.0,665.0,665,5.0,1,,131.4742268041237,130.0,76.0,189.0,12753.0,33.77008438923951,0.21408023086608344,1.3729908789826382
ID202047,202047,9,7.902634620666504,164.64716007280526,12.626633961180522,0.0,827.0,827,5.0,1,,122.89690721649484,116.0,69.0,178.0,11921.0,30.962842158008012,0.18860160840034998,1.259619017834514
ID91452,91452,9,9.104147911071777,144.80711767129438,85.82861923658349,0.0,364.0,364,5.0,1,,132.3298969072165,133.0,64.0,189.0,12836.0,32.47650485655121,0.2180718262855524,1.4589665951577497
ID75070,75070,9,8.094667434692383,157.84458404170275,77.84202269902471,0.0,301.0,301,5.0,1,,123.16494845360825,117.0,62.0,174.0,11947.0,31.61179909344609,0.1917351142260812,1.2536890496774216
ID42304,42304,9,8.679530143737793,137.22918401493183,65.07078467815883,0.0,163.0,163,5.0,1,,127.57731958762886,121.0,75.0,184.0,12375.0,32.78332752442746,0.2039469421145287,1.3184397448209744
ID175425,175425,9,8.769694328308105,153.10852234025714,44.12083942827094,0.0,715.0,715,5.0,1,,124.68041237113403,123.0,65.0,192.0,12094.0,34.68145109173171,0.20378778861015318,1.2171922780575455
ID58694,58694,9,8.802366256713867,133.654651664279,55.81835358232355,0.0,230.0,230,5.0,1,,125.21649484536083,119.0,60.0,193.0,12146.0,36.37828645065502,0.19723891884933498,1.1341254260956912
ID46409,46409,9,9.566338539123535,124.93423459504267,73.91918857070571,0.0,180.0,180,5.0,1,,131.1237113402062,123.0,73.0,190.0,12719.0,34.5968621325086,0.22596496818551048,1.3971324255430544
ID5451,5451,9,7.872352600097656,176.62030838005703,40.3655687741713,0.0,17.0,17,5.0,1,,119.55670103092784,116.0,58.0,178.0,11597.0,33.754619767819975,0.17813249837949713,1.0710746026761107
ID236879,236879,9,7.733795166015625,189.952885902148,57.485408796881075,0.0,974.0,974,5.0,1,,129.6701030927835,131.0,67.0,171.0,12578.0,23.857092607809417,0.21061231936366884,1.8911719474167783
ID206158,206158,9,6.9161858558654785,167.13030196438564,24.4202564727773,0.0,844.0,844,5.0,1,,126.16494845360825,126.0,77.0,166.0,12238.0,23.144780014603693,0.17877857558229385,1.6534797929123384
ID103759,103759,9,7.348453044891357,134.93083338508163,65.79391289434474,0.0,416.0,416,5.0,1,,113.91752577319588,105.0,52.0,177.0,11050.0,32.60836744070097,0.16302382266616158,0.9793861206848345
ID238931,238931,9,10.002814292907715,183.31356826639893,59.48924970931894,0.0,981.0,981,5.0,1,,137.95876288659792,141.0,75.0,192.0,13382.0,32.47336008361739,0.25145480326286285,1.7072488349657786
ID140627,140627,9,8.65700912475586,147.2421631769816,34.094742534077504,0.0,572.0,572,5.0,1,,129.38144329896906,128.0,76.0,183.0,12550.0,32.25078916959794,0.20162498396773462,1.346285094094216
ID87382,87382,9,9.650196075439453,146.14137728503405,71.93299583202852,0.0,346.0,346,5.0,1,,134.1958762886598,127.0,83.0,200.0,13017.0,33.42143747384108,0.2269652275160077,1.4854947177191935
ID95579,95579,9,8.95964527130127,145.31174999672072,97.72754366707744,0.0,383.0,383,5.0,1,,130.83505154639175,126.0,83.0,191.0,12691.0,31.24522643953364,0.21967822858432803,1.5083848970338327
ID167260,167260,9,10.038089752197266,150.63023270653727,29.99665675193003,0.0,682.0,682,5.0,1,,135.0721649484536,134.0,62.0,204.0,13102.0,37.56196198246982,0.22892216060311169,1.3397107683549379
ID99678,99678,9,9.535018920898438,137.2029731873491,85.31538764434376,0.0,398.0,398,5.0,1,,131.49484536082474,127.0,70.0,197.0,12755.0,35.4198401650768,0.22020883199827518,1.3399626607594997
ID136546,136546,9,8.72512435913086,137.28231850765638,30.27122079356332,0.0,554.0,554,5.0,1,,128.56701030927834,123.0,70.0,189.0,12471.0,34.130542045851584,0.19778156742786782,1.244011926239394
ID116064,116064,9,9.412656784057617,160.3786468696328,42.61199835158087,0.0,468.0,468,5.0,1,,134.68041237113403,133.0,83.0,191.0,13064.0,32.49729039722406,0.2310204385878091,1.5555086205133781
ID19810,19810,9,8.040063858032227,173.57494220549358,67.29917551281896,0.0,72.0,72,5.0,1,,121.25773195876289,117.0,48.0,187.0,11762.0,34.25282176652125,0.17866706451432576,1.0732389743719497
ID62820,62820,9,8.934462547302246,136.42023859271697,70.62602817487314,0.0,248.0,248,5.0,1,,128.04123711340208,124.0,76.0,201.0,12420.0,35.22218687778498,0.20577042305894302,1.2407430869137557
ID79208,79208,9,8.841326713562012,152.20149428867862,87.78286971855518,0.0,315.0,315,5.0,1,,126.01030927835052,119.0,71.0,188.0,12223.0,34.17677538833963,0.2070521835271567,1.2649074712540365
ID83306,83306,9,9.752347946166992,145.5405932252531,86.12377273796429,0.0,332.0,332,5.0,1,,135.03092783505156,133.0,68.0,195.0,13098.0,36.09347055685402,0.2284854910501414,1.3916281325721158
ID197992,197992,9,9.316636085510254,160.92650651346872,24.11330119413059,0.0,810.0,810,5.0,1,,132.1443298969072,124.0,78.0,197.0,12818.0,31.932216520154594,0.22655294328517656,1.5287373382659142
ID32109,32109,9,9.183022499084473,169.71243102632727,61.407152843978736,0.0,122.0,122,5.0,1,,129.08247422680412,127.0,64.0,200.0,12521.0,36.26082312654296,0.21089434966393594,1.2399903632859477
ID111983,111983,9,9.955960273742676,134.339076836763,48.21734806083471,0.0,452.0,452,5.0,1,,139.5463917525773,140.0,85.0,193.0,13536.0,32.05627233818572,0.2449662431437418,1.7131060704221603
ID11634,11634,9,8.436481475830078,195.01652336809323,33.878022335423786,0.0,38.0,38,5.0,1,,121.49484536082474,115.0,72.0,178.0,11785.0,32.37801585417057,0.20615838184946217,1.2827271127644115
ID28019,28019,9,8.843743324279785,180.57594654110883,69.62251763106644,0.0,104.0,104,5.0,1,,119.1340206185567,120.0,51.0,196.0,11556.0,36.06984799951205,0.21827598069094595,1.1835367525914702
ID126326,126326,9,9.131611824035645,160.1064374544613,46.08985750511047,0.0,509.0,509,5.0,1,,138.0,135.0,86.0,189.0,13386.0,29.182614687515578,0.2236228287841191,1.7284365725131963
ID157050,157050,9,9.915836334228516,133.59927449423668,24.1480611480838,0.0,640.0,640,5.0,1,,133.2164948453608,131.0,73.0,192.0,12922.0,35.71566731495546,0.2353635945622678,1.4212606058044501
ID73083,73083,9,7.692493915557861,140.79997202712002,60.22135296839897,0.0,290.0,290,5.0,1,,119.28865979381443,116.0,63.0,179.0,11571.0,32.28485156994641,0.17442962944447635,1.097548245036982
ID241021,241021,9,9.44400691986084,181.61730973661238,68.6649872712925,0.0,991.0,991,5.0,1,,134.0,135.0,71.0,188.0,12998.0,32.09945482403089,0.23704379876336956,1.5998551344085243
ID181635,181635,9,9.581512451171875,145.79893474740987,49.537892263674955,0.0,742.0,742,5.0,1,,133.20618556701032,133.0,69.0,201.0,12921.0,34.76286876357502,0.22511024063308419,1.408182234805079
ID17801,17801,9,7.628095626831055,171.86117921664012,54.19979891314653,0.0,64.0,64,5.0,1,,116.09278350515464,110.0,53.0,173.0,11261.0,33.552534204533515,0.17060573102445672,1.008539383510973
ID150923,150923,9,8.89939022064209,145.8618536794782,27.70171569681642,0.0,613.0,613,5.0,1,,131.41237113402062,130.0,79.0,188.0,12747.0,29.90114009020656,0.21955125516253624,1.5823930480879744
ID159116,159116,9,9.686458587646484,138.58499271074285,23.33427646147399,0.0,647.0,647,5.0,1,,130.89690721649484,131.0,58.0,193.0,12697.0,37.5720098987937,0.22971721313400814,1.3016170823651396
ID120209,120209,9,8.95018482208252,171.24919242525954,48.8859755230496,0.0,483.0,483,5.0,1,,123.0,114.0,69.0,194.0,11931.0,33.92669794326193,0.21385303702612632,1.277446815227519
ID132499,132499,9,9.443418502807617,147.20581831893236,42.20328561718199,0.0,536.0,536,5.0,1,,130.8659793814433,125.0,79.0,194.0,12694.0,33.8844940158165,0.22507403306879434,1.4191189814647716
ID226705,226705,9,9.621777534484863,178.74876453712773,48.231116469675506,0.0,930.0,930,5.0,1,,136.22680412371133,135.0,69.0,198.0,13214.0,33.03801634564313,0.23049938333473186,1.5447811721595404
ID36244,36244,9,8.891681671142578,146.7692132027867,67.20347619456415,0.0,138.0,138,5.0,1,,126.16494845360825,122.0,62.0,200.0,12238.0,37.15751393627403,0.18922635006022664,1.0805357739845596
ID107924,107924,9,8.168754577636719,133.8753497454483,49.188100917378506,0.0,437.0,437,5.0,1,,117.51546391752578,112.0,49.0,197.0,11399.0,36.870865135989,0.17583152480261083,0.953220403232299
ID50582,50582,9,9.353775024414062,133.51952168799502,68.70415258070527,0.0,197.0,197,5.0,1,,128.83505154639175,127.0,56.0,192.0,12497.0,38.482322893215944,0.2106987842750674,1.1652756606557193
ID216468,216468,9,9.382600784301758,177.57804805598883,36.98731385754177,0.0,888.0,888,5.0,1,,135.8041237113402,134.0,69.0,199.0,13173.0,33.22230650458418,0.2227925112546791,1.4895702538114641
ID3480,3480,9,7.190679550170898,180.06231755833176,32.4052442965331,0.0,1.0,1,5.0,1,,107.96907216494846,98.0,55.0,181.0,10473.0,34.34307717971442,0.1583618305224086,0.8596000532053689
ID66969,66969,9,8.348464965820312,144.65888954712176,56.20447052709551,0.0,268.0,268,5.0,1,,119.55670103092784,116.0,61.0,193.0,11597.0,35.62155511770136,0.18743230423674714,1.0595626179259998
ID191902,191902,9,9.278305053710938,149.19348637999346,26.932473683890443,0.0,785.0,785,5.0,1,,134.63917525773195,131.0,78.0,189.0,13060.0,31.68240362271642,0.225066742735739,1.5614744827788145
ID212381,212381,9,9.929262161254883,175.7321229529282,25.16386075716527,0.0,871.0,871,5.0,1,,138.60824742268042,139.0,67.0,191.0,13445.0,33.28367865192805,0.24032133811480633,1.6137857114994487
ID142749,142749,9,8.998398780822754,153.50639034887368,24.857556978612422,0.0,577.0,577,5.0,1,,131.55670103092783,126.0,70.0,199.0,12761.0,34.19763913396317,0.20842738981191886,1.327031018686003
ID177575,177575,9,8.993473052978516,148.08309914214357,43.73902819845099,0.0,727.0,727,5.0,1,,126.85567010309278,120.0,67.0,187.0,12305.0,35.10816313276303,0.21561573782505214,1.2817871536308674
ID228774,228774,9,9.47459888458252,188.83128644773043,39.89734420165512,0.0,939.0,939,5.0,1,,126.15463917525773,119.0,64.0,194.0,12237.0,37.844897334984715,0.21480270340900606,1.1788536246839403
ID40358,40358,9,7.9759063720703125,147.08093974035594,68.23230652933691,0.0,155.0,155,5.0,1,,124.21649484536083,120.0,72.0,195.0,12049.0,30.55058196531195,0.18600621296407166,1.2753525790872575
ID196004,196004,9,9.948952674865723,157.83810550576007,17.873277201794167,0.0,802.0,802,5.0,1,,132.29896907216494,132.0,67.0,194.0,12833.0,36.12742637423979,0.24167560520621933,1.4255225677021965
ID44458,44458,9,8.524669647216797,137.39895558983534,73.18271438294839,0.0,173.0,173,5.0,1,,122.87628865979381,118.0,67.0,187.0,11919.0,35.03101534472666,0.1929770178711714,1.1347988044377306
ID187816,187816,9,9.61304759979248,157.99621148224455,27.733193626358972,0.0,768.0,768,5.0,1,,131.61855670103094,127.0,67.0,197.0,12767.0,36.20872457564874,0.22685467971154777,1.3442762047194416
ID89514,89514,9,8.895416259765625,148.6975706406261,84.222672291618,0.0,358.0,358,5.0,1,,132.81443298969072,134.0,71.0,188.0,12883.0,32.86694448102683,0.21053975900657487,1.40562994453497
ID224685,224685,9,10.234804153442383,177.54590825793832,55.84868132080827,0.0,920.0,920,5.0,1,,136.04123711340208,132.0,69.0,198.0,13196.0,36.076572940348356,0.2466113694709708,1.4919604279473055
ID56751,56751,9,8.642223358154297,127.75707892157547,54.83062055262056,0.0,223.0,223,5.0,1,,121.83505154639175,118.0,54.0,187.0,11818.0,34.581630604379136,0.20471223316436732,1.1973393488141792
ID173485,173485,9,9.519391059875488,151.44452425813847,48.78161864606664,0.0,707.0,707,5.0,1,,136.42268041237114,136.0,86.0,194.0,13233.0,30.956567373885026,0.23569434296364358,1.681132238238678
ID220595,220595,9,8.022500991821289,174.04576555002248,56.02441839340763,0.0,904.0,904,5.0,1,,121.88659793814433,114.0,72.0,186.0,11823.0,31.953376285046076,0.18240963761005458,1.1769256198906073
ID208306,208306,9,9.990497589111328,170.68543950874582,24.937705811589716,0.0,853.0,853,5.0,1,,135.10309278350516,131.0,74.0,203.0,13105.0,35.10267218463173,0.23728329910272353,1.4762269499425738
ID85428,85428,9,8.796027183532715,146.52331495123858,75.41408855460934,0.0,342.0,342,5.0,1,,126.94845360824742,128.0,64.0,186.0,12314.0,35.604122869298386,0.20024251055891992,1.1897189975705804
ID169399,169399,9,9.25849723815918,154.44491385870367,35.13152063230488,0.0,693.0,693,5.0,1,,133.51546391752578,129.0,83.0,192.0,12951.0,32.15590711740153,0.22223173000434188,1.509917825458785
ID153018,153018,9,6.134322166442871,136.6377301369497,34.25171180141607,0.0,625.0,625,5.0,1,,101.9278350515464,95.0,46.0,167.0,9887.0,33.89912960493984,0.1152465706175109,0.6214287799875893
ID144832,144832,9,9.309168815612793,147.94162528669125,21.087053156684977,0.0,588.0,588,5.0,1,,130.51546391752578,125.0,72.0,197.0,12660.0,32.71534852648863,0.22538688363487241,1.467559868279213
ID93634,93634,9,9.116683006286621,144.88942417215824,88.93960666831948,0.0,374.0,374,5.0,1,,127.5979381443299,121.0,65.0,196.0,12377.0,33.620944549062486,0.21601255225140428,1.3483563111988677
ID9669,9669,9,8.089054107666016,188.44107366297607,37.02456397378683,0.0,32.0,32,5.0,1,,121.8659793814433,118.0,73.0,183.0,11821.0,32.09608908742471,0.19423845353518598,1.2351068280141395
ID81351,81351,9,8.75235366821289,146.46197657033227,95.29962022628744,0.0,324.0,324,5.0,1,,128.8762886597938,128.0,67.0,203.0,12501.0,33.98445040626385,0.19810385728184135,1.2540684184603244
ID77257,77257,9,9.773378372192383,149.07858654367735,77.86593067825433,0.0,306.0,306,5.0,1,,132.39175257731958,128.0,71.0,191.0,12842.0,34.83160582868397,0.23592713046816405,1.4511170659356352
ID230858,230858,9,10.539867401123047,194.54487185427797,44.627962156135744,0.0,949.0,949,5.0,1,,137.23711340206185,137.0,69.0,200.0,13312.0,37.86675465692067,0.25367978633141647,1.4667048367685087
ID97739,97739,9,9.755847930908203,146.74689734559666,90.1335307908864,0.0,392.0,392,5.0,1,,134.50515463917526,129.0,72.0,194.0,13047.0,34.61428044395724,0.2303620310814028,1.4550958243731313
ID165321,165321,9,8.806161880493164,150.39590973209445,28.631063481380632,0.0,674.0,674,5.0,1,,120.83505154639175,115.0,61.0,185.0,11721.0,36.43220885321665,0.21170091790965323,1.1589500767850465
ID26063,26063,9,8.392623901367188,175.91863082258232,67.0454443923863,0.0,99.0,99,5.0,1,,116.81443298969072,107.0,56.0,188.0,11331.0,37.119270011485504,0.18520894975393917,0.983544741831951
ID60885,60885,9,8.307453155517578,132.42503892891173,66.45732114492775,0.0,240.0,240,5.0,1,,126.22680412371135,124.0,75.0,192.0,12244.0,33.20344646852667,0.19172538024608862,1.2232122910404029
ID183765,183765,9,9.6522216796875,147.8546639140798,48.36622257466184,0.0,749.0,749,5.0,1,,140.42268041237114,137.0,69.0,185.0,13621.0,31.681630801468373,0.2353709883281282,1.6889440333170451
ID124377,124377,9,9.967520713806152,156.1551587036648,47.53869693284072,0.0,504.0,504,5.0,1,,137.37113402061857,133.0,85.0,200.0,13325.0,33.517818516061006,0.23887996730641875,1.580520868539643
ID138715,138715,9,8.582870483398438,139.62829485341382,33.11682144655346,0.0,564.0,564,5.0,1,,125.69072164948453,124.0,56.0,181.0,12192.0,34.071726066962476,0.20202848487189531,1.24004352051274
ID161241,161241,9,7.100754737854004,149.68741220919586,31.196795700209744,0.0,657.0,657,5.0,1,,116.38144329896907,114.0,57.0,188.0,11289.0,33.01560341306096,0.151648495543691,0.9283519562529582
ID48604,48604,9,9.109895706176758,139.13225405009615,61.514648590951026,0.0,193.0,193,5.0,1,,131.03092783505156,131.0,71.0,191.0,12710.0,33.268620603182335,0.218484456567873,1.4124385744576768
ID15840,15840,9,8.555904388427734,181.85642881532212,55.768372242622796,0.0,56.0,56,5.0,1,,122.69072164948453,117.0,60.0,186.0,11901.0,33.93509762053829,0.1983543362113663,1.1968757313735
ID114145,114145,9,10.183594703674316,160.59112342002533,47.076811257473864,0.0,463.0,463,5.0,1,,139.43298969072166,136.0,64.0,198.0,13525.0,36.33980462720793,0.24047323264990442,1.4876209687128685
ID71139,71139,9,9.50890064239502,147.75678732431837,60.06461558068731,0.0,282.0,282,5.0,1,,131.39175257731958,125.0,73.0,199.0,12745.0,35.101209826321906,0.21907550543936324,1.3453622357525095
ID101863,101863,9,9.667367935180664,130.0714517975088,83.69260669253312,0.0,406.0,406,5.0,1,,134.2577319587629,128.0,80.0,192.0,13023.0,33.230658017896744,0.2345735085001167,1.5352968924400117
ID30185,30185,9,9.1318998336792,179.6550866940129,63.75691084584154,0.0,112.0,112,5.0,1,,125.4639175257732,119.0,70.0,206.0,12170.0,36.38539709819212,0.20830583375180858,1.1889026119032124
ID87528,87528,9,9.345848083496094,147.5574276011327,81.04612877658778,0.0,350.0,350,5.0,1,,133.38144329896906,130.0,70.0,195.0,12938.0,34.48140903049819,0.21713673527557523,1.3801755746337627
ID200170,200170,9,7.266694068908691,169.10279581079874,10.888495659917046,0.0,819.0,819,5.0,1,,116.50515463917526,110.0,72.0,184.0,11301.0,31.330936425832974,0.1616191040361388,1.0347387420224852
ID110059,110059,9,9.410419464111328,129.37301079113237,49.723782043448196,0.0,441.0,441,5.0,1,,137.06185567010309,136.0,87.0,201.0,13295.0,29.713147494343623,0.23594281805479816,1.7611904762524049
ID204265,204265,9,10.358325958251953,168.11995930378544,19.394150414118997,0.0,836.0,836,5.0,1,,136.46391752577318,137.0,65.0,196.0,13237.0,36.91884733655419,0.24787593829910085,1.4684618138685699
ID34284,34284,9,9.17485523223877,162.99274465277793,63.16941645579777,0.0,131.0,131,5.0,1,,130.5463917525773,126.0,68.0,191.0,12663.0,35.335009969621694,0.21092935171424537,1.2870868753842817
ID105964,105964,9,9.714730262756348,126.77829171382905,55.682821238880344,0.0,426.0,426,5.0,1,,133.50515463917526,130.0,70.0,194.0,12950.0,35.38659224413848,0.22663652560664715,1.3941300848572726
ID118252,118252,9,9.367321014404297,165.97655671373997,38.25092445951247,0.0,478.0,478,5.0,1,,124.85567010309278,123.0,49.0,185.0,12111.0,38.616703448421994,0.21913995506185185,1.1623343486404094
ID134639,134639,9,9.448225021362305,131.16978907659646,29.812113593132803,0.0,545.0,545,5.0,1,,134.09278350515464,130.0,80.0,194.0,13007.0,32.971288796159065,0.22465702411107324,1.492124297028574
ID232951,232951,9,10.164948463439941,187.59186427286303,52.647404210848315,0.0,956.0,956,5.0,1,,132.23711340206185,127.0,60.0,196.0,12827.0,35.51078861765002,0.25719972081213166,1.5236641734349932
ID179707,179707,9,9.021881103515625,147.07281332387478,47.57739155229278,0.0,734.0,734,5.0,1,,134.2577319587629,130.0,76.0,188.0,13023.0,30.453269648798063,0.22236850261991342,1.604007870448708
ID65019,65019,9,9.249582290649414,136.54509514352316,60.07023137502481,0.0,257.0,257,5.0,1,,128.95876288659792,127.0,63.0,201.0,12509.0,36.274393380458825,0.2119005431011405,1.2432136938886569
ID130557,130557,9,8.475969314575195,141.40875706674984,44.01411058154313,0.0,528.0,528,5.0,1,,122.90721649484536,118.0,70.0,181.0,11922.0,34.14554707249138,0.19508939617257473,1.1751859082352922
ID189949,189949,9,9.251934051513672,147.1590493851907,30.53973070159311,0.0,777.0,777,5.0,1,,130.51546391752578,129.0,74.0,200.0,12660.0,33.94269478414497,0.22093848616625614,1.3916282567323275
ID24066,24066,9,8.623099327087402,177.81954340317122,63.39468546190633,0.0,89.0,89,5.0,1,,119.85567010309278,116.0,46.0,189.0,11626.0,37.355273414740715,0.19396085195220045,1.0424630162992867
ID146949,146949,9,8.020381927490234,142.48130278405202,20.51302975581257,0.0,593.0,593,5.0,1,,115.12371134020619,106.0,60.0,195.0,11167.0,35.97662948937556,0.18426496774959436,0.9957910006021918
ID218635,218635,9,9.68641471862793,181.4039736022339,40.9719516263279,0.0,894.0,894,5.0,1,,136.63917525773195,131.0,87.0,200.0,13254.0,33.235017165324,0.22901496032424296,1.5322019270811396
ID13833,13833,9,8.95064926147461,188.4080370091103,47.69759621998121,0.0,48.0,48,5.0,1,,127.57731958762886,125.0,66.0,188.0,12375.0,33.31536027481242,0.21792794339471935,1.3704092472654836
ID7695,7695,9,8.436352729797363,189.59723265520824,37.15196414121914,0.0,27.0,27,5.0,1,,121.16494845360825,117.0,61.0,194.0,11753.0,37.265008277530264,0.18131855355606508,0.9981159516420743
ID155149,155149,9,8.48984432220459,145.94768424942487,39.320047444053586,0.0,631.0,631,5.0,1,,123.90721649484536,118.0,64.0,193.0,12019.0,35.267750399097736,0.1863687508862522,1.103830102969732
ID38416,38416,9,7.344400882720947,148.49904095291402,71.35125942288117,0.0,146.0,146,5.0,1,,118.27835051546391,114.0,67.0,178.0,11473.0,32.2266524880291,0.1631958525764023,1.029855592013047
ID122389,122389,9,8.897663116455078,163.64033776019457,54.01217968540218,0.0,495.0,495,5.0,1,,126.38144329896907,124.0,59.0,193.0,12259.0,35.37520415105081,0.20467678651605875,1.2139824254134883
ID185879,185879,9,9.048824310302734,162.94757949244817,38.28876867505462,0.0,760.0,760,5.0,1,,126.57731958762886,118.0,64.0,193.0,12278.0,36.71989556412913,0.20049150590814033,1.151387047141919
ID210457,210457,9,10.570014953613281,169.7934422838048,30.620199727316336,0.0,863.0,863,5.0,1,,136.88659793814432,139.0,71.0,201.0,13278.0,37.110722924967995,0.25511834463532296,1.4995070853377361
ID214557,214557,9,9.862523078918457,182.6711689174575,30.412171852715794,0.0,881.0,881,5.0,1,,137.4536082474227,136.0,74.0,200.0,13333.0,35.285449261037684,0.22776405862216006,1.4453091978380526
ID235042,235042,9,10.310844421386719,188.06082542114734,55.80977295396671,0.0,965.0,965,5.0,1,,130.8762886597938,126.0,72.0,190.0,12695.0,35.123371175744815,0.2692906617639926,1.5810841391003416
ID22050,22050,9,8.889796257019043,172.0035171910999,66.82706412660934,0.0,81.0,81,5.0,1,,121.77319587628865,117.0,60.0,195.0,11812.0,35.120478699114884,0.21160124527605734,1.2110993779595425
ID128549,128549,9,9.998079299926758,141.21927983088105,44.7399391844431,0.0,523.0,523,5.0,1,,138.44329896907217,135.0,85.0,199.0,13429.0,34.07496914652703,0.23703219952154428,1.5570150346852802
ID194086,194086,9,9.933354377746582,146.72101105691405,22.561327716466916,0.0,794.0,794,5.0,1,,138.42268041237114,141.0,73.0,201.0,13427.0,35.00739060408839,0.23570521871100797,1.5084531540152253
ID54823,54823,9,8.683456420898438,133.4327746048221,57.18556470761073,0.0,214.0,214,5.0,1,,123.96907216494846,121.0,61.0,183.0,12025.0,33.48645671768146,0.21171035509087927,1.2936519022847681
ID91691,91691,9,9.541644096374512,141.1232513138433,87.47766675083652,0.0,366.0,366,5.0,1,,133.15463917525773,129.0,65.0,193.0,12916.0,35.7998894918527,0.22046488537762346,1.3437508437985288
ID75309,75309,9,7.251166343688965,155.80325513266507,72.63743169821728,0.0,299.0,299,5.0,1,,111.02061855670104,103.0,50.0,180.0,10769.0,34.43592461050042,0.1573751440156269,0.8767663621420346
ID149038,149038,9,9.49338150024414,146.16925388355327,16.140849234125557,0.0,604.0,604,5.0,1,,129.93814432989691,126.0,78.0,202.0,12604.0,35.04277577505268,0.21646605740223157,1.3196475865953605
ID175666,175666,9,7.39876127243042,155.25960732306004,37.19738996437251,0.0,720.0,720,5.0,1,,110.96907216494846,104.0,60.0,193.0,10764.0,36.98830153131962,0.14529505297196868,0.7612038986241894
ID163379,163379,9,9.1422119140625,156.09705250556448,25.248501680154977,0.0,666.0,666,5.0,1,,129.61855670103094,125.0,74.0,187.0,12573.0,34.152977938414914,0.2123444144077534,1.3294849490355776
ID69173,69173,9,7.172482013702393,142.63786801166816,49.904236433271954,0.0,274.0,274,5.0,1,,125.31958762886597,124.0,70.0,177.0,12156.0,26.731125113398768,0.17373552537217765,1.387874181043686
ID140853,140853,9,8.54366397857666,142.8677278552603,33.02706148027688,0.0,570.0,570,5.0,1,,124.77319587628865,121.0,56.0,183.0,12103.0,33.49300460377235,0.2013107885990428,1.2485583927272275
ID237108,237108,9,10.125179290771484,190.9542543378283,54.66907419885047,0.0,976.0,976,5.0,1,,131.64948453608247,129.0,70.0,198.0,12770.0,35.53491277283788,0.2518014241675408,1.490447372432755
ID52795,52795,9,8.600339889526367,137.76348298293587,63.54171363633965,0.0,205.0,205,5.0,1,,122.80412371134021,117.0,56.0,193.0,11912.0,35.57024715710968,0.1977945742323876,1.140218533638083
ID167481,167481,9,9.559762001037598,154.9564291455682,28.92676453364973,0.0,684.0,684,5.0,1,,134.39175257731958,128.0,79.0,199.0,13036.0,33.333715633546525,0.22533879962920467,1.4828549734314875
ID46652,46652,9,9.209954261779785,130.16721428786448,77.04709316667748,0.0,182.0,182,5.0,1,,129.8556701030928,124.0,68.0,192.0,12596.0,34.841004844244964,0.21182275735942796,1.3029680137572388
ID206399,206399,9,9.721065521240234,163.96664902835465,25.14437996684003,0.0,846.0,846,5.0,1,,132.83505154639175,131.0,70.0,194.0,12885.0,34.53310018795105,0.23138377963765397,1.445594868986945
ID42557,42557,9,9.480828285217285,140.03345647299537,65.77862012466798,0.0,165.0,165,5.0,1,,131.3298969072165,127.0,72.0,190.0,12739.0,35.436481216832576,0.22071137355648343,1.3401540739279802
ID104001,104001,9,8.72708511352539,133.1120725016509,62.84244468348281,0.0,419.0,419,5.0,1,,129.75257731958763,123.0,77.0,189.0,12586.0,32.14778080982517,0.20276971851916303,1.3608667495621751
ID171587,171587,9,9.64531421661377,148.2343195622055,44.12856156478785,0.0,698.0,698,5.0,1,,130.96907216494844,123.0,62.0,195.0,12704.0,36.641123756945845,0.22487046781248357,1.3124181307596283
ID58947,58947,9,8.201603889465332,139.99210646272945,60.56943821723397,0.0,233.0,233,5.0,1,,120.97938144329896,114.0,72.0,191.0,11735.0,33.85323082238092,0.18666982107772945,1.1243083768056406
ID222784,222784,9,8.673771858215332,182.3277421867555,53.2220316821375,0.0,913.0,913,5.0,1,,131.81443298969072,129.0,82.0,190.0,12786.0,30.474145427212562,0.20907353471221393,1.4959179465188366
ID95813,95813,9,8.955117225646973,145.903739153644,95.79821300590919,0.0,385.0,385,5.0,1,,126.73195876288659,123.0,63.0,194.0,12293.0,34.417327111475146,0.21006360087621992,1.2784437134467126
ID5703,5703,9,6.576757431030273,178.97750689567334,40.43625992398367,0.0,14.0,14,5.0,1,,109.8659793814433,104.0,56.0,168.0,10657.0,32.384290451409264,0.13791175243109613,0.8223402268002674
ID239172,239172,9,9.836042404174805,185.2461373304657,66.9618807229284,0.0,986.0,986,5.0,1,,134.81443298969072,130.0,81.0,195.0,13077.0,33.487351435811796,0.24068891052305508,1.5619918584300405
ID79440,79440,9,8.447924613952637,153.4448015317239,88.46212144659637,0.0,316.0,316,5.0,1,,124.84536082474227,120.0,68.0,191.0,12110.0,33.6972860573202,0.19410497408218824,1.2044856689388501
ID99923,99923,9,9.542524337768555,134.27410656136823,83.5408362443508,0.0,401.0,401,5.0,1,,132.18556701030928,127.0,73.0,203.0,12822.0,34.67417683981699,0.2248347720456615,1.3995674884103457
ID136785,136785,9,9.069537162780762,140.4019144361754,29.405402437558088,0.0,553.0,553,5.0,1,,129.77319587628867,127.0,74.0,188.0,12588.0,33.89859422928404,0.21433232822403775,1.3513984975090818
ID83543,83543,9,7.945181846618652,152.97964190213145,80.18814409089678,0.0,334.0,334,5.0,1,,123.81443298969072,119.0,67.0,188.0,12010.0,30.50284477747773,0.18469453631841748,1.2656353218016931
ID198229,198229,9,10.209457397460938,165.6994810288412,23.98822434854828,0.0,812.0,812,5.0,1,,132.3298969072165,132.0,42.0,193.0,12836.0,38.85542691865484,0.24477126471157082,1.339390340076139
ID63063,63063,9,8.06938648223877,133.59038023622148,67.1517634770955,0.0,249.0,249,5.0,1,,124.28865979381443,124.0,58.0,186.0,12056.0,33.403455024295575,0.18535780400812107,1.16367451563861
ID32345,32345,9,8.134180068969727,167.1154086561272,60.33933161188884,0.0,120.0,120,5.0,1,,122.03092783505154,118.0,63.0,181.0,11837.0,33.570340830935194,0.1851250243996746,1.1356516041686862
ID112219,112219,9,9.941950798034668,138.38503290482376,47.29638882566842,0.0,454.0,454,5.0,1,,136.4742268041237,131.0,78.0,194.0,13238.0,33.412539058308994,0.24322422570589156,1.5981904232199529
ID116315,116315,9,9.894373893737793,161.99275913771558,44.1006489789899,0.0,470.0,470,5.0,1,,134.15463917525773,131.0,58.0,195.0,13013.0,35.448713013246795,0.2383126275268129,1.4566391293118037
ID26203,26203,9,8.448741912841797,176.39670071259533,63.23838592463801,0.0,98.0,98,5.0,1,,120.6082474226804,112.0,69.0,192.0,11699.0,33.94098944646151,0.1967050774044975,1.1681831568682632
ID20067,20067,9,8.422563552856445,176.5511209512806,69.65048037352624,0.0,73.0,73,5.0,1,,119.47422680412372,115.0,56.0,188.0,11589.0,35.67360508353981,0.20144226361580175,1.1230650490498237
ID241248,241248,9,9.954472541809082,181.91292619840533,68.53601349500332,0.0,993.0,993,5.0,1,,137.48453608247422,134.0,81.0,192.0,13336.0,32.98867021483217,0.24624801222799053,1.6469760876696122
ID151142,151142,9,9.75747013092041,146.82789716102135,27.370396693801286,0.0,614.0,614,5.0,1,,135.37113402061857,129.0,72.0,201.0,13131.0,34.33757647353117,0.23034484783996154,1.4761757644368318
ID202343,202343,9,9.925469398498535,164.43688714675832,15.17188729796926,0.0,828.0,828,5.0,1,,132.2680412371134,128.0,67.0,200.0,12830.0,36.62834611106015,0.23331489695354968,1.3662686403683226
ID28264,28264,9,8.785768508911133,182.52813092602665,67.23435604885296,0.0,107.0,107,5.0,1,,125.1340206185567,117.0,65.0,191.0,12138.0,34.280591224596805,0.20442347337740815,1.239106523056936
ID157289,157289,9,9.099702835083008,135.48143410821962,25.958019308973682,0.0,639.0,639,5.0,1,,127.23711340206185,124.0,63.0,193.0,12342.0,33.66030463687788,0.22254454315304778,1.3761888015366714
ID159337,159337,9,8.590747833251953,145.72554295136933,18.4229547487557,0.0,650.0,650,5.0,1,,127.58762886597938,125.0,66.0,191.0,12376.0,34.55423049875117,0.19581712344583826,1.2092698768539907
ID11885,11885,9,8.216245651245117,190.54584964686327,40.76150736812659,0.0,42.0,42,5.0,1,,120.58762886597938,117.0,64.0,185.0,11697.0,33.44733191194017,0.19198863069237754,1.1613808735123494
ID120431,120431,9,9.027467727661133,169.0803707289091,45.452049622332204,0.0,487.0,487,5.0,1,,116.17525773195877,111.0,37.0,192.0,11269.0,41.02768636067559,0.20138090948526974,0.9493015387041417
ID126576,126576,9,10.158080101013184,156.8626118727894,45.24674853922571,0.0,511.0,511,5.0,1,,137.8041237113402,130.0,70.0,195.0,13367.0,36.153503511433065,0.23393954090437194,1.445278599039401
ID73330,73330,9,9.188129425048828,148.74834233438554,61.2521513886569,0.0,286.0,286,5.0,1,,130.35051546391753,127.0,61.0,192.0,12644.0,35.21926592704428,0.21178610133203454,1.293701070472752
ID226934,226934,9,8.967121124267578,180.82413186945496,48.51440568310871,0.0,931.0,931,5.0,1,,128.88659793814432,126.0,67.0,190.0,12502.0,33.74872722558702,0.21487193219125839,1.3509197402909858
ID181876,181876,9,8.902610778808594,150.29603814474333,49.2088949418705,0.0,741.0,741,5.0,1,,129.37113402061857,126.0,64.0,186.0,12549.0,34.18891133212056,0.20881331576195836,1.307317464779829
ID132735,132735,9,9.152301788330078,147.5790841582684,40.98293683950464,0.0,535.0,535,5.0,1,,123.38144329896907,117.0,45.0,192.0,11968.0,38.54203422319397,0.2115671042765649,1.118010488842298
ID142973,142973,9,10.395511627197266,147.64566672355016,15.670653660056159,0.0,581.0,581,5.0,1,,137.36082474226805,134.0,70.0,198.0,13324.0,35.82427760582732,0.25167074007506524,1.5419066093024207
ID108160,108160,9,10.076305389404297,132.14226209840416,51.98944911327336,0.0,434.0,434,5.0,1,,135.2680412371134,128.0,82.0,198.0,13121.0,34.70306046299493,0.2408460368422195,1.5131397015124959
ID18053,18053,9,8.70350170135498,172.28545773682765,56.3016584397009,0.0,65.0,65,5.0,1,,121.51546391752578,113.0,57.0,198.0,11787.0,36.86210605137687,0.19585267717800792,1.079774912884417
ID36485,36485,9,8.70425033569336,146.7592363035332,71.012417535619,0.0,140.0,140,5.0,1,,128.8762886597938,126.0,73.0,190.0,12501.0,33.358612622267046,0.19810385728184135,1.2775958777367842
ID224901,224901,9,9.623947143554688,176.22331638655456,46.09916877065915,0.0,923.0,923,5.0,1,,136.8556701030928,134.0,80.0,187.0,13275.0,32.109834192814425,0.23664790798396884,1.6312154665225742
ID67209,67209,9,9.370536804199219,147.6811566110096,58.068438580658864,0.0,265.0,265,5.0,1,,131.6701030927835,129.0,66.0,201.0,12772.0,34.998131393417665,0.21659128346105327,1.3395797945019787
ID216715,216715,9,9.734678268432617,177.47823998071678,32.95895612755267,0.0,887.0,887,5.0,1,,136.60824742268042,129.0,82.0,201.0,13251.0,32.798804824842996,0.23610655471656017,1.5911130271462706
ID177801,177801,9,8.613178253173828,148.42087153141782,43.74924368624295,0.0,725.0,725,5.0,1,,123.47422680412372,116.0,69.0,191.0,11977.0,35.354187865885955,0.19966781332364583,1.1625523016305763
ID212622,212622,9,9.405820846557617,177.3674678684383,26.081625646344865,0.0,870.0,870,5.0,1,,138.63917525773195,137.0,82.0,185.0,13448.0,29.030223319488627,0.2369370153178063,1.829577928843934
ID229006,229006,9,8.533246040344238,189.63936775535277,41.71120666250122,0.0,940.0,940,5.0,1,,120.61855670103093,117.0,55.0,189.0,11700.0,35.96828559618213,0.1994994052424734,1.1154906990777815
ID50831,50831,9,8.017927169799805,128.52016705901858,66.42347658826385,0.0,200.0,200,5.0,1,,118.41237113402062,119.0,53.0,187.0,11486.0,36.787609037475626,0.17623426345028045,0.9645439751265646
ID188048,188048,9,9.465106964111328,158.15707993297363,25.29172004976191,0.0,769.0,769,5.0,1,,132.20618556701032,132.0,70.0,201.0,12824.0,34.65212179179709,0.22247870117115776,1.3886700780002184
ID192145,192145,9,8.492188453674316,151.87678285116664,24.81678739738013,0.0,786.0,786,5.0,1,,126.57731958762886,122.0,68.0,186.0,12278.0,32.796670007393786,0.1992607270926172,1.2825202743147963
ID40597,40597,9,9.468476295471191,143.14648691750705,70.21171765942861,0.0,156.0,156,5.0,1,,131.84536082474227,125.0,69.0,193.0,12789.0,34.66156018265094,0.2212638645676906,1.3783126048165208
ID153237,153237,9,8.604914665222168,144.5419097064108,29.21775764696695,0.0,622.0,622,5.0,1,,122.16494845360825,114.0,60.0,187.0,11850.0,35.7047150283787,0.19561352370737325,1.1195902253910455
ID44700,44700,9,9.234222412109375,135.3501123667355,72.77941853266758,0.0,174.0,174,5.0,1,,130.27835051546393,122.0,72.0,194.0,12637.0,34.0293201604762,0.21798795755925246,1.3703720176451404
ID208543,208543,9,10.457818031311035,170.429796720896,22.481052378853473,0.0,854.0,854,5.0,1,,141.84536082474227,144.0,76.0,198.0,13759.0,34.59538149756698,0.2533327124585605,1.6574937751587278
ID89759,89759,9,8.093212127685547,145.75083941612894,85.06940396953947,0.0,363.0,363,5.0,1,,125.4020618556701,123.0,68.0,181.0,12164.0,31.150394524593118,0.19183289964235342,1.2959219419916848
ID93856,93856,9,9.151572227478027,143.9767239157375,91.36607332078461,0.0,377.0,377,5.0,1,,128.28865979381445,125.0,65.0,191.0,12444.0,35.4089085903553,0.21327364570505558,1.2737498676228691
ID196262,196262,9,9.669054985046387,156.83832500908824,19.618950898577936,0.0,803.0,803,5.0,1,,127.9278350515464,118.0,55.0,200.0,12409.0,37.18401522122791,0.23149674120757416,1.2934521786622521
ID231078,231078,9,9.135269165039062,193.51645824336237,40.84269232233699,0.0,948.0,948,5.0,1,,124.18556701030928,122.0,53.0,190.0,12046.0,38.51713090109689,0.21192536529568096,1.1275978934814395
ID56998,56998,9,8.722766876220703,126.04523186312197,55.44520269881203,0.0,224.0,224,5.0,1,,121.27835051546391,117.0,59.0,182.0,11764.0,36.40219266176411,0.19945527587834286,1.1080189877431128
ID145060,145060,9,10.160391807556152,149.6301321368447,24.382642095462103,0.0,586.0,586,5.0,1,,135.09278350515464,135.0,54.0,199.0,13104.0,37.83877048143071,0.24040527269159923,1.3839025660348618
ID81579,81579,9,8.59463119506836,147.55235612702546,88.12926400507428,0.0,328.0,328,5.0,1,,124.1340206185567,120.0,58.0,188.0,12041.0,36.447058885108554,0.19250709566532964,1.0996237198628382
ID85675,85675,9,9.29149055480957,145.44686931959458,73.89543830366503,0.0,345.0,345,5.0,1,,133.42268041237114,128.0,76.0,200.0,12942.0,32.88928240182835,0.22010845858789957,1.4636712876454485
ID220847,220847,9,5.968328475952148,174.50928694476815,60.394101936682695,0.0,905.0,905,5.0,1,,110.41237113402062,109.0,53.0,164.0,10710.0,29.11355375125976,0.1301095804060477,0.8732553016744398
ID173743,173743,9,10.432294845581055,146.9841265437892,48.18823934602733,0.0,709.0,709,5.0,1,,139.91752577319588,135.0,76.0,200.0,13572.0,34.728311608078016,0.24522095053259932,1.5868270505796818
ID3760,3760,9,8.55910873413086,181.84251548770922,33.11704395773356,0.0,4.0,4,5.0,1,,119.50515463917526,116.0,57.0,191.0,11592.0,35.060995574183586,0.1999907296535208,1.136120415173294
ID77489,77489,9,8.92994499206543,152.20036329580913,77.33471780385933,0.0,307.0,307,5.0,1,,126.61855670103093,121.0,69.0,193.0,12282.0,34.47566874471312,0.20600301942622107,1.2546998499965838
ID165555,165555,9,8.694784164428711,152.6288477960583,22.530486674230563,0.0,677.0,677,5.0,1,,123.05154639175258,122.0,60.0,198.0,11936.0,34.690107599892166,0.20707624054297236,1.2170460041941469
ID97975,97975,9,8.748116493225098,137.80734632716246,91.25087676549224,0.0,397.0,397,5.0,1,,130.72164948453607,127.0,70.0,189.0,12680.0,31.82135756454867,0.20779008683354763,1.4134881605809702
ID169658,169658,9,10.04030990600586,152.75036560445892,36.897195094808744,0.0,695.0,695,5.0,1,,133.60824742268042,138.0,73.0,190.0,12960.0,34.23282924238288,0.2509433992843942,1.5658803921771773
ID183997,183997,9,9.509384155273438,150.49893704725145,46.3623210622873,0.0,751.0,751,5.0,1,,136.72164948453607,135.0,73.0,195.0,13262.0,34.365602433017116,0.22640009095650457,1.4688848324278145
ID161474,161474,9,8.162858009338379,147.90654394501917,26.882122020767415,0.0,658.0,658,5.0,1,,124.64948453608247,117.0,71.0,183.0,12091.0,31.943322605930174,0.18850929814642253,1.2378573158672566
ID9924,9924,9,9.134166717529297,194.8135049639627,33.835652458747035,0.0,37.0,37,5.0,1,,124.17525773195877,119.0,67.0,189.0,12045.0,35.54398985449765,0.21638173479263767,1.2429383773766758
ID48845,48845,9,8.722469329833984,142.40999006024848,62.9838697831559,0.0,189.0,189,5.0,1,,126.3298969072165,118.0,76.0,192.0,12254.0,33.59089709575489,0.19925490071489943,1.2497180566179331
ID124622,124622,9,10.720576286315918,163.40999900354524,49.061339824052176,0.0,502.0,502,5.0,1,,137.5463917525773,134.0,71.0,199.0,13342.0,37.10599137902033,0.25760062520300364,1.5185857718494185
ID61136,61136,9,7.960520267486572,130.92023196187372,65.55665267121043,0.0,241.0,241,5.0,1,,122.6701030927835,118.0,64.0,188.0,11899.0,31.90242991316274,0.18565464850483127,1.2041832504316412
ID138962,138962,9,10.308021545410156,141.51910565088767,34.92937731870239,0.0,560.0,560,5.0,1,,134.8041237113402,137.0,51.0,194.0,13076.0,38.11157937973537,0.25076821904704966,1.4183123499752355
ID102098,102098,9,8.479147911071777,132.31491078620707,74.32633591810531,0.0,414.0,414,5.0,1,,124.16494845360825,121.0,74.0,187.0,12044.0,33.684405520325456,0.19519720450982736,1.204021233918232
ID204502,204502,9,10.737936973571777,165.6070934037254,26.359987153012845,0.0,839.0,839,5.0,1,,139.72164948453607,143.0,62.0,197.0,13553.0,38.5261659644134,0.2537928382487514,1.4682211855411365
ID110294,110294,9,10.29153823852539,133.66363925767988,51.21345440969705,0.0,447.0,447,5.0,1,,138.37113402061857,137.0,65.0,201.0,13422.0,36.48467703126343,0.24442273403137235,1.4898366402121863
ID118486,118486,9,8.863377571105957,165.0735321755207,38.02348909068674,0.0,477.0,477,5.0,1,,119.6701030927835,113.0,54.0,195.0,11608.0,38.92587015979983,0.19097750348092504,0.9859524824778242
ID16089,16089,9,9.85224723815918,173.9286440987028,55.74861177205466,0.0,60.0,60,5.0,1,,130.93814432989691,122.0,69.0,197.0,12701.0,37.37167332825695,0.22816614586048847,1.3018103436186226
ID34521,34521,9,8.531160354614258,160.2837737701343,65.57799599512195,0.0,132.0,132,5.0,1,,125.96907216494846,125.0,69.0,183.0,12219.0,32.15374965441026,0.20778068328089902,1.3479674053306492
ID71384,71384,9,8.946545600891113,147.79074927778797,58.61210691040433,0.0,283.0,283,5.0,1,,130.81443298969072,125.0,70.0,189.0,12689.0,32.41055958869321,0.215754516153654,1.4325610301304215
ID114394,114394,9,9.534849166870117,153.60584091350657,49.728244074122735,0.0,460.0,460,5.0,1,,133.11340206185568,134.0,59.0,192.0,12912.0,35.46091636361189,0.22965551220099828,1.4021524572924249
ID200419,200419,9,7.217535018920898,167.01956961822515,14.275253362532254,0.0,820.0,820,5.0,1,,112.68041237113403,108.0,53.0,178.0,10930.0,32.72217214410099,0.15983896624804625,0.9491203061339157
ID30436,30436,9,8.332075119018555,175.02104048286344,65.11333451535631,0.0,113.0,113,5.0,1,,120.8659793814433,112.0,69.0,187.0,11724.0,32.47455056976007,0.19804098272676612,1.2304793218829781
ID134886,134886,9,8.812760353088379,132.42786561823237,30.494320695312805,0.0,544.0,544,5.0,1,,134.17525773195877,132.0,81.0,189.0,13015.0,31.423190185646316,0.20694069968940831,1.4642395745196612
ID179943,179943,9,8.743570327758789,143.6140119039727,41.10018005586218,0.0,732.0,732,5.0,1,,125.76288659793815,121.0,71.0,197.0,12199.0,34.37167353476923,0.2022823024475489,1.2312131588350954
ID190186,190186,9,8.812247276306152,148.08589964779893,34.01930043540051,0.0,778.0,778,5.0,1,,128.69072164948454,122.0,74.0,179.0,12483.0,32.13816553334675,0.21105552377987422,1.395689517729954
ID106218,106218,9,9.561084747314453,127.03539958738638,61.20245478400025,0.0,428.0,428,5.0,1,,130.7319587628866,124.0,67.0,199.0,12681.0,35.11514258595023,0.22117300964269854,1.3485661627411942
ID233192,233192,9,10.034257888793945,187.43948381385798,52.70759554026206,0.0,958.0,958,5.0,1,,134.69072164948454,132.0,84.0,196.0,13065.0,33.401709295315975,0.2556148045083393,1.6418314073680715
ID130800,130800,9,9.182991981506348,137.69144588974575,43.18101565242622,0.0,527.0,527,5.0,1,,127.24742268041237,121.0,62.0,205.0,12343.0,37.04137071343198,0.20621543400504447,1.174595212657343
ID155379,155379,9,8.521751403808594,145.41720849091965,36.27572363048778,0.0,632.0,632,5.0,1,,126.75257731958763,120.0,75.0,202.0,12295.0,33.733647559421,0.19343294242325137,1.218024174312422
ID65266,65266,9,8.950484275817871,133.20909579412535,59.9444775472365,0.0,256.0,256,5.0,1,,130.24742268041237,124.0,79.0,183.0,12634.0,31.49538025906705,0.2181723953018194,1.4813010262002404
ID147192,147192,9,9.95022964477539,142.50185720813624,24.609730490828436,0.0,595.0,595,5.0,1,,131.76288659793815,131.0,62.0,203.0,12781.0,38.136753159921156,0.23415198593229275,1.3110177737245836
ID7938,7938,9,8.732709884643555,184.23296449852612,35.956115332781515,0.0,21.0,21,5.0,1,,121.84536082474227,117.0,72.0,183.0,11819.0,33.66790639410475,0.21549295990839368,1.2832270968749964
ID24324,24324,9,9.28797435760498,180.43812839362622,63.045016191098604,0.0,91.0,91,5.0,1,,126.04123711340206,120.0,66.0,192.0,12226.0,36.19159591839347,0.21607877755535937,1.2376143128476422
ID210692,210692,9,9.814983367919922,169.01043195501842,32.65094464147326,0.0,862.0,862,5.0,1,,136.1443298969072,132.0,67.0,197.0,13206.0,33.75370031897789,0.23619379473473165,1.5413103280585139
ID14088,14088,9,8.436116218566895,192.86708735111543,46.2118907302743,0.0,50.0,50,5.0,1,,120.96907216494846,116.0,53.0,188.0,11734.0,34.66820517667191,0.19648228625521155,1.146014510769468
ID186121,186121,9,7.181831359863281,160.49888586083398,38.57436667037683,0.0,759.0,759,5.0,1,,121.28865979381443,118.0,79.0,175.0,11765.0,28.833198011322597,0.16887158638742195,1.2154781605085647
ID38668,38668,9,8.6948881149292,144.71100890446445,74.09368388069421,0.0,151.0,151,5.0,1,,127.18556701030928,124.0,66.0,189.0,12337.0,33.66697500794461,0.20240909786841904,1.271866431671208
ID214796,214796,9,9.070046424865723,182.26312145293676,28.950705262939795,0.0,879.0,879,5.0,1,,134.7835051546392,128.0,83.0,186.0,13074.0,30.87819713680259,0.21889630326926177,1.5677848875633493
ID122641,122641,9,8.53738021850586,161.28571288437072,51.17304942880822,0.0,497.0,497,5.0,1,,130.7319587628866,127.0,76.0,184.0,12681.0,30.200895221250445,0.20407126412836218,1.467309097643716
ID235282,235282,9,10.357223510742188,185.7190257652088,53.28685217107808,0.0,968.0,968,5.0,1,,135.91752577319588,138.0,56.0,196.0,13184.0,35.59221301278928,0.2602612787080485,1.577245983742438
ID218897,218897,9,8.633658409118652,180.44601141683435,40.95077835806796,0.0,897.0,897,5.0,1,,130.29896907216494,124.0,77.0,187.0,12639.0,31.136515590103905,0.2055530325571198,1.4270478436095817
ID128789,128789,9,9.303050994873047,145.4978328615452,43.773994307121995,0.0,520.0,520,5.0,1,,135.4742268041237,132.0,82.0,198.0,13141.0,32.26811273775331,0.22522309395803758,1.5435150100392983
ID175895,175895,9,10.101197242736816,157.19507033961207,37.243231074715105,0.0,718.0,718,5.0,1,,127.70103092783505,120.0,49.0,205.0,12387.0,41.72683113329021,0.22802943231702738,1.136556748662703
ID149275,149275,9,9.211116790771484,146.0568557623083,22.031012800755303,0.0,606.0,606,5.0,1,,123.22680412371135,117.0,51.0,186.0,11953.0,36.031093387817826,0.22314503360933674,1.2478632903707192
ID194331,194331,9,10.037564277648926,146.4923396852539,20.981816905300242,0.0,795.0,795,5.0,1,,139.8762886597938,139.0,87.0,201.0,13568.0,33.11069116487616,0.24508242427542015,1.663105940406075
ID237338,237338,9,10.09821605682373,188.20665203677984,56.929871184859586,0.0,975.0,975,5.0,1,,135.5257731958763,133.0,80.0,197.0,13146.0,31.293001341988454,0.25952649887771084,1.7847568998314254
ID55066,55066,9,9.526243209838867,129.42858865487494,51.14259014156687,0.0,216.0,216,5.0,1,,128.98969072164948,124.0,71.0,197.0,12512.0,34.88537624772044,0.23021677092384865,1.3838751175183306
ID10011,10011,9,7.8761138916015625,188.22359215700044,38.28108333859945,0.0,30.0,30,5.0,1,,115.36082474226804,107.0,55.0,183.0,11190.0,33.98320221294704,0.18423710330799534,1.0562396859159169
ID22301,22301,9,9.180906295776367,178.58857308500365,68.8912990498214,0.0,82.0,82,5.0,1,,125.50515463917526,122.0,58.0,199.0,12174.0,36.91435010922248,0.2119901373068904,1.1893588330991556
ID91932,91932,9,9.615814208984375,142.92281426809765,93.8510238513078,0.0,371.0,371,5.0,1,,132.58762886597938,128.0,73.0,200.0,12861.0,34.58436321076561,0.22479664295189403,1.4072752510032633
ID239389,239389,9,9.449978828430176,182.9725584675268,64.6486902878315,0.0,985.0,985,5.0,1,,132.75257731958763,128.0,78.0,194.0,12877.0,31.22733542368337,0.23759916872647144,1.632311110818003
ID223009,223009,9,8.71007251739502,178.55074700482578,51.17489557940392,0.0,915.0,915,5.0,1,,131.29896907216494,130.0,76.0,186.0,12736.0,32.23680768561692,0.20515272161829692,1.3866743438971614
ID69412,69412,9,7.2581329345703125,148.41920063145187,50.68629266495677,0.0,276.0,276,5.0,1,,116.9278350515464,110.0,75.0,177.0,11342.0,30.595563207310114,0.17026827971499203,1.1120844465706734
ID87844,87844,9,9.372982025146484,148.98495054935475,79.71304125814574,0.0,355.0,355,5.0,1,,135.27835051546393,134.0,66.0,189.0,13122.0,32.84456521127241,0.22370958725547835,1.5059169155749437
ID206630,206630,9,8.470852851867676,166.52046687327987,23.858910297133225,0.0,847.0,847,5.0,1,,127.62886597938144,121.0,67.0,191.0,12380.0,32.02711077731283,0.19724929715045975,1.3130825133155604
ID167716,167716,9,9.707818984985352,151.4207950087986,28.803186876075674,0.0,685.0,685,5.0,1,,136.17525773195877,131.0,90.0,199.0,13209.0,32.54068296932265,0.23383498663175692,1.586185400229043
ID141096,141096,9,7.608686447143555,146.96881360005324,32.71496326496859,0.0,571.0,571,5.0,1,,124.5360824742268,123.0,73.0,174.0,12080.0,28.546767861291414,0.18362526917691271,1.3535879183913697
ID104237,104237,9,8.84876823425293,130.6205500274934,56.39478931200625,0.0,422.0,422,5.0,1,,126.12371134020619,122.0,64.0,198.0,12234.0,36.97190874275325,0.19419393752203573,1.1094702741390365
ID163628,163628,9,9.262392044067383,154.93147424947585,24.482439968697655,0.0,669.0,669,5.0,1,,129.88659793814432,126.0,64.0,195.0,12599.0,36.31427528324197,0.20991450412698226,1.2410941264147473
ID171820,171820,9,9.87557601928711,151.7099411719368,45.33957886497906,0.0,703.0,703,5.0,1,,133.4742268041237,136.0,56.0,197.0,12947.0,37.398220986962606,0.23153052574005759,1.3419599127130553
ID46895,46895,9,7.508937358856201,130.42360855895762,74.78528094815404,0.0,183.0,183,5.0,1,,120.02061855670104,116.0,73.0,184.0,11642.0,30.361701266234547,0.17440593817164843,1.1740937675316185
ID59184,59184,9,7.936984539031982,137.47091358760008,58.83834393661356,0.0,232.0,232,5.0,1,,121.27835051546391,115.0,62.0,182.0,11764.0,31.36204655180407,0.18634314918544906,1.2148201481341259
ID75569,75569,9,8.024673461914062,156.3829525438042,79.01255343434488,0.0,300.0,300,5.0,1,,119.23711340206185,111.0,67.0,186.0,11566.0,33.718124823019984,0.18195086135712674,1.0887614359269915
ID42802,42802,9,7.144931316375732,141.15222919778924,70.09384542115224,0.0,167.0,167,5.0,1,,111.68041237113403,103.0,51.0,173.0,10833.0,33.023207241193965,0.15506900589262457,0.9080396795312478
ID96056,96056,9,8.567569732666016,149.28365182362882,95.62183283730157,0.0,388.0,388,5.0,1,,128.39175257731958,126.0,75.0,184.0,12454.0,32.45399201851976,0.20754504001335736,1.3599032706228351
ID32571,32571,9,9.185291290283203,167.91776223352963,65.99350974742595,0.0,124.0,124,5.0,1,,130.61855670103094,126.0,71.0,186.0,12670.0,34.01881933178343,0.21715238690101207,1.3700464503668244
ID5948,5948,9,8.749675750732422,176.99289990562045,35.73937551694702,0.0,9.0,9,5.0,1,,125.0721649484536,122.0,71.0,198.0,12132.0,33.47581447312634,0.20429473473669976,1.2676048638346424
ID53052,53052,9,9.51809310913086,135.24327200823163,57.4204587435487,0.0,209.0,209,5.0,1,,130.48453608247422,127.0,56.0,195.0,12657.0,37.40351849594218,0.21818903665205197,1.2496684977407224
ID79677,79677,9,9.097156524658203,153.24311299477782,89.09816149046767,0.0,317.0,317,5.0,1,,129.31958762886597,124.0,66.0,193.0,12544.0,34.739670644593694,0.20946629627317784,1.2894039406459317
ID83777,83777,9,8.665672302246094,148.0091636621494,78.99432516520142,0.0,335.0,335,5.0,1,,125.52577319587628,119.0,63.0,199.0,12176.0,34.27313476066968,0.19608059108190604,1.2008347207863481
ID137024,137024,9,9.581214904785156,133.74872489425266,28.36704169205432,0.0,551.0,551,5.0,1,,133.71134020618555,133.0,69.0,193.0,12970.0,34.849963762202165,0.22633929099062433,1.4162672572927348
ID241472,241472,9,10.133804321289062,182.58388779845055,67.69444098503556,0.0,992.0,992,5.0,1,,136.1340206185567,139.0,71.0,193.0,13205.0,35.07837322398571,0.2508217603555942,1.556420727868561
ID100164,100164,9,9.737147331237793,133.18157369923034,81.17921387457784,0.0,402.0,402,5.0,1,,134.1443298969072,132.0,78.0,194.0,13012.0,33.55809319011884,0.23555273210486058,1.5241647059747514
ID116551,116551,9,9.781299591064453,160.35852211448568,42.92724208418268,0.0,469.0,469,5.0,1,,135.1340206185567,128.0,73.0,195.0,13108.0,34.23984912410154,0.23435475211315904,1.4986375935882603
ID63304,63304,9,9.298332214355469,131.17816386830444,64.72042322580226,0.0,250.0,250,5.0,1,,131.42268041237114,124.0,77.0,203.0,12748.0,34.45251413526377,0.21607254439476836,1.3555623538903812
ID112457,112457,9,9.240885734558105,133.2621676147215,49.24810039067079,0.0,451.0,451,5.0,1,,134.8041237113402,131.0,76.0,191.0,13076.0,32.08310795654315,0.2161173457764054,1.4933818983953098
ID198475,198475,9,9.484176635742188,162.50177748124983,24.253804428312105,0.0,811.0,811,5.0,1,,128.44329896907217,130.0,45.0,195.0,12459.0,37.91794019990322,0.225909442369246,1.2484544547399414
ID157512,157512,9,10.226357460021973,137.34540484035978,22.15601205599093,0.0,642.0,642,5.0,1,,130.68041237113403,124.0,61.0,200.0,12676.0,38.2615849535995,0.24565212090478203,1.3471044843580788
ID159570,159570,9,8.64157772064209,140.59722921586936,24.139510035770417,0.0,648.0,648,5.0,1,,125.83505154639175,121.0,61.0,190.0,12206.0,35.275900771741206,0.19607444879775837,1.1695432982532488
ID151381,151381,9,9.848222732543945,146.25039935018174,30.605419762268166,0.0,616.0,616,5.0,1,,135.39175257731958,132.0,84.0,196.0,13133.0,32.892044599540235,0.24592233331050087,1.6249437630678756
ID202580,202580,9,10.221006393432617,164.29820458879325,15.22080222990461,0.0,830.0,830,5.0,1,,138.72164948453607,138.0,74.0,194.0,13456.0,33.831611902443036,0.24847709985042332,1.6321397366604669
ID227163,227163,9,9.612269401550293,182.93445876835867,50.584855473238335,0.0,932.0,932,5.0,1,,139.16494845360825,138.0,71.0,190.0,13499.0,31.599604563840117,0.23486727521438125,1.6752531319295907
ID20316,20316,9,8.28680419921875,172.35012642524327,70.97312114274501,0.0,76.0,76,5.0,1,,120.47422680412372,112.0,57.0,192.0,11686.0,34.82548539488992,0.1815068602968209,1.0628788417597914
ID182111,182111,9,7.7705817222595215,149.6199705126402,44.36406159027381,0.0,744.0,744,5.0,1,,116.52577319587628,114.0,49.0,181.0,11303.0,37.17220421663241,0.16341477840534185,0.8806238185119509
ID120675,120675,9,9.101903915405273,166.17090752523205,46.20510175426268,0.0,485.0,485,5.0,1,,120.22680412371135,115.0,48.0,194.0,11662.0,37.73357952878288,0.2109711393276111,1.1101778244026608
ID126818,126818,9,9.1878662109375,153.8200434123698,46.974908388744936,0.0,512.0,512,5.0,1,,133.340206185567,132.0,67.0,194.0,12934.0,33.08287780897712,0.21294126127538426,1.4151676403786546
ID132967,132967,9,8.854461669921875,144.09908184150677,43.86844323111347,0.0,538.0,538,5.0,1,,120.79381443298969,113.0,51.0,183.0,11717.0,35.450064099709884,0.2116966131868102,1.1906323615875416
ID143207,143207,9,8.749692916870117,148.33097411717156,13.47430818416416,0.0,580.0,580,5.0,1,,126.64948453608247,125.0,64.0,187.0,12285.0,33.53109292045015,0.20843878883042535,1.3029855428767019
ID225135,225135,9,9.268919944763184,173.89837021086063,45.357797923985586,0.0,924.0,924,5.0,1,,132.18556701030928,129.0,72.0,189.0,12822.0,33.51533538823037,0.21815914644035536,1.4126671931837476
ID235379,235379,9,10.786398887634277,188.91117485256123,55.407210654501185,0.0,967.0,967,5.0,1,,137.48453608247422,135.0,66.0,194.0,13336.0,36.19884707017092,0.2701776145752167,1.6157494550138343
ID153457,153457,9,8.255722999572754,142.63880849262213,28.308273077904502,0.0,623.0,623,5.0,1,,116.0721649484536,108.0,56.0,179.0,11259.0,36.24374872037718,0.18738599237178163,1.0108114937811885
ID229239,229239,9,9.20773983001709,186.98871291559888,41.400358535819244,0.0,942.0,942,5.0,1,,122.22680412371135,120.0,49.0,203.0,11856.0,38.54096985531522,0.21084221992770558,1.104444349021667
ID12150,12150,9,9.022725105285645,186.11563862477763,43.554444090569326,0.0,43.0,43,5.0,1,,123.21649484536083,118.0,67.0,191.0,11952.0,37.48922812070036,0.2063274706725734,1.1243051078713149
ID73590,73590,9,7.618435382843018,150.02795475855342,72.4319738176014,0.0,293.0,293,5.0,1,,118.79381443298969,115.0,52.0,191.0,11523.0,34.22229358191635,0.16511957593106996,0.9838814579752088
ID108408,108408,9,8.085966110229492,134.03011262364032,54.77814193751488,0.0,435.0,435,5.0,1,,128.53608247422682,125.0,83.0,176.0,12468.0,28.141407012795117,0.1992503931344539,1.5177441408361514
ID178040,178040,9,9.587592124938965,146.263205847177,43.03440265162501,0.0,726.0,726,5.0,1,,132.88659793814432,126.0,74.0,195.0,12890.0,34.679748019275046,0.22544381951723927,1.4098735837854448
ID208766,208766,9,10.326653480529785,173.16805242862003,21.875787442353868,0.0,856.0,856,5.0,1,,140.1443298969072,140.0,82.0,195.0,13594.0,31.153514278328764,0.2609998963355571,1.862189041136132
ID67454,67454,9,9.497981071472168,142.27112700735572,58.35452553883909,0.0,264.0,264,5.0,1,,130.3298969072165,129.0,73.0,196.0,12642.0,35.749044756901235,0.22402481102081007,1.3344905550140234
ID216961,216961,9,9.674211502075195,180.65244762809306,37.24762435001762,0.0,889.0,889,5.0,1,,134.06185567010309,134.0,62.0,197.0,13004.0,36.8894221607489,0.21955958186592606,1.3085271621669587
ID18307,18307,9,9.04359245300293,166.2051008079094,53.92015111194695,0.0,67.0,67,5.0,1,,127.61855670103093,121.0,71.0,186.0,12379.0,32.88599096974053,0.21918908688669778,1.395342273847583
ID40835,40835,9,9.258816719055176,137.0109830978095,65.75937151738614,0.0,159.0,159,5.0,1,,129.90721649484536,122.0,71.0,196.0,12601.0,35.22578437564911,0.21421032525404154,1.3012150555302622
ID163713,163713,9,9.524932861328125,154.01710356536296,23.38808158551141,0.0,671.0,671,5.0,1,,125.76288659793815,124.0,69.0,192.0,12199.0,36.22952674611446,0.2312701828809814,1.3040255869913366
ID51076,51076,9,8.32721996307373,133.19811004718392,68.10474598401574,0.0,198.0,198,5.0,1,,123.31958762886597,114.0,74.0,184.0,11962.0,33.09315966321205,0.19059973869181007,1.1931096073982819
ID143239,143239,9,9.407756805419922,152.39643299394902,13.588783286978929,0.0,579.0,579,5.0,1,,130.8556701030928,127.0,74.0,193.0,12693.0,35.30639392362288,0.22215491800981688,1.347407161333203
ID192391,192391,9,10.454313278198242,147.52592519887276,26.562873462645562,0.0,787.0,787,5.0,1,,138.8556701030928,136.0,73.0,207.0,13469.0,37.89706169643457,0.2442946720512569,1.4387284425268163
ID212869,212869,9,9.474919319152832,176.51268283587885,26.110955888674027,0.0,872.0,872,5.0,1,,136.69072164948454,137.0,74.0,185.0,13259.0,32.59101385119521,0.2303702437966216,1.5705860069254578
ID145291,145291,9,9.087149620056152,148.78972823889092,21.202473727393745,0.0,589.0,589,5.0,1,,123.1340206185567,121.0,38.0,186.0,11944.0,37.315275264176165,0.21120799664145298,1.150834927709118
ID188297,188297,9,8.91695499420166,156.528930781149,25.991118940299803,0.0,770.0,770,5.0,1,,124.94845360824742,122.0,60.0,189.0,12120.0,37.49343585160958,0.20159588340506912,1.1182241530085337
ID231311,231311,9,10.147509574890137,195.28053528479063,44.92451305829037,0.0,950.0,950,5.0,1,,138.6701030927835,137.0,69.0,191.0,13451.0,33.20853355736938,0.25523850579015195,1.6981774757495705
ID44941,44941,9,9.306010246276855,130.63984381133872,70.35016843749229,0.0,175.0,175,5.0,1,,129.53608247422682,128.0,67.0,192.0,12565.0,36.15996343093367,0.21558425056322514,1.27064647958452
ID90004,90004,9,10.148171424865723,147.94395629430446,85.31110730978445,0.0,356.0,356,5.0,1,,137.28865979381445,134.0,75.0,194.0,13317.0,35.19882773938366,0.23980715880218353,1.5088444339519491
ID221078,221078,9,8.206460952758789,181.02563787440204,57.9387273108125,0.0,907.0,907,5.0,1,,123.65979381443299,118.0,67.0,183.0,11995.0,32.06337688792377,0.18906154811843937,1.2264451450752034
ID94103,94103,9,9.098535537719727,147.15929163036697,88.60215204701522,0.0,376.0,376,5.0,1,,130.4020618556701,124.0,79.0,195.0,12649.0,34.30247190856368,0.2088725895836242,1.3136811171213054
ID77721,77721,9,8.75171947479248,156.23219408085552,75.04268168652588,0.0,310.0,310,5.0,1,,125.10309278350516,115.0,76.0,189.0,12135.0,33.540549009147895,0.20344049478945034,1.261074248448207
ID36764,36764,9,8.805465698242188,147.7450891409591,73.88007927113192,0.0,141.0,141,5.0,1,,127.04123711340206,120.0,67.0,189.0,12323.0,34.956198045367316,0.1972368200918728,1.1974529163091856
ID57245,57245,9,8.797731399536133,125.05245040013445,56.21660282719189,0.0,225.0,225,5.0,1,,121.36082474226804,111.0,54.0,195.0,11772.0,37.74618787788662,0.19359545881543758,1.042973864173947
ID173981,173981,9,8.26261043548584,144.08373687963785,51.410365534364054,0.0,710.0,710,5.0,1,,129.10309278350516,129.0,65.0,178.0,12523.0,31.40245629195883,0.199592673120179,1.3680873030855891
ID98209,98209,9,9.877195358276367,143.15229390513383,84.45920301633282,0.0,393.0,393,5.0,1,,135.1237113402062,133.0,75.0,194.0,13107.0,35.230862929385374,0.23389812885431147,1.4540713650649206
ID169891,169891,9,10.112934112548828,155.3496816218718,32.19283570853057,0.0,692.0,692,5.0,1,,134.1237113402062,131.0,68.0,198.0,13010.0,35.44045996808085,0.24495829524680077,1.4892703933767475
ID26531,26531,9,8.56295394897461,178.56830746040035,64.45464340685446,0.0,97.0,97,5.0,1,,119.21649484536083,120.0,51.0,188.0,11564.0,37.67603869507219,0.19752654696110183,1.0438580197395388
ID85925,85925,9,8.736286163330078,150.49659852534447,77.64402650302168,0.0,347.0,347,5.0,1,,132.24742268041237,130.0,85.0,191.0,12828.0,30.73577954648128,0.21345961242683692,1.5137821169077066
ID165798,165798,9,8.96098518371582,150.62592887539486,23.77946469190524,0.0,675.0,675,5.0,1,,121.03092783505154,115.0,54.0,194.0,11740.0,37.164738442576926,0.20566905719447956,1.1110564367001414
ID184228,184228,9,10.162389755249023,149.7870033523442,44.63034656258861,0.0,752.0,752,5.0,1,,138.30927835051546,139.0,66.0,194.0,13416.0,35.89839853227621,0.2444004819796676,1.513380465094764
ID196517,196517,9,10.401280403137207,158.1738170041738,23.843970634504654,0.0,804.0,804,5.0,1,,137.93814432989691,136.0,82.0,197.0,13380.0,34.471852779051765,0.25367645837729064,1.619363863204611
ID81838,81838,9,9.43055248260498,144.48011943797908,89.7674245957146,0.0,326.0,326,5.0,1,,133.44329896907217,134.0,80.0,189.0,12944.0,32.69969707816015,0.2307851693060843,1.5304131141677422
ID176051,176051,9,6.154460430145264,155.46197868760174,39.75175373768417,0.0,717.0,717,5.0,1,,107.25773195876289,98.0,59.0,172.0,10404.0,29.12053912565961,0.1369986408727448,0.887596348612704
ID4018,4018,9,8.235694885253906,177.7744775049923,37.284937608593296,0.0,8.0,8,5.0,1,,122.20618556701031,115.0,62.0,183.0,11854.0,35.34913310592222,0.18194501594964566,1.0643569646257645
ID49075,49075,9,8.944644927978516,144.4071668734599,57.871911216696574,0.0,190.0,190,5.0,1,,128.04123711340208,124.0,73.0,189.0,12420.0,34.00702057595767,0.21215939472147516,1.317995140431632
ID61369,61369,9,8.863380432128906,138.28035638362243,65.91044018717882,0.0,244.0,244,5.0,1,,128.37113402061857,123.0,77.0,186.0,12452.0,32.924256378475754,0.20827393136653768,1.3441598154896994
ID161720,161720,9,9.47667121887207,146.743280386745,27.177327194391918,0.0,659.0,659,5.0,1,,134.11340206185568,129.0,73.0,194.0,13009.0,34.024463101525626,0.2206123977297752,1.4248299395346804
ID110525,110525,9,10.44723892211914,127.23401808121642,50.632086518130755,0.0,443.0,443,5.0,1,,139.79381443298968,137.0,88.0,197.0,13560.0,33.58445143227552,0.2573592300729902,1.7039626319127223
ID139196,139196,9,9.142452239990234,137.0378100804753,31.790792767676667,0.0,562.0,562,5.0,1,,132.55670103092783,128.0,78.0,194.0,12858.0,32.53810877012936,0.2171332478806667,1.4535419785828274
ID16321,16321,9,9.376964569091797,175.11059819390914,56.40441845206457,0.0,59.0,59,5.0,1,,128.49484536082474,121.0,64.0,193.0,12464.0,37.081869927494054,0.21367625400148496,1.220133867285865
ID204738,204738,9,10.290529251098633,166.65443204993645,25.351768239149994,0.0,838.0,838,5.0,1,,135.1340206185567,135.0,50.0,197.0,13108.0,38.671325742827904,0.2445991666048136,1.3735077058223097
ID102342,102342,9,9.220844268798828,128.40079616467304,81.84104906441597,0.0,410.0,410,5.0,1,,129.77319587628867,124.0,78.0,192.0,12588.0,33.54583467518706,0.22229156480402434,1.407098699762414
ID124870,124870,9,10.246338844299316,158.8538944237094,46.89946187557623,0.0,503.0,503,5.0,1,,140.88659793814432,138.0,81.0,202.0,13666.0,32.01981036817278,0.24914324693042286,1.7551643850404317
ID135109,135109,9,8.821072578430176,134.98770592347233,29.559699437740736,0.0,549.0,549,5.0,1,,129.60824742268042,127.0,77.0,188.0,12572.0,31.86513138115304,0.2138315645937453,1.433046580782112
ID114632,114632,9,9.049386024475098,159.98381985500845,45.87518461495405,0.0,466.0,466,5.0,1,,134.7319587628866,131.0,80.0,189.0,13069.0,30.755932850399482,0.21516649206739932,1.5513527838206653
ID34763,34763,9,8.695733070373535,161.02166106852187,64.91047942407091,0.0,133.0,133,5.0,1,,126.82474226804123,125.0,63.0,178.0,12302.0,32.902320811405275,0.21547775249118784,1.3666675238674997
ID71626,71626,9,9.075023651123047,147.83429902312682,60.77868068418324,0.0,284.0,284,5.0,1,,130.0,123.0,65.0,196.0,12610.0,35.1810791951204,0.20697718729971765,1.2673238546277008
ID233421,233421,9,9.57622241973877,185.27732531314328,53.34645097425503,0.0,959.0,959,5.0,1,,130.71134020618555,129.0,77.0,191.0,12679.0,33.64581411647127,0.234241587164944,1.4746061756467883
ID180179,180179,9,8.237533569335938,154.41618600584397,41.296028653924004,0.0,737.0,737,5.0,1,,126.3917525773196,122.0,79.0,194.0,12260.0,31.080391963500244,0.19342549562764552,1.318198008390265
ID200658,200658,9,7.33072566986084,163.07969664975292,12.395899676602703,0.0,824.0,824,5.0,1,,113.91752577319588,107.0,64.0,184.0,11050.0,33.394632210597855,0.15431712226020705,0.9120798323884278
ID30674,30674,9,9.33234977722168,172.2699558683668,61.81548194370959,0.0,116.0,116,5.0,1,,131.57731958762886,126.0,79.0,197.0,12763.0,33.3625398249876,0.21886181897937612,1.4163397921691288
ID106451,106451,9,9.345013618469238,126.66106514948461,56.72565982867725,0.0,427.0,427,5.0,1,,130.69072164948454,128.0,68.0,200.0,12677.0,36.185390935875354,0.2153877607163178,1.2801110466513015
ID118738,118738,9,7.689404010772705,172.16647881630502,45.902639780745375,0.0,484.0,484,5.0,1,,113.42268041237114,105.0,59.0,180.0,11002.0,36.46768976652094,0.16252477505804672,0.8696389980153126
ID147419,147419,9,8.90898323059082,145.59312775734907,22.663562129366753,0.0,598.0,598,5.0,1,,129.50515463917526,127.0,62.0,188.0,12562.0,32.44582783635293,0.21728217176049672,1.424921774616386
ID155618,155618,9,8.676708221435547,144.60818836334036,35.83291973174454,0.0,633.0,633,5.0,1,,124.4020618556701,121.0,58.0,194.0,12067.0,35.99440344050448,0.19673716311705053,1.136345041063885
ID190435,190435,9,9.22315502166748,145.0312747792472,30.876372755228633,0.0,780.0,780,5.0,1,,134.36082474226805,131.0,85.0,197.0,13033.0,31.604385760724963,0.21999909884390056,1.5332631374174703
ID65512,65512,9,8.260444641113281,136.7993471675093,59.98823754045614,0.0,259.0,259,5.0,1,,123.3917525773196,118.0,65.0,185.0,11969.0,33.086552121239194,0.18792980023605335,1.1799659923948784
ID131049,131049,9,9.177950859069824,143.8701510257939,45.423861664624994,0.0,529.0,529,5.0,1,,130.95876288659792,129.0,73.0,199.0,12703.0,34.15769725533239,0.2142603013069761,1.3530252120830608
ID210931,210931,9,10.182497024536133,170.3555355579552,30.48819203715747,0.0,864.0,864,5.0,1,,139.79381443298968,140.0,62.0,195.0,13560.0,34.564233122408574,0.24631669053615815,1.5986612752108231
ID186353,186353,9,7.866218566894531,166.6695116450188,36.236733207409834,0.0,762.0,762,5.0,1,,123.3298969072165,122.0,61.0,184.0,11963.0,32.29832350186194,0.17925535984369206,1.1608675604952883
ID8180,8180,9,8.040325164794922,188.11205404914548,34.72960615571434,0.0,24.0,24,5.0,1,,125.02061855670104,122.0,73.0,188.0,12127.0,29.992700286015186,0.1921441869584172,1.3436759250970391
ID36855,36855,9,9.012185096740723,148.99367906897314,71.50304199448232,0.0,142.0,142,5.0,1,,129.90721649484536,126.0,70.0,190.0,12601.0,34.84312536038817,0.20831059075251335,1.285520296752028
ID12290,12290,21,9.168499946594238,145.17806505282127,161.8456524618557,0.0,43.0,43,5.0,1,,126.47422680412372,120.0,67.0,197.0,12268.0,35.41571355095114,0.21603086694179238,1.268841112198375
ID136192,136192,21,10.020482063293457,73.33278938122423,140.46492086039495,0.0,550.0,550,5.0,1,,137.24742268041237,134.0,73.0,208.0,13313.0,37.57077513613336,0.225070187164054,1.342273570842754
ID119810,119810,21,8.925497055053711,62.57265635401499,119.54933411747838,0.0,480.0,480,5.0,1,,122.61855670103093,115.0,56.0,202.0,11894.0,39.08096384936264,0.19990905422416028,1.045454324736326
ID107524,107524,21,9.527892112731934,95.78647684683123,130.63786819702005,0.0,429.0,429,5.0,1,,128.81443298969072,123.0,68.0,200.0,12495.0,38.50063037820161,0.2133028304094923,1.1763974897313054
ID171015,171015,21,10.349215507507324,55.350313915647476,179.2993002482252,0.0,696.0,696,5.0,1,,138.81443298969072,132.0,82.0,205.0,13465.0,37.681872823930874,0.23149071455823764,1.3849515272740325
ID182286,182286,21,9.363956451416016,51.30059944440819,197.0184882990662,0.0,744.0,744,5.0,1,,124.23711340206185,118.0,64.0,204.0,12051.0,38.63740987153197,0.2229646384887601,1.1724529772700982
ID148495,148495,21,10.89999771118164,71.65726854035347,148.22202565772463,0.0,600.0,600,5.0,1,,140.0721649484536,138.0,75.0,208.0,13587.0,40.30359977271479,0.24365580534667522,1.3618038610395193
ID50190,50190,21,9.353597640991211,97.50745543440641,157.9572743114183,0.0,195.0,195,5.0,1,,131.04123711340208,125.0,69.0,199.0,12711.0,36.80379212961995,0.20947842798778513,1.2333507162031547
ID175116,175116,21,11.170169830322266,59.388456170139776,194.34363612980434,0.0,714.0,714,5.0,1,,144.90721649484536,145.0,84.0,214.0,14056.0,36.10173197433042,0.263072199494571,1.6720095428762851
ID145427,145427,21,10.509578704833984,75.80923820711456,149.93774955719283,0.0,589.0,589,5.0,1,,138.46391752577318,133.0,72.0,199.0,13431.0,37.7061173904155,0.2437365848130062,1.4392860212338316
ID97299,97299,21,7.27031946182251,84.18401988642883,126.34944795635946,0.0,391.0,391,5.0,1,,123.9381443298969,117.0,74.0,185.0,12022.0,28.50797199651269,0.1637706012015543,1.2235936735489366
ID166928,166928,21,10.25126838684082,59.70175856379003,166.9584170379161,0.0,680.0,680,5.0,1,,139.49484536082474,137.0,70.0,196.0,13531.0,36.575584898302324,0.2356791296323809,1.4548301392643574
ID110613,110613,21,7.89752197265625,77.65070552549575,123.08708608688535,0.0,443.0,443,5.0,1,,126.42268041237114,118.0,70.0,184.0,12263.0,32.01882097934301,0.17318911586481398,1.1657414091255487
ID80916,80916,21,8.909907341003418,65.8301703763992,139.46868039422844,0.0,323.0,323,5.0,1,,128.09278350515464,123.0,64.0,198.0,12425.0,37.1674371578096,0.1897877415667689,1.0994885493811772
ID66583,66583,21,5.803542137145996,77.71490248193085,152.24900715228634,0.0,260.0,260,5.0,1,,102.10309278350516,93.0,54.0,175.0,9904.0,34.010257195465584,0.09060525881655161,0.4988210757863509
ID124951,124951,21,9.423674583435059,58.41837102058488,115.90609050024007,0.0,503.0,503,5.0,1,,127.08247422680412,125.0,72.0,205.0,12327.0,35.66121554033784,0.22908840626889274,1.3284325361634808
ID18456,18456,21,7.495622634887695,116.6269344362057,183.57092016442422,0.0,67.0,67,5.0,1,,117.11340206185567,108.0,52.0,189.0,11360.0,36.33291560023426,0.14898199601882386,0.8359049706494519
ID85016,85016,21,9.197943687438965,81.10995319814371,129.8070369624711,0.0,339.0,339,5.0,1,,125.72164948453609,115.0,56.0,198.0,12195.0,38.78566699075221,0.20173914738095577,1.0883003627280592
ID57371,57371,21,7.9152374267578125,99.37987282486579,161.92930558828678,0.0,225.0,225,5.0,1,,120.34020618556701,110.0,72.0,196.0,11673.0,34.616315576960396,0.16792470898146455,0.9996769148283795
ID26652,26652,21,9.641423225402832,105.37090571996467,172.36037774589505,0.0,97.0,97,5.0,1,,134.1443298969072,128.0,79.0,202.0,13012.0,36.69184448743391,0.21447451111025587,1.2912788982303465
ID31772,31772,21,8.367094039916992,88.63393963735388,169.29034891998862,0.0,123.0,123,5.0,1,,124.73195876288659,119.0,63.0,195.0,12099.0,36.52354134205702,0.17433623495040038,1.0139815638910046
ID178206,178206,21,10.01827335357666,63.74147218322305,185.7244272594727,0.0,726.0,726,5.0,1,,135.68041237113403,131.0,62.0,209.0,13161.0,39.75276363342359,0.2154745786250172,1.210124306049899
ID114716,114716,21,9.412129402160645,67.55039554619484,124.26473511986197,0.0,466.0,466,5.0,1,,128.79381443298968,122.0,55.0,200.0,12493.0,38.497277540195924,0.20855370212348154,1.1546408912809034
ID71710,71710,21,9.792173385620117,68.41805093843587,135.80960919525947,0.0,284.0,284,5.0,1,,129.37113402061857,124.0,65.0,204.0,12549.0,37.711989579914786,0.23336693206424627,1.2981801135789235
ID35872,35872,21,8.506099700927734,99.00989724881849,183.05088469270606,0.0,137.0,137,5.0,1,,128.15463917525773,120.0,76.0,192.0,12431.0,32.80794498738884,0.18837340910748787,1.2383744177786813
ID132128,132128,21,10.41521167755127,61.13232468072995,133.44516799108268,0.0,533.0,533,5.0,1,,140.37113402061857,135.0,78.0,203.0,13616.0,36.55569939251062,0.23926658514895896,1.4827571206027128
ID11300,11300,21,6.98866081237793,157.97420746870927,164.65510493528885,0.0,40.0,40,5.0,1,,115.96907216494846,109.0,65.0,174.0,11249.0,31.452163945243708,0.14951002307422323,0.959133794784261
ID118827,118827,21,10.36512279510498,60.796198704048486,122.59439281542089,0.0,484.0,484,5.0,1,,135.46391752577318,134.0,76.0,207.0,13140.0,39.08779164044012,0.23533844187224529,1.3204422427312987
ID163880,163880,21,11.30234432220459,63.81294778373529,159.66733784077942,0.0,669.0,669,5.0,1,,138.93814432989691,136.0,71.0,205.0,13477.0,40.62758054188418,0.2664587948283918,1.4390289294389422
ID44075,44075,21,8.63814640045166,108.89811689051331,165.27025968031148,0.0,171.0,171,5.0,1,,126.42268041237114,121.0,67.0,193.0,12263.0,34.24325817209206,0.1910467926202215,1.1843793767157846
ID174126,174126,21,10.02535343170166,56.048784733595525,183.8187185259274,0.0,710.0,710,5.0,1,,138.2680412371134,133.0,83.0,199.0,13412.0,35.82553659284042,0.22620569761459983,1.4239649910512386
ID76849,76849,21,8.73480224609375,60.96588555668776,142.66067972244724,0.0,305.0,305,5.0,1,,124.9278350515464,118.0,69.0,197.0,12118.0,35.713923353586374,0.19431619136719805,1.1382595870548369
ID92211,92211,21,9.634559631347656,61.559300392949474,120.62054395336997,0.0,370.0,370,5.0,1,,132.76288659793815,129.0,62.0,204.0,12878.0,37.643827846196636,0.21812377461577426,1.2630614740284514
ID106547,106547,21,9.39313793182373,90.21325625736887,133.25006949320837,0.0,427.0,427,5.0,1,,132.9278350515464,123.0,72.0,195.0,12894.0,36.05905093924652,0.20668174149343455,1.2628187048930077
ID20531,20531,21,6.626615524291992,100.33810915788897,179.28469385330698,0.0,76.0,76,5.0,1,,112.63917525773196,103.0,62.0,178.0,10926.0,32.154958653050414,0.13115486487473124,0.8123325183886095
ID156726,156726,21,8.823344230651855,51.683442030646006,147.9668812386324,0.0,637.0,637,5.0,1,,124.73195876288659,118.0,63.0,202.0,12099.0,37.17652582161153,0.19052181423820663,1.073856590632296
ID139316,139316,21,9.355995178222656,75.72206404677081,148.22722853835285,0.0,562.0,562,5.0,1,,131.9278350515464,127.0,64.0,204.0,12797.0,36.27764676269914,0.20762569897809807,1.2504780839966005
ID61495,61495,21,8.917356491088867,85.90708521798527,169.48550617621217,0.0,244.0,244,5.0,1,,127.77319587628865,120.0,64.0,196.0,12394.0,37.37966948384708,0.18930581768015345,1.0881899576049747
ID39997,39997,21,8.50326156616211,98.79184068341824,173.85304493474908,0.0,154.0,154,5.0,1,,125.45360824742268,120.0,74.0,194.0,12169.0,35.511154532342815,0.18336699997060893,1.0948385625238084
ID88124,88124,21,7.08384895324707,78.11469849495107,127.23229149744695,0.0,351.0,351,5.0,1,,108.58762886597938,97.0,50.0,182.0,10533.0,37.16762496260455,0.1301441063411074,0.6728778253167031
ID158780,158780,21,9.371707916259766,44.89683191558428,149.80499825072334,0.0,646.0,646,5.0,1,,135.05154639175257,131.0,78.0,199.0,13100.0,33.10160215596968,0.2157444235671855,1.4480309194953471
ID181309,181309,21,8.842790603637695,57.78736478301352,186.78857869383356,0.0,740.0,740,5.0,1,,128.61855670103094,120.0,72.0,197.0,12476.0,31.928449728445255,0.21360105695660384,1.4180229075953337
ID49217,49217,21,9.067301750183105,102.87948484841381,173.02038987636118,0.0,190.0,190,5.0,1,,128.8041237113402,122.0,71.0,192.0,12494.0,34.655338446159625,0.20273867598572254,1.2530111850985792
ID131139,131139,21,10.03828239440918,57.88133016283402,123.61923193955322,0.0,529.0,529,5.0,1,,133.24742268041237,127.0,78.0,206.0,12925.0,37.49611950139948,0.2312772648788815,1.3349947898230212
ID56386,56386,21,9.323026657104492,100.11039185849518,153.68641188849344,0.0,220.0,220,5.0,1,,131.37113402061857,125.0,81.0,197.0,12743.0,35.65088813398999,0.2091416998888268,1.2747441442548995
ID150599,150599,21,10.565980911254883,65.69087874467373,145.03438826411895,0.0,612.0,612,5.0,1,,137.340206185567,135.0,71.0,206.0,13322.0,38.78865990798141,0.2395455862382268,1.368511921394768
ID15431,15431,21,9.828338623046875,131.92771775380947,178.00138414868258,0.0,51.0,51,5.0,1,,128.8041237113402,115.0,72.0,198.0,12494.0,38.050580146491015,0.22278414123621487,1.2334823948957276
ID17480,17480,21,8.798680305480957,126.31816378451929,180.4609450686541,0.0,63.0,63,5.0,1,,129.4536082474227,125.0,71.0,188.0,12557.0,34.78865374735368,0.1976603941456471,1.2282662031340652
ID30794,30794,21,9.592673301696777,95.311114814781,169.46030835309298,0.0,116.0,116,5.0,1,,131.340206185567,124.0,65.0,207.0,12740.0,39.235636065406716,0.20975629805332177,1.1608179357724375
ID101451,101451,21,9.328242301940918,87.72806186269013,137.9778878348978,0.0,409.0,409,5.0,1,,125.27835051546391,117.0,62.0,201.0,12152.0,40.94094890511038,0.19432406211648667,0.9957550466184842
ID135241,135241,21,8.407401084899902,74.4830069216493,142.30657928366287,0.0,549.0,549,5.0,1,,128.340206185567,124.0,75.0,186.0,12449.0,34.1589076346182,0.18479087290440555,1.1719998913472502
ID161865,161865,21,9.42243480682373,49.72689286850098,155.44833141832981,0.0,659.0,659,5.0,1,,131.2577319587629,127.0,64.0,198.0,12732.0,38.517387402346046,0.2050022672085366,1.1594949721504093
ID16461,16461,21,9.11284065246582,122.62896299361984,179.352059640373,0.0,59.0,59,5.0,1,,126.90721649484536,125.0,62.0,203.0,12310.0,38.84801648578373,0.1927007328297648,1.0555999114783317
ID123980,123980,21,9.171446800231934,53.307070577105065,119.71598630767195,0.0,499.0,499,5.0,1,,126.49484536082474,118.0,70.0,202.0,12270.0,35.42542745900071,0.2180092285211864,1.2782388821156059
ID4174,4174,21,8.902688026428223,168.22782704351619,171.57740395659604,0.0,8.0,8,5.0,1,,127.44329896907216,121.0,71.0,199.0,12362.0,35.35621381978142,0.20151695769977157,1.209102007817594
ID165965,165965,21,10.096332550048828,66.82805950642528,158.74236851943132,0.0,675.0,675,5.0,1,,137.37113402061857,132.0,79.0,209.0,13325.0,36.31526297223068,0.22682504439429488,1.3987646790218666
ID170061,170061,21,5.938249588012695,55.35304688814035,181.59191284254678,0.0,692.0,692,5.0,1,,109.9381443298969,103.0,65.0,176.0,10664.0,29.148975980080074,0.12242844496669963,0.8227705997524377
ID176205,176205,21,10.471641540527344,64.40047321210709,192.4268444508103,0.0,718.0,718,5.0,1,,138.1443298969072,134.0,68.0,212.0,13400.0,38.88738808264236,0.24017279952813206,1.3759286193689502
ID34897,34897,21,8.915961265563965,100.98516688490245,174.34166481382758,0.0,133.0,133,5.0,1,,127.69072164948453,120.0,58.0,194.0,12386.0,37.12180424649998,0.1899454398153127,1.0981510554945544
ID105552,105552,21,8.58741283416748,92.91112229949641,134.22276281734878,0.0,425.0,425,5.0,1,,120.43298969072166,112.0,48.0,196.0,11682.0,38.0911481450784,0.18030450717441615,0.9659706199741642
ID122962,122962,21,9.8992280960083,45.727754347261005,113.30384300087803,0.0,493.0,493,5.0,1,,131.79381443298968,129.0,72.0,203.0,12784.0,36.76216866118673,0.23348703413849992,1.357225716510157
ID142417,142417,21,9.043800354003906,76.65043571698732,144.2565570155993,0.0,576.0,576,5.0,1,,125.9278350515464,125.0,58.0,194.0,12215.0,39.13045686724312,0.19192860705846376,1.0363973224431564
ID25684,25684,21,8.565749168395996,103.90180670736636,175.35377895241484,0.0,95.0,95,5.0,1,,126.64948453608247,118.0,65.0,187.0,12285.0,34.327176198650484,0.18692934962372873,1.1621119552235
ID65621,65621,21,6.313615798950195,79.2227235885695,159.25913550083226,0.0,259.0,259,5.0,1,,108.50515463917526,100.0,57.0,172.0,10525.0,32.17695983131804,0.11967840654523816,0.7208714952635663
ID10329,10329,21,8.557414054870605,170.6697626883719,174.55876854042378,0.0,30.0,30,5.0,1,,126.21649484536083,121.0,72.0,188.0,12243.0,35.143819633318806,0.19204300493202323,1.1571874601848386
ID96347,96347,21,8.40078353881836,76.87212964009994,117.30454008088101,0.0,384.0,384,5.0,1,,126.75257731958763,120.0,68.0,187.0,12295.0,34.052358865868555,0.183701782992437,1.1553422690440132
ID113755,113755,21,9.74411678314209,63.28578134834933,124.22558816412264,0.0,459.0,459,5.0,1,,134.38144329896906,129.0,74.0,205.0,13035.0,37.63654122518685,0.21396488085898913,1.2586238726266787
ID70749,70749,21,9.876005172729492,72.43989839057298,141.2581813829989,0.0,281.0,281,5.0,1,,128.20618556701032,120.0,66.0,206.0,12436.0,40.19870907554378,0.22623482198456385,1.1768271400647485
ID155741,155741,21,6.900936603546143,51.354189033844804,144.41719595383395,0.0,633.0,633,5.0,1,,110.54639175257732,104.0,54.0,177.0,10723.0,33.06969301671746,0.15068781666283937,0.8755178996022531
ID173155,173155,21,11.00274658203125,57.6467159538372,180.75122871636438,0.0,706.0,706,5.0,1,,142.56701030927834,140.0,74.0,209.0,13829.0,37.82165032989671,0.2570690316286073,1.5416976021434867
ID60517,60517,21,8.976584434509277,92.17581939992775,171.81965249236532,0.0,239.0,239,5.0,1,,130.60824742268042,124.0,72.0,199.0,12669.0,33.323401656165665,0.2044666081926839,1.3306961428213455
ID79972,79972,21,8.902881622314453,63.197390039598204,135.50053515522148,0.0,319.0,319,5.0,1,,128.1443298969072,119.0,67.0,193.0,12430.0,37.322075039088695,0.19511662669180138,1.121108380150739
ID147556,147556,21,10.307390213012695,71.93662492488768,152.2977376217717,0.0,598.0,598,5.0,1,,138.72164948453607,130.0,75.0,205.0,13456.0,37.28374932752238,0.22997269897779335,1.391347047837535
ID152676,152676,21,10.204686164855957,49.08377289479521,140.37148273326648,0.0,618.0,618,5.0,1,,138.62886597938143,136.0,74.0,197.0,13447.0,36.24348205414229,0.2356061224251891,1.4586808152305666
ID100454,100454,21,9.796025276184082,74.69580392263674,124.73537904319102,0.0,403.0,403,5.0,1,,129.2680412371134,124.0,65.0,208.0,12539.0,37.49597630188625,0.22700725169635583,1.27564284999103
ID130150,130150,21,9.876346588134766,63.640503455495676,122.971384309767,0.0,524.0,524,5.0,1,,125.19587628865979,116.0,65.0,212.0,12144.0,40.32514702785186,0.22560606380126347,1.1429939398580489
ID121963,121963,21,10.280190467834473,51.4593607803821,111.44354323583244,0.0,489.0,489,5.0,1,,134.46391752577318,129.0,68.0,211.0,13043.0,37.625363191954186,0.2483717797416597,1.422045071802366
ID129133,129133,21,7.593087196350098,67.34332330921664,113.16857416514189,0.0,519.0,519,5.0,1,,116.02061855670104,110.0,63.0,190.0,11254.0,35.68408240537232,0.15384441758836204,0.8670120378324302
ID84076,84076,21,8.429081916809082,79.96728049716387,134.58418656301382,0.0,336.0,336,5.0,1,,119.63917525773196,111.0,61.0,203.0,11605.0,37.65556221834141,0.1794633948586054,0.9668646497174384
ID75889,75889,21,7.509729385375977,61.75629147720892,138.89206133059628,0.0,298.0,298,5.0,1,,112.03092783505154,104.0,56.0,180.0,10867.0,36.444436477627434,0.1508124940357305,0.8056927263868044
ID36980,36980,21,8.92636489868164,100.30350205646772,179.67533880032752,0.0,141.0,141,5.0,1,,131.5463917525773,126.0,84.0,201.0,12760.0,34.017465066539934,0.19926431225312166,1.2850546657380566
ID48244,48244,21,9.82956314086914,105.99580476864763,173.45543491519146,0.0,188.0,188,5.0,1,,131.49484536082474,121.0,56.0,205.0,12755.0,40.297105900874,0.2090936873052838,1.1286150449505108
ID9333,9333,21,8.656163215637207,177.28509334689616,172.06092723443243,0.0,28.0,28,5.0,1,,127.98969072164948,122.0,67.0,187.0,12415.0,33.13152289404082,0.20087155782841049,1.292365855549192
ID117879,117879,21,9.491129875183105,59.23953989111223,122.36841538740511,0.0,474.0,474,5.0,1,,130.1958762886598,123.0,74.0,203.0,12629.0,37.53599360815167,0.2081366962688664,1.1951210313344465
ID29816,29816,21,9.538567543029785,97.5889864997658,161.34387152432095,0.0,110.0,110,5.0,1,,131.0721649484536,129.0,67.0,203.0,12714.0,39.7495407265607,0.205109532680135,1.1224517378648222
ID177275,177275,21,10.709468841552734,62.182807690338734,195.3202937094865,0.0,723.0,723,5.0,1,,137.4020618556701,135.0,75.0,215.0,13328.0,37.300206599577095,0.2560170530347411,1.501707557695207
ID91258,91258,21,9.246088981628418,59.39735543961973,123.76230690919473,0.0,367.0,367,5.0,1,,131.30927835051546,125.0,81.0,202.0,12737.0,35.74194571996322,0.203603353289866,1.242935970536531
ID39036,39036,21,9.07305908203125,105.26175903300336,180.30569407720634,0.0,150.0,150,5.0,1,,130.43298969072166,121.0,70.0,204.0,12652.0,35.79947253350217,0.19773913111054361,1.2030154357337806
ID15486,15486,21,8.404788970947266,124.4823604013431,180.3999879436461,0.0,55.0,55,5.0,1,,125.11340206185567,119.0,69.0,203.0,12136.0,35.045766591897305,0.1852510503897361,1.1159599153300979
ID43134,43134,21,9.371997833251953,110.93612069913928,166.30410272687965,0.0,166.0,166,5.0,1,,133.24742268041237,131.0,73.0,188.0,12925.0,34.40174139482714,0.21688576102434948,1.3806691392533512
ID55422,55422,21,9.445003509521484,102.65027846697302,155.27967090868881,0.0,217.0,217,5.0,1,,130.79381443298968,126.0,69.0,195.0,12687.0,39.050431640894914,0.2009763604699401,1.120990367510534
ID149634,149634,21,10.57916259765625,62.707395095357036,141.38344165809727,0.0,608.0,608,5.0,1,,139.4020618556701,138.0,65.0,206.0,13522.0,39.536812960047754,0.23477286972142025,1.3407825983460342
ID144515,144515,21,10.194517135620117,76.35930272803411,152.6881549969036,0.0,587.0,587,5.0,1,,135.96907216494844,131.0,85.0,213.0,13189.0,36.825730816533984,0.2351248891859848,1.405744800708543
ID169088,169088,21,8.501680374145508,54.577767210723486,182.37556080736354,0.0,689.0,689,5.0,1,,124.68041237113403,121.0,64.0,198.0,12094.0,36.60730414131647,0.18200655699443133,1.0488844011391045
ID95362,95362,21,8.38962173461914,73.61388510938387,117.55321631362882,0.0,381.0,381,5.0,1,,125.01030927835052,122.0,68.0,197.0,12126.0,34.89642258567991,0.18644746610579593,1.1259079617158887
ID104581,104581,21,8.011763572692871,88.35447781964953,139.72989088098765,0.0,421.0,421,5.0,1,,119.72164948453609,111.0,63.0,194.0,11613.0,34.598814487168866,0.1744634122180974,1.0280313050350331
ID138372,138372,21,10.054336547851562,77.849898846161,143.43808879072964,0.0,559.0,559,5.0,1,,135.97938144329896,135.0,69.0,216.0,13190.0,38.27204685467888,0.22178511164983775,1.2899085677921136
ID180356,180356,21,10.70979118347168,56.07809485282278,193.27820266185046,0.0,737.0,737,5.0,1,,138.1237113402062,133.0,79.0,206.0,13398.0,36.43866356974608,0.2570739784267881,1.5503618626723004
ID69766,69766,21,9.689003944396973,78.17263200636152,138.3080230579149,0.0,273.0,273,5.0,1,,132.16494845360825,129.0,73.0,205.0,12820.0,37.277584979775696,0.21524302756010721,1.2559272161443766
ID160901,160901,21,8.392542839050293,46.3338800820107,154.5004485974224,0.0,656.0,656,5.0,1,,123.57731958762886,116.0,79.0,198.0,11987.0,36.30221384765053,0.17982565109983994,1.03769437665181
ID87177,87177,21,6.443685054779053,82.82628037844185,130.3271191697053,0.0,348.0,348,5.0,1,,109.72164948453609,107.0,44.0,170.0,10643.0,34.02411591676596,0.12706690251247704,0.727140310169317
ID24713,24713,21,9.58287525177002,102.77011190533088,183.76845555073754,0.0,90.0,90,5.0,1,,133.56701030927834,131.0,69.0,197.0,12956.0,35.49791872317271,0.21492639411187883,1.331269846699263
ID74888,74888,21,7.2704901695251465,64.34286985580412,139.78152036165005,0.0,297.0,297,5.0,1,,114.70103092783505,108.0,68.0,188.0,11126.0,32.797727610706765,0.16098378253572437,0.9698610910066483
ID112779,112779,21,8.628809928894043,71.09526721691584,120.43489051645827,0.0,453.0,453,5.0,1,,126.11340206185567,119.0,61.0,191.0,12233.0,36.854125811733454,0.18198115828200423,1.0537097396900772
ID128139,128139,21,7.7152276039123535,63.65007507469638,114.41074276793704,0.0,516.0,516,5.0,1,,115.20618556701031,110.0,49.0,184.0,11175.0,38.76395935238736,0.15098264340925138,0.7797150442932439
ID165000,165000,21,10.781270980834961,72.24842710148516,160.11133074670326,0.0,672.0,672,5.0,1,,144.2680412371134,138.0,80.0,202.0,13994.0,35.14301597992052,0.25077439855712413,1.646134492907659
ID59532,59532,21,8.33929443359375,93.61457892760463,164.4153957787291,0.0,236.0,236,5.0,1,,127.68041237113403,125.0,70.0,187.0,12385.0,34.5821926694676,0.18068918415386898,1.1300517140713433
ID64654,64654,21,8.557872772216797,92.48107300243802,163.0043286467574,0.0,254.0,254,5.0,1,,127.1340206185567,123.0,73.0,195.0,12332.0,34.928685938273865,0.1874868517662513,1.149347980606893
ID8337,8337,21,8.356694221496582,187.19087630627288,173.8772392129413,0.0,24.0,24,5.0,1,,125.26804123711341,118.0,73.0,199.0,12151.0,33.5622914220451,0.1830892684411061,1.155218280326655
ID134295,134295,21,10.014628410339355,64.73853332592331,138.77547232509022,0.0,543.0,543,5.0,1,,134.62886597938143,131.0,65.0,204.0,13059.0,39.05266731917639,0.2216499163648447,1.250945196063669
ID143511,143511,21,8.452190399169922,75.56227728760932,152.11829299892622,0.0,579.0,579,5.0,1,,124.74226804123711,122.0,64.0,189.0,12100.0,36.02090780323383,0.1839629754171053,1.0761709924883807
ID99479,99479,21,9.953968048095703,75.46685108897927,122.32752659804453,0.0,400.0,400,5.0,1,,133.75257731958763,127.0,75.0,203.0,12974.0,36.22528782029523,0.23393740229644394,1.399996161199265
ID23705,23705,21,9.61584758758545,99.39944391965571,187.70642132197656,0.0,86.0,86,5.0,1,,131.41237113402062,125.0,80.0,210.0,12747.0,36.31624767732516,0.21923460657403132,1.301328994099277
ID22685,22685,21,7.342563152313232,103.60411708240068,183.0104711666705,0.0,83.0,83,5.0,1,,115.03092783505154,108.0,57.0,187.0,11158.0,34.84981277097225,0.14711429410429983,0.8466274589756809
ID47261,47261,21,8.581889152526855,106.46050722992229,171.50588351265398,0.0,185.0,185,5.0,1,,125.02061855670104,116.0,78.0,204.0,12127.0,35.75232491899516,0.19365189896895327,1.13462256700827
ID14494,14494,21,9.078811645507812,127.94695907767682,178.57460027586058,0.0,53.0,53,5.0,1,,127.19587628865979,119.0,69.0,196.0,12338.0,35.98918795255786,0.20557360821584925,1.2053262264972069
ID53407,53407,21,8.47994327545166,104.10526294624297,148.62067937967694,0.0,208.0,208,5.0,1,,125.24742268041237,119.0,68.0,190.0,12149.0,34.708317605389105,0.1885600892460809,1.1449693541952273
ID141472,141472,21,9.804689407348633,84.49036516114813,148.51792281017055,0.0,569.0,569,5.0,1,,135.01030927835052,130.0,79.0,202.0,13096.0,37.94691874990225,0.22264336822201167,1.2957773294747736
ID94373,94373,21,8.119772911071777,67.17109245431129,119.14131976294226,0.0,378.0,378,5.0,1,,121.01030927835052,112.0,68.0,198.0,11738.0,34.65980346085386,0.17000925732040556,1.0146343078944455
ID116901,116901,21,9.842686653137207,69.16108771720373,125.47396076606822,0.0,471.0,471,5.0,1,,132.23711340206185,125.0,71.0,208.0,12827.0,38.60558389983789,0.21529489311749603,1.2136271572892758
ID154791,154791,21,7.733288288116455,49.07816198579561,144.50420157320752,0.0,629.0,629,5.0,1,,120.81443298969072,111.0,73.0,196.0,11719.0,32.770772641469726,0.17129512222046525,1.0783029572111853
ID83111,83111,21,8.730362892150879,68.4561771191306,132.41544244174912,0.0,330.0,330,5.0,1,,122.0,115.0,58.0,197.0,11834.0,38.22302970723278,0.18836207679866246,1.0118343163940764
ID28839,28839,21,9.127347946166992,100.92457163925882,165.89686187476926,0.0,106.0,106,5.0,1,,131.7835051546392,122.0,79.0,196.0,12783.0,34.584204849698516,0.200353184794834,1.2720390874883243
ID79014,79014,21,10.190106391906738,64.88097007905091,141.25092752112639,0.0,314.0,314,5.0,1,,134.340206185567,132.0,67.0,207.0,13031.0,38.86726519995601,0.22793545890655523,1.2831823391365262
ID172202,172202,21,10.245322227478027,62.52066820887586,184.19323963567754,0.0,702.0,702,5.0,1,,136.8556701030928,132.0,68.0,215.0,13275.0,38.9641902078909,0.22678273924927186,1.2985822917546133
ID13483,13483,21,9.22830581665039,145.32181510640135,164.92296515878226,0.0,44.0,44,5.0,1,,125.35051546391753,117.0,68.0,198.0,12159.0,36.5368082774964,0.21706279450945581,1.223764687458048
ID157870,157870,21,8.595516204833984,47.978919854000495,149.61453109629502,0.0,641.0,641,5.0,1,,125.94845360824742,121.0,73.0,189.0,12217.0,33.877035957888886,0.19576571559004796,1.2173290023256433
ID21677,21677,21,7.030538558959961,103.26483103610562,176.51484605299206,0.0,79.0,79,5.0,1,,115.09278350515464,105.0,66.0,183.0,11164.0,30.93207695709626,0.15719165346659297,1.0108650861968593
ID151727,151727,21,7.479104042053223,61.72993835776997,143.9571463156865,0.0,615.0,615,5.0,1,,114.19587628865979,104.0,60.0,181.0,11077.0,36.54496065786002,0.1473854068229296,0.8027828407889124
ID127151,127151,21,8.570953369140625,62.52970111030001,113.32350757640569,0.0,515.0,515,5.0,1,,120.05154639175258,118.0,55.0,198.0,11645.0,37.43198585824825,0.18445429826094498,0.9989076927992937
ID143532,143532,21,9.410717964172363,79.57351451948334,151.3690492870156,0.0,580.0,580,5.0,1,,129.42268041237114,127.0,66.0,199.0,12554.0,38.91519493600432,0.20597720900965127,1.1360599354033787
ID38063,38063,21,8.66933822631836,101.89247272764857,180.0757159668362,0.0,145.0,145,5.0,1,,125.51546391752578,117.0,63.0,204.0,12175.0,36.57956892232268,0.18102868833026098,1.0519027866730457
ID52399,52399,21,8.123437881469727,107.95431623253747,151.8600840402217,0.0,206.0,206,5.0,1,,122.34020618556701,116.0,71.0,183.0,11867.0,33.77773138410932,0.1775062247193091,1.0919911075591795
ID90286,90286,21,10.437731742858887,63.94928770908929,123.13372630385261,0.0,365.0,365,5.0,1,,132.02061855670104,121.0,51.0,205.0,12806.0,43.25529336139184,0.2277679538285916,1.1324233710454037
ID68785,68785,21,9.471040725708008,77.34427416792603,140.8935767808368,0.0,275.0,275,5.0,1,,131.23711340206185,125.0,71.0,206.0,12730.0,37.03511092977522,0.21133857272428858,1.2364775587724561
ID63667,63667,21,9.40816879272461,84.94676136210123,163.99072522989727,0.0,251.0,251,5.0,1,,131.2164948453608,125.0,73.0,201.0,12728.0,36.39632158729657,0.20421224908817498,1.2227556614877757
ID121010,121010,21,9.778484344482422,51.35676739904889,115.34873608699414,0.0,488.0,488,5.0,1,,131.15463917525773,125.0,74.0,212.0,12722.0,37.63595914763167,0.2259271950486794,1.2844419920271601
ID103604,103604,21,6.880030155181885,91.41975995022321,137.60277853236735,0.0,415.0,415,5.0,1,,111.42268041237114,103.0,63.0,184.0,10808.0,32.84713174044094,0.14704869625926828,0.8697320370672748
ID73910,73910,21,9.512415885925293,72.80222728133882,140.550448128192,0.0,292.0,292,5.0,1,,133.30927835051546,129.0,77.0,199.0,12931.0,35.14741598632059,0.22128825085001885,1.3744759606031203
ID108726,108726,21,7.154927730560303,82.994727062172,125.58363295097838,0.0,438.0,438,5.0,1,,123.82474226804123,118.0,79.0,183.0,12011.0,29.655666374404163,0.15458259945254185,1.118060589220067
ID46267,46267,21,9.197443962097168,102.51503905789225,164.36861393484887,0.0,181.0,181,5.0,1,,130.69072164948454,131.0,59.0,194.0,12677.0,37.29677176175972,0.20340302930319443,1.1845402573133943
ID42173,42173,21,9.418060302734375,107.68867195000576,167.35933533084048,0.0,164.0,164,5.0,1,,130.76288659793815,128.0,62.0,196.0,12684.0,37.62279151765265,0.20877427705557663,1.2005914817526224
ID179391,179391,21,9.807071685791016,55.496984683043266,190.29554257326598,0.0,731.0,731,5.0,1,,130.7319587628866,123.0,76.0,203.0,12681.0,37.418109325542915,0.2260446111795452,1.2883023816223265
ID58558,58558,21,8.457135200500488,99.74822153945378,156.73090984220966,0.0,229.0,229,5.0,1,,124.3298969072165,117.0,66.0,209.0,12060.0,36.05167635072736,0.18003892352591433,1.0523257086122975
ID146620,146620,21,8.19549560546875,75.41431217844676,153.86945580813554,0.0,594.0,594,5.0,1,,125.09278350515464,119.0,79.0,193.0,12134.0,32.09883255737492,0.18525527324390584,1.2182367525394935
ID176316,176316,21,10.832512855529785,66.25845009840452,192.8763683558949,0.0,717.0,717,5.0,1,,141.17525773195877,136.0,85.0,209.0,13694.0,37.07200491084838,0.2509088281463962,1.5276814159912482
ID32959,32959,21,8.666084289550781,88.99569465238919,170.01451413934743,0.0,127.0,127,5.0,1,,126.5360824742268,118.0,70.0,206.0,12274.0,35.48211458363862,0.18531512125092872,1.1150951313014459
ID98494,98494,21,9.848129272460938,79.7920168627044,126.83682717726984,0.0,396.0,396,5.0,1,,126.31958762886597,120.0,71.0,208.0,12253.0,40.27446109502703,0.21954153419980174,1.129252487891781
ID7361,7361,21,8.16271686553955,171.3612103827759,170.1644143771593,0.0,20.0,20,5.0,1,,124.29896907216495,119.0,70.0,188.0,12057.0,32.75037052858258,0.18226360909383446,1.1702184694888311
ID115909,115909,21,9.43935489654541,67.04282811107572,122.97518476581732,0.0,467.0,467,5.0,1,,128.56701030927834,118.0,68.0,204.0,12471.0,37.90116181610149,0.20563993216844187,1.157169146903713
ID86212,86212,21,8.50015640258789,83.14030878866456,126.84477231500514,0.0,341.0,341,5.0,1,,123.42268041237114,118.0,68.0,190.0,11972.0,35.42769486678301,0.18543215309070832,1.089909435683814
ID137415,137415,21,8.790553092956543,76.12702033006579,151.35309537497778,0.0,555.0,555,5.0,1,,128.42268041237114,126.0,69.0,197.0,12457.0,34.588002210408405,0.19582752235543718,1.2160500007487143
ID159946,159946,21,9.53144359588623,48.63333293651601,157.31548593118657,0.0,652.0,652,5.0,1,,132.97938144329896,130.0,69.0,199.0,12899.0,37.58406670980052,0.20850430404846415,1.2208923056547265
ID164042,164042,21,9.341864585876465,67.89447769098753,161.36996949744773,0.0,671.0,671,5.0,1,,133.7319587628866,129.0,69.0,196.0,12972.0,33.339014764960915,0.22110574738765085,1.4526440057795518
ID133323,133323,21,8.776968955993652,61.48920968595001,133.32654471943994,0.0,537.0,537,5.0,1,,128.82474226804123,120.0,74.0,198.0,12496.0,36.07169085922227,0.18984069506097132,1.1396284282327596
ID111818,111818,21,8.835338592529297,77.74571324868097,124.8477949375454,0.0,445.0,445,5.0,1,,129.82474226804123,123.0,73.0,196.0,12593.0,34.52264061129497,0.19604717883328018,1.2328088506932569
ID67794,67794,21,8.179929733276367,73.46172816577405,149.9942873646259,0.0,266.0,266,5.0,1,,122.80412371134021,117.0,72.0,199.0,11912.0,35.319859609260476,0.17393289266330555,1.0302969776618693
ID82132,82132,21,9.38667106628418,65.55364835627636,137.10315425324973,0.0,325.0,325,5.0,1,,125.95876288659794,120.0,55.0,201.0,12218.0,39.90742347550901,0.2058217371490649,1.077488946113149
ID27862,27862,21,8.998308181762695,98.20764596462922,162.28028405448833,0.0,108.0,108,5.0,1,,129.44329896907217,124.0,74.0,198.0,12556.0,35.37977561173572,0.1989052044119607,1.213991918066102
ID37078,37078,21,9.497828483581543,96.99136882772885,177.90301874124577,0.0,142.0,142,5.0,1,,133.29896907216494,128.0,81.0,201.0,12930.0,34.8386653460316,0.21533104955769747,1.3558365616817336
ID6360,6360,21,7.892725467681885,169.71110484393748,169.202965667968,0.0,15.0,15,5.0,1,,121.49484536082474,112.0,63.0,206.0,11785.0,34.32871845340168,0.16613569816004964,1.0084262171386886
ID62680,62680,21,9.404156684875488,86.00037458808382,165.445821099604,0.0,246.0,246,5.0,1,,133.1958762886598,131.0,71.0,189.0,12920.0,36.207917865450405,0.21205374879540578,1.2871859747098464
ID163035,163035,21,10.265504837036133,55.75539777028235,153.5478936661978,0.0,664.0,664,5.0,1,,135.4020618556701,132.0,72.0,203.0,13134.0,38.791821462405366,0.23689091263044781,1.3370021429155727
ID126171,126171,21,10.21163558959961,60.82153246792321,116.73048849220822,0.0,510.0,510,5.0,1,,136.08247422680412,132.0,75.0,193.0,13200.0,35.937639884682184,0.24269661934599995,1.4790445315761516
ID51419,51419,21,9.346725463867188,102.1945191894779,148.9678878634786,0.0,199.0,199,5.0,1,,131.46391752577318,125.0,79.0,193.0,12752.0,35.17162144864039,0.2107885347770764,1.3014361332516828
ID20701,20701,21,8.928485870361328,101.22096342956416,185.80694063405832,0.0,74.0,74,5.0,1,,128.11340206185568,120.0,74.0,196.0,12427.0,35.4659097728191,0.19647886084257735,1.1863812009488268
ID78044,78044,21,8.098228454589844,64.75063004855797,144.74769699323363,0.0,309.0,309,5.0,1,,125.02061855670104,121.0,67.0,186.0,12127.0,32.563712991304726,0.1831146294325809,1.18843090911183
ID140515,140515,21,9.234293937683105,82.20323432122679,146.47233541643004,0.0,568.0,568,5.0,1,,131.46391752577318,128.0,66.0,201.0,12752.0,36.28103896885801,0.20672446524661317,1.2414825213079106
ID153825,153825,21,10.468876838684082,52.1441386106892,137.48783898737875,0.0,626.0,626,5.0,1,,139.1443298969072,132.0,68.0,209.0,13497.0,39.34754060789612,0.2313112601176848,1.3286385234614912
ID72932,72932,21,10.287501335144043,70.09652634234456,144.29286803900243,0.0,289.0,289,5.0,1,,129.1443298969072,122.0,62.0,206.0,12527.0,41.512043857456206,0.2312218403473877,1.1684866773116542
ID93417,93417,21,8.725794792175293,62.070378114407276,119.59975826691867,0.0,375.0,375,5.0,1,,125.6701030927835,119.0,71.0,191.0,12190.0,36.03809374857288,0.19349505520369462,1.1307052361323187
ID89322,89322,21,9.366230964660645,71.79337305935792,127.02076886889772,0.0,361.0,361,5.0,1,,127.73195876288659,119.0,61.0,200.0,12390.0,38.71329322293504,0.20431548922460577,1.1195164273039504
ID45295,45295,21,8.868664741516113,103.48899080701388,166.69768622592034,0.0,176.0,176,5.0,1,,130.93814432989691,124.0,79.0,198.0,12701.0,33.9689853742197,0.20129981162789676,1.2918305830219754
ID12534,12534,21,6.62578010559082,161.45097265851592,163.76499187271267,0.0,39.0,39,5.0,1,,111.0,99.0,68.0,185.0,10767.0,31.83126084004004,0.14022882768930028,0.8577177933092456
ID19702,19702,21,8.670190811157227,110.07999675117593,185.96874258017684,0.0,69.0,69,5.0,1,,127.27835051546391,121.0,70.0,195.0,12346.0,35.27119406235338,0.18691800498876568,1.1365663418463372
ID50422,50422,21,8.227813720703125,103.88359021157372,145.7841447234556,0.0,201.0,201,5.0,1,,124.94845360824742,118.0,71.0,193.0,12120.0,34.595089708783284,0.1745997363428317,1.073742404340298
ID5367,5367,21,7.388429641723633,168.2472431583314,174.9135465396143,0.0,10.0,10,5.0,1,,124.50515463917526,121.0,80.0,188.0,12077.0,28.567946676644222,0.1675411584703238,1.2507992605813407
ID107766,107766,21,9.02767562866211,96.57661268333415,128.2925428894104,0.0,433.0,433,5.0,1,,127.5360824742268,121.0,67.0,199.0,12371.0,38.23993926938771,0.19403563457142264,1.0839520765632247
ID120057,120057,21,10.96131420135498,57.26701832010785,116.87663204652023,0.0,486.0,486,5.0,1,,138.8659793814433,133.0,83.0,213.0,13470.0,37.32950934637686,0.2618811710736578,1.544042995752343
ID31994,31994,21,9.419623374938965,90.58980271959602,166.92596590983302,0.0,121.0,121,5.0,1,,132.88659793814432,129.0,74.0,201.0,12890.0,36.049698417791866,0.20938077752108658,1.276389696150045
ID41210,41210,21,10.02629566192627,109.63364108928208,177.40084700249935,0.0,158.0,158,5.0,1,,133.64948453608247,132.0,58.0,210.0,12964.0,40.03827367790136,0.22031324170905925,1.205289066145267
ID97531,97531,21,8.692005157470703,82.14614162848991,123.59357049383283,0.0,390.0,390,5.0,1,,125.34020618556701,118.0,73.0,199.0,12158.0,37.228429604139606,0.18143222474864582,1.0340732341607233
ID175357,175357,21,9.915670394897461,65.24332955584329,195.06842624283993,0.0,716.0,716,5.0,1,,137.0721649484536,131.0,80.0,210.0,13296.0,35.77279210013072,0.22767587516826013,1.421214802651251
ID136450,136450,21,9.07314682006836,68.84003579690189,145.61229053042027,0.0,552.0,552,5.0,1,,131.69072164948454,127.0,73.0,203.0,12774.0,34.76389435197766,0.20618745762096782,1.2951026356793103
ID125186,125186,21,10.310553550720215,59.65498724200513,114.49941763983372,0.0,505.0,505,5.0,1,,135.93814432989691,130.0,77.0,203.0,13186.0,37.88904152065545,0.2349127722345841,1.364985573677581
ID182529,182529,21,8.373462677001953,48.39878327244275,197.23061140899492,0.0,745.0,745,5.0,1,,118.91752577319588,114.0,58.0,190.0,11535.0,38.36683412116642,0.1932515272301768,1.003947104945066
ID85252,85252,21,7.474875450134277,81.4513572733159,126.16069904326845,0.0,340.0,340,5.0,1,,120.95876288659794,115.0,65.0,193.0,11733.0,31.76866824068867,0.16360883174294089,1.0707006279944173
ID110852,110852,21,9.753032684326172,76.49949237172996,122.72206084975583,0.0,446.0,446,5.0,1,,134.4742268041237,136.0,68.0,199.0,13044.0,38.30880359642794,0.2181523160819437,1.2572704128008172
ID81161,81161,21,9.320730209350586,64.22838248996742,139.8438914637829,0.0,322.0,322,5.0,1,,132.37113402061857,125.0,69.0,205.0,12840.0,35.52443982306081,0.21048856513386852,1.2958772426641392
ID114954,114954,21,9.957440376281738,64.67237753667912,128.6726552972212,0.0,461.0,461,5.0,1,,133.7835051546392,130.0,58.0,204.0,12977.0,38.812913122901655,0.22441704104155702,1.2635219543021008
ID132367,132367,21,9.863442420959473,61.98911145049076,137.22769700642235,0.0,534.0,534,5.0,1,,134.72164948453607,128.0,75.0,208.0,13068.0,36.56037878976173,0.21933628062855515,1.3256951854893069
ID145679,145679,21,10.466132164001465,78.78434665660437,152.1998166094211,0.0,590.0,590,5.0,1,,138.10309278350516,132.0,73.0,205.0,13396.0,37.92659701539785,0.23420170709106108,1.3819535207644218
ID57616,57616,21,8.575237274169922,100.40597936467195,162.77472152360764,0.0,226.0,226,5.0,1,,128.5257731958763,119.0,78.0,191.0,12467.0,33.43840506049429,0.19318839443659483,1.2446483826806851
ID26897,26897,21,9.047021865844727,106.66227177637913,170.86367324181214,0.0,100.0,100,5.0,1,,128.91752577319588,126.0,71.0,191.0,12505.0,35.3366753833431,0.2087378807106485,1.2600431207913854
ID66834,66834,21,8.462248802185059,73.9320088392711,153.1679114268538,0.0,267.0,267,5.0,1,,123.30927835051547,116.0,61.0,190.0,11961.0,36.845782443161625,0.1771792592603474,1.0074146179501708
ID178449,178449,21,9.736863136291504,57.730704571495366,189.5485821942253,0.0,729.0,729,5.0,1,,135.82474226804123,131.0,74.0,208.0,13175.0,35.04105042341956,0.22580902736190164,1.4280724913726948
ID71959,71959,21,9.013484001159668,67.06810345924472,143.50927612322195,0.0,288.0,288,5.0,1,,127.18556701030928,121.0,73.0,200.0,12337.0,34.34394958143623,0.21347459333126212,1.3029660359831805
ID167188,167188,21,9.56412410736084,60.12433139955868,172.19104166574033,0.0,681.0,681,5.0,1,,135.39175257731958,131.0,77.0,194.0,13133.0,34.54271410787149,0.2177603399002165,1.4017891927187638
ID92445,92445,21,8.736248016357422,62.977596621904674,120.44289412045326,0.0,369.0,369,5.0,1,,121.5360824742268,112.0,51.0,198.0,11789.0,38.76184277516305,0.1849269896490301,0.9786773148431797
ID77084,77084,21,8.06058120727539,63.298585019895064,142.91258272662904,0.0,308.0,308,5.0,1,,121.75257731958763,114.0,71.0,188.0,11810.0,33.027775850989876,0.18078719394974707,1.128820427813909
ID139548,139548,21,9.717490196228027,74.87817683320081,140.83462430502306,0.0,565.0,565,5.0,1,,137.2164948453608,133.0,84.0,200.0,13310.0,34.61641795091712,0.21962085583529498,1.427588130370519
ID156956,156956,21,9.06524658203125,50.67420363527056,148.0888830750033,0.0,638.0,638,5.0,1,,126.6701030927835,122.0,66.0,196.0,12287.0,37.69441869867379,0.19465218971038292,1.0950775598367217
ID119070,119070,21,10.442849159240723,59.81064616503531,121.40900240706895,0.0,482.0,482,5.0,1,,132.15463917525773,128.0,64.0,203.0,12819.0,40.47281500335173,0.24001009913065535,1.2640180949683055
ID44320,44320,21,8.832443237304688,106.16434477680761,166.7974574603137,0.0,172.0,172,5.0,1,,129.1340206185567,123.0,81.0,194.0,12526.0,34.20849945127532,0.19562511719962478,1.2352823311383074
ID106786,106786,21,8.84626293182373,93.54667652206159,129.40360002066694,0.0,432.0,432,5.0,1,,126.35051546391753,122.0,69.0,195.0,12256.0,37.59683088293297,0.1932474116882452,1.0885263829023177
ID11556,11556,21,8.711751937866211,166.0241614635717,173.54576651596352,0.0,34.0,34,5.0,1,,126.50515463917526,119.0,74.0,202.0,12271.0,34.87779968193121,0.19577297887325734,1.187662795953154
ID36132,36132,21,8.817249298095703,99.98831333712441,183.2102001646331,0.0,139.0,139,5.0,1,,129.46391752577318,123.0,68.0,191.0,12558.0,35.028280793188536,0.19230698377024114,1.1922487784950244
ID61732,61732,21,9.211247444152832,88.88383093222004,169.80953853991022,0.0,242.0,242,5.0,1,,127.71134020618557,119.0,72.0,200.0,12388.0,37.37561559216746,0.19865014013804042,1.1325764812320882
ID88357,88357,21,7.693532466888428,80.40613273550329,127.4389632738247,0.0,354.0,354,5.0,1,,114.1340206185567,104.0,65.0,203.0,11071.0,38.11403636511405,0.14966417103679594,0.7796631636211274
ID17701,17701,21,7.996395587921143,127.36252055242578,178.87532317128213,0.0,62.0,62,5.0,1,,120.74226804123711,109.0,71.0,189.0,11712.0,34.77046110760884,0.17075092091541,1.0129253067003021
ID150823,150823,21,9.671262741088867,65.76036609449329,141.36113332309785,0.0,611.0,611,5.0,1,,135.02061855670104,132.0,67.0,204.0,13097.0,36.177795728596685,0.2178650246635297,1.3352922978486477
ID3366,3366,21,7.88877010345459,168.69984019621208,165.71564458916635,0.0,0.0,0,5.0,1,,118.38144329896907,111.0,54.0,191.0,11483.0,36.86191669001838,0.16117101747410242,0.8915105217914477
ID56622,56622,21,9.574630737304688,97.97774253743049,156.09979320332485,0.0,222.0,222,5.0,1,,133.81443298969072,127.0,73.0,202.0,12980.0,35.94478691250746,0.21227433690460987,1.3037478999790846
ID159021,159021,21,9.898749351501465,47.05448837926577,149.84778609150726,0.0,649.0,649,5.0,1,,136.83505154639175,129.0,82.0,195.0,13273.0,34.85824878835805,0.22790244269520615,1.4571588802027404
ID40241,40241,21,9.409499168395996,109.45688555262792,176.90414160978088,0.0,157.0,157,5.0,1,,134.0,127.0,83.0,198.0,12998.0,33.25595184825317,0.22384855249033006,1.473981467741171
ID174387,174387,21,11.043327331542969,59.30972130925986,190.06161164123716,0.0,713.0,713,5.0,1,,143.72164948453607,138.0,85.0,215.0,13941.0,36.679564663686044,0.25448726924018356,1.5897462867402026
ID49458,49458,21,8.48957347869873,99.49650658306271,165.42914441809432,0.0,192.0,192,5.0,1,,126.70103092783505,123.0,70.0,197.0,12290.0,35.36893792241223,0.18714644339399927,1.1294458338608486
ID96562,96562,21,9.043401718139648,79.64519561287693,117.4880029340209,0.0,387.0,387,5.0,1,,124.58762886597938,120.0,65.0,199.0,12085.0,40.10578526880494,0.1905154429236987,0.994244147859404
ID162102,162102,21,9.404817581176758,48.34655087572186,154.29310852098857,0.0,661.0,661,5.0,1,,138.57731958762886,136.0,86.0,194.0,13442.0,30.988181568256255,0.2223777429185206,1.6270913818759987
ID31032,31032,21,8.323104858398438,87.5870771236492,162.9598473176595,0.0,119.0,119,5.0,1,,124.09278350515464,119.0,65.0,191.0,12037.0,36.281044888661334,0.17463822312590074,1.0170256608552108
ID4409,4409,21,7.814019203186035,167.9415347979326,174.90571374618082,0.0,12.0,12,5.0,1,,125.50515463917526,122.0,72.0,186.0,12174.0,30.440900293074794,0.17541742292635937,1.2305936473335644
ID101688,101688,21,8.567852020263672,85.25566172016335,134.86061963735506,0.0,408.0,408,5.0,1,,123.9278350515464,116.0,71.0,199.0,12021.0,36.00585815260959,0.18340528744237028,1.0668516638487067
ID135486,135486,21,9.82696533203125,71.92425586867523,141.79997978145022,0.0,548.0,548,5.0,1,,133.28865979381445,122.0,77.0,205.0,12929.0,38.5183827225409,0.21220110386408414,1.211513105355476
ID166206,166206,21,9.846019744873047,67.28292392945204,163.5137954646374,0.0,676.0,676,5.0,1,,136.89690721649484,132.0,80.0,204.0,13279.0,35.488990234086,0.22696665550178444,1.4271160402825482
ID131391,131391,21,10.573357582092285,61.08119261417246,131.82599867039187,0.0,532.0,532,5.0,1,,141.3298969072165,137.0,85.0,202.0,13709.0,36.16735453920097,0.24480012197239528,1.5369484526034047
ID54591,54591,21,8.834752082824707,102.87640056332779,150.44542633745363,0.0,215.0,215,5.0,1,,126.47422680412372,118.0,62.0,202.0,12268.0,37.74367849485559,0.18553497785837222,1.0488158197942132
ID70977,70977,21,9.690446853637695,74.94584251043685,135.11679918107524,0.0,279.0,279,5.0,1,,129.68041237113403,123.0,74.0,200.0,12579.0,35.0144453499054,0.23016954564321976,1.3859259174767498
ID170306,170306,21,7.708549499511719,56.97165320892624,181.6055978244927,0.0,691.0,691,5.0,1,,118.57731958762886,108.0,68.0,186.0,11502.0,35.7056353662446,0.16110572888337774,0.9215821944928184
ID181568,181568,21,9.78572940826416,50.858632605250854,196.6886355060583,0.0,743.0,743,5.0,1,,131.63917525773195,126.0,76.0,202.0,12769.0,37.7293501929119,0.23011611380029517,1.3053793745298075
ID142657,142657,21,8.969868659973145,75.75277138333318,149.91544290600572,0.0,578.0,578,5.0,1,,128.2680412371134,125.0,65.0,193.0,12442.0,35.675188467125835,0.20164062416945785,1.2066619360133182
ID2373,2373,21,8.8902587890625,169.8929284010163,167.93784910954165,0.0,3.0,3,5.0,1,,126.44329896907216,120.0,66.0,196.0,12265.0,35.61365874216572,0.19587532848170594,1.1630624982748345
ID124228,124228,21,9.602387428283691,54.026733856196635,117.41450866173868,0.0,501.0,501,5.0,1,,126.4639175257732,117.0,72.0,196.0,12267.0,37.210286955712405,0.22270385705821907,1.2380553579859244
ID147783,147783,21,10.275358200073242,70.47443555482175,144.33066232145012,0.0,601.0,601,5.0,1,,137.98969072164948,134.0,71.0,200.0,13385.0,37.99108855084769,0.23420464198679428,1.378488738654642
ID113991,113991,21,8.920248031616211,56.83513112987225,123.79167411300249,0.0,457.0,457,5.0,1,,128.7422680412371,126.0,64.0,200.0,12488.0,37.305964209972366,0.18677022174035993,1.0862101984398964
ID152901,152901,21,10.12791919708252,47.23103440655635,136.5050589802091,0.0,621.0,621,5.0,1,,136.1958762886598,124.0,83.0,209.0,13211.0,37.28372052452924,0.2319283810634594,1.3754447373470569
ID25928,25928,21,9.159127235412598,104.31394295573402,174.4804786373154,0.0,96.0,96,5.0,1,,129.1958762886598,122.0,75.0,198.0,12532.0,37.02494631305407,0.19844236348824654,1.1555838100535123
ID109897,109897,21,9.506001472473145,79.22916298542285,123.54245779312487,0.0,444.0,444,5.0,1,,133.38144329896906,128.0,80.0,201.0,12938.0,36.18973245818749,0.21537796364540054,1.3062609511789902
ID16716,16716,21,8.313313484191895,122.3463860635221,181.23211401401574,0.0,57.0,57,5.0,1,,127.0721649484536,122.0,69.0,193.0,12326.0,33.17731636684682,0.18185456078672765,1.178689276902551
ID34124,34124,21,9.41599178314209,93.0650196916426,172.02618671583406,0.0,129.0,129,5.0,1,,132.83505154639175,125.0,77.0,191.0,12885.0,35.166769474288245,0.21086099370634068,1.3155645717707785
ID65869,65869,21,6.9875006675720215,85.82394250667323,156.4647643024191,0.0,263.0,263,5.0,1,,112.42268041237114,107.0,56.0,179.0,10905.0,35.468540946974635,0.13216296337904865,0.7400165492367569
ID102733,102733,21,8.417591094970703,89.3538339656075,141.12605024902854,0.0,411.0,411,5.0,1,,128.2164948453608,121.0,66.0,190.0,12437.0,33.07259275824285,0.18994384288861035,1.2376686961020513
ID35151,35151,21,9.171090126037598,98.120069171482,181.62741836189966,0.0,135.0,135,5.0,1,,132.05154639175257,124.0,72.0,198.0,12809.0,34.81090918987077,0.20819782304827789,1.307363199490226
ID80206,80206,21,9.95054817199707,64.06657162802678,134.98588301526993,0.0,318.0,318,5.0,1,,132.43298969072166,122.0,63.0,206.0,12846.0,39.50103037065796,0.2149391088495703,1.186256722555197
ID10577,10577,21,9.337458610534668,169.87420284313987,173.99786406039996,0.0,31.0,31,5.0,1,,129.72164948453607,122.0,68.0,203.0,12583.0,37.59286896807504,0.20122179496998052,1.1560824339209976
ID34129,34129,21,9.269786834716797,94.61247312310091,171.156608271494,0.0,130.0,130,5.0,1,,126.09278350515464,121.0,57.0,200.0,12231.0,39.726954135444686,0.19496264269869365,1.0356953661950865
ID155990,155990,21,6.217035293579102,48.91618300157588,147.16702666900017,0.0,634.0,634,5.0,1,,107.16494845360825,102.0,54.0,169.0,10395.0,29.38667513104761,0.13435192614370797,0.8638302085600603
ID60758,60758,21,9.25045108795166,96.05650147583323,171.54102944361372,0.0,238.0,238,5.0,1,,131.02061855670104,126.0,74.0,192.0,12709.0,36.36246329820632,0.2080301446084308,1.2409801777886498
ID173402,173402,21,8.37671947479248,58.37443333783101,184.54236830397588,0.0,704.0,704,5.0,1,,127.55670103092784,122.0,86.0,194.0,12373.0,31.649436893412542,0.1950735477365166,1.3157429014200765
ID105816,105816,21,8.708918571472168,90.59704067473311,143.99582030295596,0.0,424.0,424,5.0,1,,125.87628865979381,125.0,51.0,192.0,12210.0,37.12233652958563,0.19208938593888406,1.0927810843729053
ID54618,54618,21,9.487048149108887,103.379716957585,147.51389013826343,0.0,213.0,213,5.0,1,,133.0721649484536,128.0,78.0,205.0,12908.0,35.8417376063044,0.21823201015057173,1.3301989731660722
ID100698,100698,21,10.25551986694336,76.87207455392974,127.19799234084391,0.0,405.0,405,5.0,1,,127.38144329896907,122.0,54.0,207.0,12356.0,41.08006493903326,0.23193270183014894,1.1675622451520062
ID84317,84317,21,9.726703643798828,70.59440690643257,135.50635444812676,0.0,333.0,333,5.0,1,,132.61855670103094,134.0,65.0,197.0,12864.0,39.90416731030135,0.21781433265487646,1.1888345358649397
ID3421,3421,21,8.673882484436035,165.06074130570894,170.73892049524284,0.0,5.0,5,5.0,1,,126.20618556701031,119.0,74.0,192.0,12242.0,34.969313376257084,0.19236085090546723,1.164481283976048
ID123228,123228,21,8.19900894165039,54.09747655945342,113.35142854468658,0.0,498.0,498,5.0,1,,117.91752577319588,116.0,53.0,193.0,11438.0,36.138815150487424,0.17702549736056777,0.9814866489525079
ID48480,48480,21,9.193525314331055,98.99006158852276,168.2092941377123,0.0,191.0,191,5.0,1,,129.01030927835052,118.0,70.0,200.0,12514.0,36.419001120454745,0.19968442460879943,1.1792436673505715
ID118112,118112,21,10.200051307678223,61.70204360074699,123.57514884734546,0.0,476.0,476,5.0,1,,132.94845360824743,128.0,66.0,207.0,12896.0,40.50652497181283,0.2286231576223183,1.2214897325541112
ID39266,39266,21,9.069731712341309,104.92086146120917,173.6855173104009,0.0,148.0,148,5.0,1,,130.27835051546393,126.0,69.0,194.0,12637.0,36.20161778959875,0.200420802800437,1.2016653886936974
ID91490,91490,21,8.888456344604492,65.82015493177587,124.75139542555654,0.0,364.0,364,5.0,1,,122.76288659793815,114.0,51.0,198.0,11908.0,38.99700127250072,0.18919192852650002,1.0016512240947462
ID144737,144737,21,10.75898551940918,77.9001675900198,147.13866185797482,0.0,585.0,585,5.0,1,,138.93814432989691,132.0,75.0,202.0,13477.0,38.41408553322533,0.24632344631671757,1.4296705713839712
ID177505,177505,21,10.97438907623291,61.95900251399959,195.1134998635799,0.0,724.0,724,5.0,1,,141.95876288659792,134.0,86.0,209.0,13770.0,36.63613810324821,0.2575398173576043,1.5871031462680776
ID148839,148839,21,10.110401153564453,68.63026501542252,149.32786720550922,0.0,603.0,603,5.0,1,,135.70103092783506,133.0,72.0,206.0,13163.0,38.13959145594139,0.22630627830851222,1.3132117407157418
ID9575,9575,21,7.44598388671875,165.6093821326705,170.4371516940808,0.0,35.0,35,5.0,1,,116.08247422680412,111.0,59.0,186.0,11260.0,36.0637947783429,0.1497327578471962,0.8383881809239899
ID129382,129382,21,8.35355281829834,66.40003942327984,119.3131196897096,0.0,521.0,521,5.0,1,,116.28865979381443,112.0,66.0,198.0,11280.0,35.947287439065605,0.1908502313913894,1.0368997795414456
ID122217,122217,21,9.901973724365234,48.145667490978774,112.60858837278475,0.0,491.0,491,5.0,1,,138.0721649484536,135.0,78.0,199.0,13393.0,31.909784099956582,0.24803966106038328,1.7199071691953438
ID168298,168298,21,10.152385711669922,56.79168273829148,175.29593011896245,0.0,683.0,683,5.0,1,,135.42268041237114,128.0,64.0,204.0,13136.0,39.467506427108916,0.22161999162672186,1.2449574707812265
ID30057,30057,21,7.324832439422607,94.09718446445527,162.68811986357073,0.0,114.0,114,5.0,1,,126.57731958762886,122.0,79.0,181.0,12278.0,26.687557592266664,0.17309189642436462,1.399657456905609
ID130408,130408,21,10.242958068847656,61.990868391718365,122.31596895389353,0.0,526.0,526,5.0,1,,136.77319587628867,131.0,75.0,204.0,13267.0,36.54349724262375,0.23282882516782752,1.4136921607361745
ID43370,43370,21,8.586957931518555,111.2431739934756,165.48048034074242,0.0,169.0,169,5.0,1,,128.01030927835052,124.0,71.0,189.0,12417.0,34.47175620627729,0.19098450246624876,1.190977481741339
ID55660,55660,21,9.009639739990234,100.20373804926957,154.79132258466242,0.0,218.0,218,5.0,1,,130.43298969072166,124.0,81.0,192.0,12652.0,34.04436664624035,0.20318095994419022,1.2939701047621386
ID2413,2413,21,8.472017288208008,167.06450791783823,167.96444240640972,0.0,2.0,2,5.0,1,,124.01030927835052,115.0,66.0,189.0,12029.0,35.485764412578426,0.18126543214965762,1.0725094237380048
ID95596,95596,21,8.213984489440918,77.52006683720836,118.1837757219341,0.0,383.0,383,5.0,1,,124.12371134020619,122.0,65.0,184.0,12040.0,35.85510706648553,0.17650404683964394,1.0387115636336415
ID169324,169324,21,8.907318115234375,54.58059395315622,182.95063567507083,0.0,690.0,690,5.0,1,,128.03092783505156,123.0,69.0,195.0,12419.0,35.978133870984585,0.19802781894737223,1.1764285525822977
ID180588,180588,21,9.49935531616211,58.51026097430149,189.27731537914497,0.0,736.0,736,5.0,1,,128.79381443298968,121.0,72.0,203.0,12493.0,37.10905610054693,0.21472079689698945,1.2269948413607819
ID24945,24945,21,9.352616310119629,99.62286604601239,177.7637849852393,0.0,92.0,92,5.0,1,,129.8556701030928,121.0,62.0,200.0,12596.0,39.22982222608247,0.20008027249989654,1.1037444856186651
ID76144,76144,21,9.360997200012207,58.62618343649673,146.79677290270087,0.0,304.0,304,5.0,1,,129.38144329896906,124.0,71.0,202.0,12550.0,36.48813828349138,0.21049728678229737,1.233198432629228
ID138611,138611,21,8.641679763793945,75.39576472658864,150.4171286840661,0.0,561.0,561,5.0,1,,127.44329896907216,125.0,73.0,195.0,12362.0,34.53771159669919,0.19318501247291892,1.1948656679004706
ID149875,149875,21,9.30496883392334,64.73790324260514,144.05890400548225,0.0,607.0,607,5.0,1,,128.7835051546392,127.0,61.0,197.0,12492.0,39.11793780887796,0.1983608810693791,1.0898900558510503
ID165235,165235,21,9.926237106323242,68.41877598243836,158.00115122475546,0.0,673.0,673,5.0,1,,136.22680412371133,130.0,66.0,200.0,13214.0,35.50924326690609,0.23020914082028135,1.435802684587053
ID104818,104818,21,8.265081405639648,90.01941778055303,142.5544372728355,0.0,418.0,418,5.0,1,,116.85567010309278,106.0,50.0,193.0,11335.0,35.74562609919384,0.18940864137809116,1.0411794242551984
ID161140,161140,21,8.563888549804688,49.28359653567375,156.385414634688,0.0,655.0,655,5.0,1,,126.26804123711341,117.0,68.0,199.0,12248.0,36.14511131764499,0.1819952334371664,1.07576685923561
ID134517,134517,21,9.914731979370117,65.17132023192423,134.39981062534773,0.0,542.0,542,5.0,1,,135.16494845360825,126.0,73.0,208.0,13111.0,38.18804361652652,0.21690033532961092,1.2617458399773558
ID70013,70013,21,9.257959365844727,75.50157788418898,141.56802226807972,0.0,277.0,277,5.0,1,,133.46391752577318,129.0,73.0,196.0,12946.0,36.14152213165803,0.20930201756096603,1.278280200384007
ID64894,64894,21,6.944952011108398,83.25399915835294,160.58599340413247,0.0,258.0,258,5.0,1,,120.20618556701031,115.0,68.0,175.0,11660.0,29.28770296000592,0.15731817046340243,1.1158289268588863
ID128382,128382,21,7.592917442321777,65.72636350760565,114.43989695599362,0.0,518.0,518,5.0,1,,114.25773195876289,102.0,53.0,195.0,11083.0,38.194752680209945,0.1407879816144665,0.7383674413506937
ID113024,113024,21,9.19965934753418,57.84099401589772,120.25970905634834,0.0,456.0,456,5.0,1,,128.48453608247422,126.0,66.0,202.0,12463.0,38.31207202100867,0.19437883671142134,1.0915712664943873
ID15746,15746,21,8.444944381713867,126.00467746806844,180.67540795292842,0.0,54.0,54,5.0,1,,123.74226804123711,115.0,68.0,196.0,12003.0,34.80519547858345,0.18373652253909845,1.1036832089025035
ID59778,59778,21,9.139955520629883,95.01106747072951,158.16750539478494,0.0,234.0,234,5.0,1,,127.74226804123711,118.0,66.0,197.0,12391.0,37.80963235696787,0.19244064302543767,1.0904912701111724
ID8580,8580,21,7.96553373336792,183.77872011756128,170.13820957025243,0.0,23.0,23,5.0,1,,120.3298969072165,116.0,63.0,188.0,11672.0,34.87200454563701,0.16771392484117542,0.9911954298138199
ID75141,75141,21,9.135905265808105,57.363161281035026,141.7499281097613,0.0,301.0,301,5.0,1,,130.1958762886598,124.0,82.0,201.0,12629.0,34.55540212689186,0.20784394895366437,1.2966949833958588
ID141706,141706,21,9.52912712097168,75.48891738407288,141.07066832780325,0.0,573.0,573,5.0,1,,134.0,128.0,76.0,194.0,12998.0,35.87187849369847,0.21472060614260585,1.3206203945154458
ID14729,14729,21,6.8733229637146,132.5669059971268,167.62398888992763,0.0,46.0,46,5.0,1,,112.97938144329896,106.0,60.0,177.0,10959.0,33.44241922738348,0.14460374346639313,0.8536028876472197
ID99723,99723,21,9.87807559967041,80.71405011456604,123.39774649724296,0.0,398.0,398,5.0,1,,129.76288659793815,123.0,67.0,203.0,12587.0,39.03598051687815,0.2187841373465982,1.1934505767945693
ID18827,18827,21,6.87001895904541,115.00949507713611,184.54696139015212,0.0,68.0,68,5.0,1,,118.97938144329896,113.0,71.0,188.0,11541.0,29.86112975837879,0.14564636948516643,1.0130818809530158
ID158095,158095,21,10.5062894821167,45.288932528708315,152.61820658440467,0.0,644.0,644,5.0,1,,140.70103092783506,137.0,89.0,201.0,13648.0,35.26747939806279,0.24941447530787766,1.5928246782483588
ID155031,155031,21,8.51590347290039,48.563385456410636,144.2793289698564,0.0,630.0,630,5.0,1,,121.6082474226804,114.0,59.0,198.0,11796.0,38.23925685215144,0.1772292886303217,0.9575424085990697
ID29081,29081,21,9.300861358642578,97.28616802399435,161.32523719996246,0.0,109.0,109,5.0,1,,132.2577319587629,127.0,69.0,202.0,12829.0,35.890539128983164,0.2057157465682831,1.2574585777307525
ID172440,172440,21,10.963519096374512,57.717723920922616,185.17998886604155,0.0,700.0,700,5.0,1,,140.55670103092783,136.0,71.0,213.0,13634.0,39.269891210316636,0.24464146632787348,1.40704393422006
ID63899,63899,21,7.057656288146973,93.49778263056,159.23305770672783,0.0,255.0,255,5.0,1,,119.10309278350516,114.0,68.0,186.0,11553.0,30.953084302457675,0.15415338306626353,1.0278710528418382
ID83357,83357,21,9.023064613342285,70.41492288041711,135.20384806792737,0.0,332.0,332,5.0,1,,131.9278350515464,125.0,84.0,194.0,12797.0,34.12728851382486,0.20116404054738904,1.2948297683683923
ID121245,121245,21,10.41528606414795,48.1034094512247,113.55655456295138,0.0,492.0,492,5.0,1,,138.56701030927834,135.0,76.0,203.0,13441.0,34.28523346394152,0.25827112022027326,1.6591450237085033
ID151967,151967,21,10.094371795654297,48.29865464798463,140.19450979214685,0.0,619.0,619,5.0,1,,138.60824742268042,135.0,79.0,196.0,13445.0,34.975454697136925,0.23387377762254172,1.5023339951363328
ID38302,38302,21,9.120746612548828,104.22512340301019,175.54501442173563,0.0,149.0,149,5.0,1,,131.1340206185567,125.0,73.0,195.0,12720.0,35.849113443820386,0.20581109433504427,1.2486952488694951
ID47518,47518,21,7.837430953979492,105.37736048725657,169.0240219887633,0.0,184.0,184,5.0,1,,118.0721649484536,109.0,58.0,185.0,11453.0,34.28017144996762,0.17227210013987881,1.0123275495873214
ID94623,94623,21,8.411966323852539,71.37045882166669,116.31768557642421,0.0,379.0,379,5.0,1,,123.87628865979381,117.0,68.0,199.0,12016.0,36.91354136468722,0.17112092251345898,0.9806947311778793
ID22943,22943,21,7.779044151306152,101.82012805130321,184.1196138641173,0.0,84.0,84,5.0,1,,116.48453608247422,106.0,50.0,192.0,11299.0,36.75570063554254,0.15421077988924933,0.8468435260121627
ID117150,117150,21,8.01153564453125,60.26911312090375,125.56294236663102,0.0,473.0,473,5.0,1,,123.0721649484536,118.0,69.0,190.0,11938.0,33.31298777712944,0.17780102337483242,1.1154203907668192
ID69024,69024,21,9.591476440429688,78.56442906301879,139.17563304569754,0.0,272.0,272,5.0,1,,132.01030927835052,127.0,67.0,198.0,12805.0,38.1036128113641,0.20978341931777783,1.2015316648503653
ID103840,103840,21,7.904145240783691,90.57393476957348,136.66721417748838,0.0,416.0,416,5.0,1,,115.43298969072166,109.0,60.0,183.0,11197.0,34.88102015438065,0.183021676669747,1.0239543345405369
ID53667,53667,21,8.792049407958984,103.04667386526853,148.65655770015763,0.0,211.0,211,5.0,1,,128.71134020618555,122.0,81.0,196.0,12485.0,34.45194683749339,0.19489598521834117,1.2187253105672533
ID79266,79266,21,10.452292442321777,63.405445953849174,137.5190342119136,0.0,315.0,315,5.0,1,,139.7835051546392,139.0,81.0,212.0,13559.0,37.44140611345383,0.24256168335127407,1.457598834973997
ID13732,13732,21,7.672704219818115,130.5856759447946,175.46209450142598,0.0,49.0,49,5.0,1,,116.30927835051547,114.0,44.0,184.0,11282.0,36.292607381055774,0.16196795954370222,0.8934312614097788
ID23972,23972,21,9.517513275146484,101.89878631909879,185.00853556774183,0.0,88.0,88,5.0,1,,130.37113402061857,121.0,68.0,203.0,12646.0,37.398562691752396,0.2052774149358425,1.1874372771884065
ID168359,168359,21,10.133000373840332,58.27347163344245,180.63631533682263,0.0,686.0,686,5.0,1,,137.68041237113403,134.0,88.0,206.0,13355.0,35.95470135918498,0.2320322746095619,1.4423570461807758
ID90535,90535,21,8.623818397521973,74.45211263306769,129.76703223787217,0.0,357.0,357,5.0,1,,124.81443298969072,116.0,60.0,196.0,12107.0,36.691089374927266,0.1917312405251119,1.0945831426446564
ID108967,108967,21,9.245609283447266,92.97092842932857,125.68573429321258,0.0,436.0,436,5.0,1,,131.97938144329896,127.0,70.0,197.0,12802.0,35.84689066637071,0.20382515473090884,1.2467488024669995
ID52647,52647,21,7.793909072875977,105.05398401424156,152.0348836173976,0.0,207.0,207,5.0,1,,118.63917525773196,108.0,61.0,186.0,11508.0,35.55810548917618,0.15884119037192224,0.9146579427815978
ID164266,164266,21,10.209186553955078,61.70484965468098,157.4117233749569,0.0,667.0,667,5.0,1,,129.7319587628866,120.0,58.0,215.0,12584.0,43.72606856515857,0.21609180315573343,1.054407464566386
ID176554,176554,21,10.555352210998535,60.11881587823269,187.98909794356607,0.0,719.0,719,5.0,1,,139.6701030927835,134.0,80.0,194.0,13548.0,36.71787758523444,0.24494776063877027,1.4968498040585205
ID127402,127402,21,9.55988883972168,57.04352934101481,116.07537860096593,0.0,513.0,513,5.0,1,,129.50515463917526,120.0,79.0,204.0,12562.0,35.01164202546901,0.22566471315828512,1.3620609517651425
ID33196,33196,21,9.970321655273438,88.1373410936596,169.73804764171166,0.0,126.0,126,5.0,1,,134.6701030927835,127.0,73.0,207.0,13063.0,37.20767216176786,0.2236181150413898,1.3229083960090164
ID98733,98733,21,9.767327308654785,80.97589700470662,123.12372571218557,0.0,394.0,394,5.0,1,,129.84536082474227,120.0,71.0,203.0,12595.0,38.154657919606606,0.21574322392054918,1.207825447996224
ID179630,179630,21,10.312603950500488,53.60039670149939,190.55298536772526,0.0,733.0,733,5.0,1,,136.51546391752578,135.0,70.0,200.0,13242.0,37.85831959481238,0.23982699711428956,1.3950426734590011
ID171437,171437,21,10.515430450439453,58.603096612738696,184.12225103701087,0.0,701.0,701,5.0,1,,141.01030927835052,136.0,72.0,205.0,13678.0,37.022092178567526,0.23965589162246553,1.4726748300779264
ID21937,21937,21,7.6624884605407715,104.23632087501518,180.91314511942483,0.0,80.0,80,5.0,1,,116.27835051546391,105.0,62.0,183.0,11279.0,34.99903042348735,0.15930994569663368,0.913095437399022
ID146867,146867,21,10.208539962768555,73.30505326000399,154.4363807732273,0.0,596.0,596,5.0,1,,138.22680412371133,132.0,83.0,208.0,13408.0,36.7456077745579,0.2325913567017325,1.4196826720415203
ID133553,133553,21,10.072336196899414,65.48642156681127,133.4968291682881,0.0,539.0,539,5.0,1,,135.84536082474227,132.0,74.0,203.0,13177.0,38.6122120703049,0.22786559608800463,1.3058041740423856
ID7604,7604,21,8.085349082946777,172.98247954876757,169.29609923834326,0.0,19.0,19,5.0,1,,118.4639175257732,111.0,66.0,199.0,11491.0,37.02872248214613,0.16438560233634222,0.9033255783741047
ID46516,46516,21,9.084156036376953,104.46284250460997,165.29735559982524,0.0,180.0,180,5.0,1,,131.03092783505156,127.0,73.0,196.0,12710.0,35.39404776001874,0.2027302486509237,1.2480267636900617
ID58809,58809,21,9.646888732910156,94.85835944259071,157.50150680704806,0.0,230.0,230,5.0,1,,133.8556701030928,130.0,80.0,209.0,12984.0,37.196547132182864,0.21445318907599684,1.2709131410198113
ID86459,86459,21,9.026606559753418,79.6311125895202,128.91557897046383,0.0,343.0,343,5.0,1,,129.71134020618555,124.0,69.0,191.0,12582.0,35.11586736638397,0.2055158103522798,1.2594382225528393
ID112058,112058,21,10.066038131713867,72.05950660182636,118.57497535651494,0.0,452.0,452,5.0,1,,136.28865979381445,130.0,76.0,209.0,13220.0,37.44856438138589,0.22874767938167254,1.3550288111881297
ID137662,137662,21,10.370098114013672,75.98283562496388,148.9918333707717,0.0,556.0,556,5.0,1,,136.79381443298968,128.0,72.0,202.0,13269.0,38.35034173694162,0.2344153453713486,1.3547274897980344
ID116156,116156,21,10.527896881103516,64.36456016838844,124.8929822461075,0.0,468.0,468,5.0,1,,134.340206185567,126.0,62.0,207.0,13031.0,39.53318400353107,0.24075771208397467,1.3187650734206824
ID74175,74175,21,9.27101993560791,70.32286801978003,142.0759797941716,0.0,294.0,294,5.0,1,,125.47422680412372,117.0,66.0,195.0,12171.0,38.68653210515287,0.2052701386706485,1.1047553205619427
ID20927,20927,21,7.759193420410156,102.65613105658493,177.5172539253305,0.0,77.0,77,5.0,1,,118.71134020618557,113.0,64.0,196.0,11515.0,35.14492577257971,0.1680317902431372,0.9718435679150039
ID160189,160189,21,9.35402774810791,44.920325391659055,156.94329158313673,0.0,651.0,651,5.0,1,,133.1340206185567,124.0,79.0,194.0,12914.0,34.347679708745545,0.2086095681229956,1.3380422745856229
ID42434,42434,21,9.332545280456543,107.03276860339537,169.4007229873945,0.0,163.0,163,5.0,1,,131.50515463917526,128.0,72.0,197.0,12756.0,35.87307593892093,0.20956689956772218,1.2702726566459823
ID78279,78279,21,9.345354080200195,64.49882209200591,144.30806832870786,0.0,311.0,311,5.0,1,,129.03092783505156,121.0,68.0,204.0,12516.0,39.30024745687769,0.20174162337269178,1.1023333290383508
ID62920,62920,21,8.18326187133789,88.4368883252824,162.55901883408558,0.0,248.0,248,5.0,1,,126.74226804123711,122.0,80.0,189.0,12294.0,33.06945920789159,0.18211771729601214,1.180907413340923
ID37322,37322,21,9.248416900634766,99.65627840429141,177.67037444651504,0.0,143.0,143,5.0,1,,133.4020618556701,135.0,72.0,199.0,12940.0,34.995136505488894,0.21073867585843803,1.3270236931701074
ID143816,143816,21,9.6153564453125,83.19635540413974,154.9676398005852,0.0,582.0,582,5.0,1,,132.90721649484536,126.0,75.0,201.0,12892.0,36.08441563260227,0.21816184648483147,1.319266970361136
ID126410,126410,21,10.534050941467285,64.03956895961102,115.9063046031862,0.0,509.0,509,5.0,1,,136.88659793814432,130.0,74.0,202.0,13278.0,37.43630042281259,0.24696983342099665,1.4483914869062526
ID154062,154062,21,10.315932273864746,46.74719460156628,136.5058021391434,0.0,624.0,624,5.0,1,,137.05154639175257,132.0,67.0,214.0,13294.0,39.16774053510655,0.23279616084240562,1.3215084890903919
ID140749,140749,21,9.128707885742188,74.27823374054921,145.1982916880362,0.0,572.0,572,5.0,1,,131.43298969072166,125.0,67.0,196.0,12749.0,34.391710246467476,0.20372546494768562,1.2935954484713372
ID82385,82385,21,8.38408088684082,64.63788728896024,133.75248224020203,0.0,327.0,327,5.0,1,,120.28865979381443,116.0,53.0,194.0,11668.0,38.86862454765802,0.1772901826724696,0.9320874798863971
ID68048,68048,21,9.833646774291992,74.33853778529281,149.56457947783886,0.0,269.0,269,5.0,1,,137.23711340206185,129.0,84.0,205.0,13312.0,35.128268885814585,0.225871560326554,1.439664859716628
ID87504,87504,21,9.149104118347168,78.91825976860824,132.43935360304448,0.0,346.0,346,5.0,1,,125.18556701030928,118.0,58.0,202.0,12143.0,39.52671298652217,0.1962451786451428,1.0391359060341576
ID6610,6610,21,8.127063751220703,181.24229759153073,170.36168605141623,0.0,22.0,22,5.0,1,,125.79381443298969,121.0,69.0,181.0,12202.0,32.07606134394006,0.18586285431845548,1.2293240654352302
ID148945,148945,21,9.718944549560547,66.09686113246569,146.53274842722325,0.0,605.0,605,5.0,1,,134.1237113402062,129.0,77.0,202.0,13010.0,36.69986879289635,0.22027600997869315,1.3194112239514437
ID163286,163286,21,10.54353141784668,58.185591700231164,153.68046498751735,0.0,665.0,665,5.0,1,,135.8659793814433,127.0,69.0,215.0,13179.0,39.232912646245175,0.2408045971963988,1.3441617970610966
ID51671,51671,21,7.556082725524902,105.67515782487204,144.0550221815536,0.0,202.0,202,5.0,1,,124.11340206185567,119.0,67.0,178.0,12039.0,31.624712214981688,0.16824118157594878,1.1303733035436043
ID89558,89558,21,9.46919059753418,73.89416202298482,128.22079762794556,0.0,358.0,358,5.0,1,,125.4639175257732,119.0,62.0,206.0,12170.0,39.726424312537794,0.2063117627010382,1.0802736668535853
ID73177,73177,21,10.348590850830078,69.59457188537782,145.30157120986865,0.0,290.0,290,5.0,1,,129.77319587628867,123.0,68.0,211.0,12588.0,41.59414651191899,0.23127053663226055,1.172059337787287
ID12764,12764,21,7.4112091064453125,154.08961521864222,166.1332528096565,0.0,41.0,41,5.0,1,,118.0721649484536,109.0,66.0,188.0,11453.0,32.443299071444244,0.1544800549293176,0.973954106265681
ID93660,93660,21,10.155292510986328,59.072091439658706,120.31917556974922,0.0,374.0,374,5.0,1,,134.81443298969072,125.0,80.0,207.0,13077.0,38.3564232715404,0.22406464151700586,1.2867591280970865
ID5601,5601,21,8.799517631530762,172.57102268794387,169.7978344542831,0.0,17.0,17,5.0,1,,126.84536082474227,121.0,73.0,199.0,12304.0,35.432841465165225,0.19395280850137825,1.1630744462605052
ID32226,32226,21,9.694560050964355,89.8944210746365,169.1467349289668,0.0,122.0,122,5.0,1,,131.97938144329896,126.0,71.0,201.0,12802.0,38.47996756469616,0.20950595642559816,1.1882005534401707
ID45538,45538,21,9.15230941772461,102.28424554518466,165.08506782670491,0.0,177.0,177,5.0,1,,130.3298969072165,122.0,81.0,200.0,12642.0,35.55767663525831,0.20009500004693326,1.222253477580908
ID28132,28132,21,9.012447357177734,108.10454031148218,169.5288058496709,0.0,104.0,104,5.0,1,,127.21649484536083,121.0,72.0,204.0,12340.0,37.62097896678453,0.1946880756249488,1.1021181436741618
ID120294,120294,21,10.865655899047852,58.655615768344695,122.13625328932112,0.0,483.0,483,5.0,1,,137.61855670103094,133.0,71.0,201.0,13349.0,39.05403396230052,0.25091286975901916,1.4136339665482487
ID102889,102889,21,7.19672155380249,89.66761798680626,141.02166569283827,0.0,413.0,413,5.0,1,,112.31958762886597,103.0,57.0,187.0,10895.0,34.65200402807191,0.1423418347984961,0.8077809698173531
ID108011,108011,21,8.65690803527832,90.62911521401328,125.78664253206225,0.0,437.0,437,5.0,1,,131.51546391752578,130.0,74.0,196.0,12757.0,33.41909178712505,0.19108725056677986,1.2627003751992598
ID171497,171497,21,10.099185943603516,59.732898977668135,181.2849048845458,0.0,699.0,699,5.0,1,,134.01030927835052,128.0,71.0,198.0,12999.0,37.1599848754681,0.23230485973671786,1.3596677937519852
ID182765,182765,21,7.922596454620361,48.61760381799386,199.08038472342233,0.0,746.0,746,5.0,1,,122.88659793814433,121.0,57.0,201.0,11920.0,35.74384454252804,0.22462529738150938,1.2612137380816342
ID85488,85488,21,8.39620590209961,82.24772001270148,127.96257590541506,0.0,342.0,342,5.0,1,,124.31958762886597,115.0,70.0,202.0,12059.0,35.19574618939309,0.18257459856172706,1.0906645252356955
ID97776,97776,21,8.815469741821289,80.8786978161423,127.96841686770944,0.0,392.0,392,5.0,1,,121.24742268041237,112.0,63.0,199.0,11761.0,39.06512482590104,0.1873253191319047,0.9793547795064719
ID111090,111090,21,10.501782417297363,76.39888193673531,122.4964298611636,0.0,448.0,448,5.0,1,,138.4742268041237,138.0,75.0,208.0,13432.0,39.86908074757124,0.2341548230428986,1.3179416565733768
ID115186,115186,21,7.99009370803833,69.91751550950033,129.05335646859143,0.0,464.0,464,5.0,1,,115.80412371134021,105.0,60.0,195.0,11233.0,38.08779309461064,0.1586572027443425,0.8326702309518114
ID136694,136694,21,8.95950698852539,72.95886522010025,153.98321333087782,0.0,554.0,554,5.0,1,,129.6701030927835,124.0,71.0,203.0,12578.0,35.344648831625534,0.19563861458745482,1.2006068773824683
ID175606,175606,21,10.794201850891113,60.16803483330055,193.84735708555897,0.0,715.0,715,5.0,1,,143.71134020618555,141.0,91.0,201.0,13940.0,35.098361417975106,0.2550873532291559,1.664367273193141
ID41461,41461,21,9.126384735107422,114.00788226347669,171.64330771969725,0.0,161.0,161,5.0,1,,130.340206185567,121.0,70.0,196.0,12643.0,35.4879341578286,0.20539251287321839,1.2516525813245614
ID125431,125431,21,10.502251625061035,58.89908062306797,109.69097108234217,0.0,506.0,506,5.0,1,,137.16494845360825,131.0,85.0,204.0,13305.0,37.42066062918181,0.2442485077350723,1.439085112671481
ID145909,145909,21,9.533238410949707,78.32798741811087,155.91055257170567,0.0,591.0,591,5.0,1,,134.08247422680412,127.0,82.0,200.0,13006.0,34.773574168915964,0.2173602663545739,1.3769358725365488
ID167413,167413,21,9.853352546691895,59.79282869699262,170.86418436972988,0.0,682.0,682,5.0,1,,136.96907216494844,133.0,72.0,199.0,13286.0,35.411407533521654,0.22482109170864464,1.4199521708695195
ID81400,81400,21,9.777350425720215,64.1472300517868,141.26903580954976,0.0,324.0,324,5.0,1,,134.01030927835052,127.0,71.0,202.0,12999.0,38.284977157431044,0.213443931024826,1.2314134978505216
ID132603,132603,21,9.573233604431152,61.03342846273253,134.6461412420642,0.0,536.0,536,5.0,1,,133.57731958762886,129.0,78.0,201.0,12957.0,35.90898072776804,0.2128844320098917,1.3058224286268763
ID18940,18940,21,8.64646053314209,123.30711049757903,185.48235597758838,0.0,66.0,66,5.0,1,,126.6082474226804,121.0,66.0,207.0,12281.0,36.53182308533403,0.18751983299065894,1.0945282692550462
ID178686,178686,21,9.739249229431152,59.44831868445754,189.76582381688368,0.0,728.0,728,5.0,1,,133.75257731958763,129.0,85.0,209.0,12974.0,36.541936789528506,0.2194964721908612,1.3176121447794935
ID19965,19965,21,7.219038009643555,105.77049845113943,192.08763403508738,0.0,72.0,72,5.0,1,,117.20618556701031,113.0,62.0,185.0,11369.0,32.25643932623179,0.15156026450920043,0.9564511334634689
ID57853,57853,21,9.26839828491211,96.52618708941668,160.6922788670639,0.0,227.0,227,5.0,1,,129.51546391752578,130.0,62.0,199.0,12563.0,37.549998169679796,0.20837811371312365,1.189572601050637
ID67073,67073,21,9.32387924194336,75.33751948902143,153.67610114627578,0.0,268.0,268,5.0,1,,130.49484536082474,124.0,83.0,206.0,12658.0,37.1458621830156,0.20535761238322509,1.197037624149886
ID50689,50689,21,8.50412654876709,96.87135150213768,153.906928574035,0.0,197.0,197,5.0,1,,125.23711340206185,117.0,70.0,194.0,12148.0,35.344958738799264,0.18382529938671807,1.1004067116727831
ID157184,157184,21,9.064531326293945,49.35780663232139,149.51251462688433,0.0,640.0,640,5.0,1,,128.95876288659792,123.0,76.0,194.0,12509.0,35.21124273751603,0.21130589067826414,1.2777834997630686
ID27141,27141,21,9.668828964233398,109.99918432520322,170.03605119272757,0.0,101.0,101,5.0,1,,128.3298969072165,120.0,59.0,204.0,12448.0,39.02796050309224,0.21082110679121144,1.14502795653131
ID151045,151045,21,7.424214839935303,68.16888119534202,145.84860690112524,0.0,613.0,613,5.0,1,,120.05154639175258,115.0,64.0,180.0,11645.0,31.77471844027516,0.16231069239730536,1.0552149626462821
ID11784,11784,21,7.30094575881958,160.96896186726667,160.92232664569974,0.0,38.0,38,5.0,1,,115.0721649484536,106.0,66.0,191.0,11162.0,33.8880655684639,0.1511009070344957,0.8914709099848903
ID72201,72201,21,10.164260864257812,67.7185233251704,136.88664158025628,0.0,285.0,285,5.0,1,,128.8659793814433,119.0,66.0,206.0,12500.0,39.51124019028726,0.2328132946585696,1.2318507163098789
ID44554,44554,21,8.898494720458984,103.69833498335554,165.98199592792562,0.0,173.0,173,5.0,1,,127.38144329896907,120.0,66.0,201.0,12356.0,35.95177420835476,0.19489294017502973,1.155800680355781
ID139784,139784,21,9.831661224365234,75.47037885664824,142.78546317244763,0.0,563.0,563,5.0,1,,135.02061855670104,126.0,80.0,209.0,13097.0,37.060474054083585,0.22245247231716656,1.325941526545613
ID92684,92684,21,9.87199878692627,63.50786506197814,120.66404175306059,0.0,368.0,368,5.0,1,,132.340206185567,128.0,50.0,199.0,12837.0,40.86687906023301,0.2184855615639951,1.1613220843385597
ID107024,107024,21,10.01524829864502,96.34394955359316,128.7745531150437,0.0,430.0,430,5.0,1,,133.81443298969072,124.0,77.0,207.0,12980.0,37.653942328157804,0.22733460713201423,1.3165127636366452
ID77330,77330,21,8.35165023803711,60.99008903588266,142.99737309700444,0.0,306.0,306,5.0,1,,123.0,116.0,71.0,187.0,11931.0,35.04699226277009,0.18099742046431638,1.0757411721565384
ID159249,159249,21,10.310847282409668,43.85457534838565,148.82139565805895,0.0,647.0,647,5.0,1,,136.90721649484536,133.0,75.0,197.0,13280.0,36.35303817949369,0.24250087234171427,1.470050407356129
ID36373,36373,21,9.572691917419434,101.52441940088828,182.28423513728336,0.0,138.0,138,5.0,1,,132.1340206185567,130.0,61.0,192.0,12817.0,38.31928063052903,0.2150271960880929,1.2204913090019032
ID4630,4630,21,8.327677726745605,170.1289045942423,168.97364251269377,0.0,16.0,16,5.0,1,,122.27835051546391,110.0,70.0,195.0,11861.0,34.88664449209075,0.17931607230274058,1.0658825884445462
ID40471,40471,21,9.036458015441895,103.93540344307772,174.62689867528624,0.0,155.0,155,5.0,1,,127.24742268041237,119.0,68.0,200.0,12343.0,37.682066614371045,0.19288249657146586,1.0920422219981283
ID61975,61975,21,8.961475372314453,87.68296562365137,170.67843982685503,0.0,243.0,243,5.0,1,,127.24742268041237,124.0,65.0,196.0,12343.0,36.24081232068661,0.20012400598842262,1.170992548741828
ID119323,119323,21,9.636204719543457,64.11899502218994,120.2404300807037,0.0,479.0,479,5.0,1,,130.2680412371134,123.0,68.0,203.0,12636.0,37.48319497452534,0.21880066229777595,1.2478064533235342
ID162335,162335,21,10.173192024230957,50.16047013555325,154.75938876809295,0.0,662.0,662,5.0,1,,141.22680412371133,138.0,85.0,198.0,13699.0,33.28992125836761,0.24161982407861776,1.6511186574238192
ID101919,101919,21,9.12386703491211,80.27663796890985,134.50315289374467,0.0,406.0,406,5.0,1,,130.03092783505156,124.0,71.0,194.0,12613.0,35.0955403174224,0.20922720239278092,1.282138566282776
ID88609,88609,21,7.304771423339844,78.29906276938254,130.15992571646456,0.0,352.0,352,5.0,1,,111.97938144329896,100.0,50.0,194.0,10862.0,37.349971938142986,0.14092055046860374,0.7406221699445226
ID17956,17956,21,9.471564292907715,127.28404064279296,183.99533285204666,0.0,64.0,64,5.0,1,,130.41237113402062,123.0,75.0,205.0,12650.0,36.98134455858555,0.2092659261449628,1.2205140799986613
ID181798,181798,21,9.350536346435547,52.53915729384876,190.8025866782264,0.0,742.0,742,5.0,1,,131.02061855670104,127.0,78.0,203.0,12709.0,35.86838771276738,0.20938237386436606,1.2648361516936968
ID56869,56869,21,9.011238098144531,97.29169210260744,155.94893270703392,0.0,223.0,223,5.0,1,,130.03092783505156,122.0,78.0,193.0,12613.0,34.93936819937963,0.20021062281792176,1.2416273201093129
ID142884,142884,21,10.18068790435791,72.76551181488979,148.02987690707175,0.0,577.0,577,5.0,1,,137.3298969072165,129.0,72.0,206.0,13321.0,37.603391261484134,0.22470292181979817,1.3401272611987405
ID31271,31271,21,8.650745391845703,92.46087114168195,163.77596283327378,0.0,117.0,117,5.0,1,,128.06185567010309,125.0,75.0,194.0,12422.0,34.57534479009504,0.19437036898845234,1.2055196819647722
ID96806,96806,21,8.637435913085938,75.83187567990102,115.16409143536828,0.0,386.0,386,5.0,1,,125.42268041237114,119.0,66.0,195.0,12166.0,35.47323963554146,0.18619166679551533,1.1099683410430512
ID49704,49704,21,9.611459732055664,100.62879877840253,161.50649109229423,0.0,194.0,194,5.0,1,,132.71134020618555,129.0,66.0,200.0,12873.0,37.9410064999178,0.21681379098236342,1.2464990816341899
ID170538,170538,21,8.002948760986328,50.71612488771648,179.01018154558489,0.0,694.0,694,5.0,1,,120.98969072164948,113.0,62.0,186.0,11736.0,34.46420088456548,0.17083477659758417,1.0244501248994826
ID153131,153131,21,10.452092170715332,50.24561432153669,137.18768916300903,0.0,625.0,625,5.0,1,,139.98969072164948,138.0,81.0,205.0,13579.0,36.19262552802275,0.24002941991752952,1.4974021312790686
ID124459,124459,21,10.075997352600098,57.75313035174644,113.45861316323531,0.0,504.0,504,5.0,1,,132.41237113402062,130.0,66.0,200.0,12844.0,38.640369805349415,0.23194577164105923,1.2903637459791542
ID135727,135727,21,9.137529373168945,71.32176604405747,141.45805859699334,0.0,546.0,546,5.0,1,,133.39175257731958,130.0,76.0,195.0,12939.0,34.813657730908005,0.20350780683982422,1.2958104597840063
ID131628,131628,21,10.428955078125,59.69854836270555,131.03116372390087,0.0,530.0,530,5.0,1,,139.35051546391753,138.0,72.0,203.0,13517.0,38.87400621374814,0.23140253986232304,1.347247392914623
ID174636,174636,21,10.455012321472168,55.56626668643065,189.601116313235,0.0,711.0,711,5.0,1,,137.08247422680412,136.0,72.0,202.0,13297.0,38.13781754568248,0.24499852305613315,1.4146556012874563
ID166451,166451,21,9.684138298034668,66.11543753750065,164.00858532326998,0.0,678.0,678,5.0,1,,130.36082474226805,122.0,70.0,194.0,12645.0,37.711123902363106,0.21771607537862508,1.236095646638381
ID3636,3636,21,8.191549301147461,166.72255047520733,162.15952130516396,0.0,1.0,1,5.0,1,,124.38144329896907,119.0,60.0,184.0,12065.0,34.46055816043208,0.17904969925922415,1.096237777436949
ID80437,80437,21,9.25125503540039,63.55697489079526,133.30253425942553,0.0,320.0,320,5.0,1,,127.17525773195877,123.0,53.0,195.0,12336.0,41.61555456128513,0.19088006596212692,0.9796467148842278
ID71223,71223,21,10.427933692932129,72.168733006908,142.74455420880548,0.0,282.0,282,5.0,1,,132.17525773195877,122.0,73.0,208.0,12821.0,40.76584822425874,0.23549887265242297,1.2360332605354287
ID84537,84537,21,9.21921157836914,80.35654831812752,129.11645976914235,0.0,338.0,338,5.0,1,,125.8659793814433,114.0,63.0,205.0,12209.0,39.381845665753616,0.1965108234099848,1.0498134514222148
ID110137,110137,21,8.054471969604492,78.1243257286562,121.17098405302819,0.0,441.0,441,5.0,1,,127.3298969072165,120.0,79.0,188.0,12351.0,31.429723739865448,0.17880922059162901,1.2290405314923851
ID35385,35385,21,9.502156257629395,97.7561441501255,177.66035532583462,0.0,134.0,134,5.0,1,,131.77319587628867,123.0,69.0,203.0,12782.0,37.266915945044104,0.20942073897833666,1.2245482358157105
ID16957,16957,21,8.804656982421875,121.2676241561516,181.65459955636703,0.0,58.0,58,5.0,1,,127.84536082474227,123.0,74.0,188.0,12401.0,33.55882279861536,0.20463474405207,1.294291916143744
ID114239,114239,21,7.359025955200195,70.14711421763734,128.91366001896526,0.0,463.0,463,5.0,1,,111.62886597938144,102.0,57.0,192.0,10828.0,37.613528037249246,0.1407305988306535,0.732264334698483
ID177724,177724,21,9.882047653198242,64.34243657939625,183.53437391916117,0.0,727.0,727,5.0,1,,138.5463917525773,137.0,80.0,203.0,13439.0,35.0139914351382,0.22969967265728025,1.4782398749260788
ID10817,10817,21,7.554228782653809,161.63908673521172,165.8803747147194,0.0,36.0,36,5.0,1,,117.88659793814433,115.0,61.0,183.0,11435.0,34.72297398957082,0.15692311409372667,0.9210006472901535
ID148032,148032,21,10.175281524658203,69.00410123235238,147.94178917758208,0.0,602.0,602,5.0,1,,137.62886597938143,133.0,69.0,198.0,13350.0,35.65906838485271,0.23554827584242038,1.4715998841698656
ID48707,48707,21,8.63668155670166,98.53314955702716,161.50578053856233,0.0,193.0,193,5.0,1,,127.94845360824742,124.0,72.0,197.0,12411.0,35.249518653339024,0.1925945540007777,1.1723654920313262
ID87625,87625,21,6.319885730743408,82.9714731260051,127.11013346448826,0.0,350.0,350,5.0,1,,110.11340206185567,100.0,52.0,181.0,10681.0,31.997029904045974,0.12308463110549278,0.7543134532779004
ID156235,156235,21,7.89194917678833,52.31833782989314,146.4915230930275,0.0,635.0,635,5.0,1,,120.08247422680412,116.0,54.0,179.0,11648.0,33.44045395148068,0.17917493443391436,1.091280699746073
ID106059,106059,21,8.284191131591797,95.7563402544822,134.81778434144368,0.0,426.0,426,5.0,1,,117.83505154639175,113.0,50.0,192.0,11430.0,37.33538324330418,0.17605120777676364,0.9449235104199732
ID61003,61003,21,9.160381317138672,93.15868735947126,173.6206813852492,0.0,240.0,240,5.0,1,,129.03092783505156,122.0,78.0,197.0,12516.0,36.219082679877765,0.20201314539723858,1.1974483301299306
ID91724,91724,21,10.143062591552734,63.06189364318788,123.48165965730641,0.0,366.0,366,5.0,1,,134.22680412371133,131.0,63.0,205.0,13020.0,40.92918303674021,0.22433899006840363,1.2018195097302677
ID118351,118351,21,9.978254318237305,61.704046339598236,123.73276591274926,0.0,478.0,478,5.0,1,,135.09278350515464,131.0,62.0,204.0,13104.0,37.892689068997534,0.2229748659405975,1.300005229589768
ID100942,100942,21,10.022462844848633,72.8099821027661,126.02599502946309,0.0,404.0,404,5.0,1,,129.8556701030928,121.0,62.0,212.0,12596.0,39.724307653585356,0.22225000104095144,1.1888205453444844
ID144973,144973,21,10.633914947509766,75.08543292702306,152.23513908376572,0.0,588.0,588,5.0,1,,139.57731958762886,134.0,78.0,208.0,13539.0,37.11014996251766,0.24289849750646286,1.4700811390692154
ID173648,173648,21,10.232510566711426,56.107746360803375,183.4174394594202,0.0,707.0,707,5.0,1,,138.72164948453607,133.0,82.0,200.0,13456.0,36.26601435574164,0.23436273110448894,1.4525134427073672
ID55891,55891,21,8.540644645690918,98.61842320781011,153.42858102088516,0.0,219.0,219,5.0,1,,126.79381443298969,123.0,61.0,195.0,12299.0,36.89764506496595,0.18106092718886155,1.0536147745141844
ID123478,123478,21,9.694743156433105,51.09984929740882,115.08974259831346,0.0,496.0,496,5.0,1,,130.90721649484536,125.0,68.0,206.0,12698.0,35.469494661559416,0.23332107766967944,1.3964211020148196
ID43609,43609,21,9.310171127319336,107.67499199201289,165.14388789915947,0.0,168.0,168,5.0,1,,129.56701030927834,124.0,69.0,194.0,12568.0,36.39909202636301,0.20905235695686541,1.230959724132014
ID95832,95832,21,9.087128639221191,74.70205106563095,114.57096586778769,0.0,385.0,385,5.0,1,,130.51546391752578,129.0,70.0,196.0,12660.0,36.80696078927131,0.2000362888529027,1.182160429473037
ID39515,39515,21,8.509759902954102,96.10845377622302,177.29915228840528,0.0,152.0,152,5.0,1,,126.62886597938144,121.0,71.0,192.0,12283.0,34.183121927967136,0.1871829378003148,1.1681526593591123
ID130653,130653,21,10.81143569946289,61.11289821997009,124.16512097965474,0.0,528.0,528,5.0,1,,133.95876288659792,125.0,75.0,206.0,12994.0,40.307391155803444,0.2500341459255968,1.3295169537115408
ID25182,25182,21,9.542227745056152,106.53338736945571,174.64595339470057,0.0,94.0,94,5.0,1,,132.83505154639175,127.0,73.0,205.0,12885.0,38.35081496645235,0.20728845365528342,1.1894115505123521
ID76382,76382,21,8.740331649780273,57.6620671430766,143.7613678178373,0.0,302.0,302,5.0,1,,124.19587628865979,121.0,58.0,197.0,12047.0,36.761233876887246,0.1939663317792694,1.0976941862645413
ID138845,138845,21,10.369709968566895,73.48344438602933,142.14374758645044,0.0,564.0,564,5.0,1,,139.60824742268042,133.0,69.0,209.0,13542.0,37.440663250065576,0.23264216500412663,1.407501766448918
ID165469,165469,21,10.811777114868164,64.98756366494656,158.96615989548562,0.0,674.0,674,5.0,1,,139.03092783505156,131.0,68.0,214.0,13486.0,38.84972479746141,0.24420172585858316,1.404789975707131
ID180833,180833,21,10.241815567016602,58.69274693055175,190.88967538913323,0.0,738.0,738,5.0,1,,136.7835051546392,132.0,77.0,209.0,13268.0,36.26098305000262,0.24129731065700907,1.466563315985308
ID122469,122469,21,9.494705200195312,48.60944330739426,118.36123730638815,0.0,495.0,495,5.0,1,,126.0721649484536,117.0,58.0,202.0,12229.0,38.870577836016814,0.21226845091933483,1.1358339807467361
ID30309,30309,21,8.56927490234375,95.09231387875447,168.46136988705615,0.0,112.0,112,5.0,1,,126.0721649484536,121.0,61.0,200.0,12229.0,36.19140304877908,0.18459921121225834,1.0856808770090078
ID9830,9830,21,8.372994422912598,165.95669825158402,172.36895927312796,0.0,32.0,32,5.0,1,,124.76288659793815,121.0,64.0,186.0,12102.0,34.23228653743065,0.18328857392926765,1.1290787209662005
ID34406,34406,21,8.195404052734375,98.38086211573733,172.2502091740479,0.0,131.0,131,5.0,1,,125.21649484536083,119.0,68.0,190.0,12146.0,34.647398532731295,0.1755353802373369,1.079319109272959
ID129638,129638,21,10.981588363647461,62.68715257598545,121.88724129950336,0.0,525.0,525,5.0,1,,136.5257731958763,128.0,68.0,213.0,13243.0,40.59405046296428,0.25356192172911335,1.3605687643036004
ID150117,150117,21,10.341879844665527,64.19280851206173,142.17240808520577,0.0,609.0,609,5.0,1,,137.05154639175257,127.0,70.0,204.0,13294.0,38.37109674340956,0.23277547246032299,1.348847822058646
ID161381,161381,21,7.833950519561768,51.53854530154877,156.39819948580424,0.0,657.0,657,5.0,1,,123.25773195876289,117.0,60.0,187.0,11956.0,35.27401024790167,0.16385202749185832,0.9838828335334299
ID15977,15977,21,9.324613571166992,124.67520127575861,178.37647839948082,0.0,56.0,56,5.0,1,,130.04123711340208,125.0,66.0,194.0,12614.0,36.82897340120875,0.20916021797098136,1.2215653642399753
ID65131,65131,21,7.221506595611572,89.07704455465365,160.27796635371269,0.0,257.0,257,5.0,1,,114.75257731958763,108.0,59.0,190.0,11131.0,34.56486382146708,0.14273543644458575,0.829361185165766
ID113258,113258,21,9.016674041748047,62.67376673249957,117.27237503782379,0.0,455.0,455,5.0,1,,131.48453608247422,126.0,65.0,193.0,12754.0,35.872782568538256,0.19690031059924293,1.2059464693826254
ID169577,169577,21,7.126978397369385,55.7604012819226,178.43026183249185,0.0,693.0,693,5.0,1,,115.15463917525773,107.0,66.0,179.0,11170.0,34.12518016014274,0.1427954082190672,0.8433002659199897
ID134766,134766,21,9.707496643066406,67.01847609608018,139.3818532244068,0.0,545.0,545,5.0,1,,135.08247422680412,128.0,78.0,214.0,13103.0,36.79806100617847,0.21241281994934014,1.2862763127344374
ID105068,105068,21,7.85353946685791,89.21977191226124,139.08504204443577,0.0,420.0,420,5.0,1,,115.91752577319588,106.0,50.0,183.0,11244.0,34.21277481411146,0.17527172429286159,1.0105652750751386
ID70262,70262,21,9.648082733154297,76.1205650679568,137.8165060281321,0.0,278.0,278,5.0,1,,129.09278350515464,121.0,72.0,201.0,12522.0,36.32953414986754,0.22467072725471302,1.303764902942716
ID75385,75385,21,8.09111213684082,63.50067173608931,141.201231996971,0.0,299.0,299,5.0,1,,113.79381443298969,111.0,43.0,187.0,11038.0,42.68243641132584,0.15206507867086913,0.7038043189524894
ID158331,158331,21,10.164003372192383,46.61722478923605,150.8958615423894,0.0,643.0,643,5.0,1,,135.1443298969072,132.0,70.0,208.0,13109.0,38.495126772402855,0.2291334991787903,1.3089154767107398
ID8826,8826,21,8.451163291931152,180.14305650790178,174.80063455034303,0.0,26.0,26,5.0,1,,125.05154639175258,116.0,75.0,197.0,12130.0,33.905619966195815,0.1870689656746369,1.1624470140807222
ID128637,128637,21,8.992488861083984,67.98583225589263,121.70569446132792,0.0,523.0,523,5.0,1,,121.78350515463917,112.0,71.0,205.0,11813.0,35.622800167204396,0.21060800674845,1.1894926057063662
ID172668,172668,21,10.429545402526855,57.2207603108853,182.09293693504736,0.0,705.0,705,5.0,1,,138.11340206185568,128.0,83.0,204.0,13397.0,36.96785661463769,0.23824200753795843,1.4376539247440163
ID99969,99969,21,10.138264656066895,75.0019085932573,121.74657719940714,0.0,401.0,401,5.0,1,,134.71134020618555,128.0,76.0,198.0,13067.0,35.312580018459954,0.24447574823178805,1.498835771528585
ID79491,79491,21,9.574613571166992,65.62786366501318,135.08568979379885,0.0,316.0,316,5.0,1,,130.10309278350516,125.0,65.0,197.0,12620.0,37.985053128413355,0.2136180739443108,1.2057599030518489
ID60037,60037,21,9.535811424255371,92.48828612773438,167.17759164151573,0.0,237.0,237,5.0,1,,132.46391752577318,127.0,78.0,201.0,12849.0,37.068928435098584,0.21113317716126875,1.2458970013218755
ID38538,38538,21,8.598621368408203,102.29071933726593,176.9314216896809,0.0,146.0,146,5.0,1,,129.29896907216494,123.0,81.0,192.0,12542.0,32.332956918487724,0.1951249301104277,1.3058072903647209
ID2699,2699,21,8.67423152923584,163.7801792723008,171.39422491322276,0.0,6.0,6,5.0,1,,123.90721649484536,118.0,64.0,194.0,12019.0,37.45861118015979,0.1831562445247069,1.024128742812582
ID152201,152201,21,9.400813102722168,53.70077037636115,141.4984694516827,0.0,617.0,617,5.0,1,,130.08247422680412,127.0,72.0,200.0,12618.0,38.915418458683355,0.2002561919714803,1.1154216711959875
ID69261,69261,21,6.761953353881836,79.33700008203712,139.5718885195351,0.0,274.0,274,5.0,1,,123.76288659793815,120.0,78.0,179.0,12005.0,26.001111032301853,0.16080250348934563,1.3187515702050232
ID155278,155278,21,8.369810104370117,46.652938762565746,145.27667418082456,0.0,631.0,631,5.0,1,,117.89690721649484,108.0,57.0,198.0,11436.0,38.70144391580739,0.17090010389627253,0.8892578790543756
ID54925,54925,21,9.128707885742188,102.5811941699815,147.18733002062277,0.0,214.0,214,5.0,1,,128.01030927835052,122.0,62.0,195.0,12417.0,38.18717467001652,0.19577917930402922,1.0976728720696118
ID121487,121487,21,10.125858306884766,48.32592967647651,115.76268465336105,0.0,494.0,494,5.0,1,,134.4020618556701,130.0,80.0,199.0,13037.0,34.82954319306816,0.25027880563655264,1.544917714691408
ID90766,90766,21,9.11872673034668,74.73112559710641,125.88424113196163,0.0,360.0,360,5.0,1,,126.15463917525773,119.0,63.0,203.0,12237.0,37.89166030886215,0.19988562816971595,1.1092547675212094
ID29330,29330,21,8.94609260559082,95.20805487957008,163.94338482288745,0.0,111.0,111,5.0,1,,127.88659793814433,116.0,74.0,198.0,12405.0,36.56412070158957,0.18882556747009022,1.1110729077788943
ID33426,33426,21,7.688018798828125,88.76801137813582,164.5690049447102,0.0,125.0,125,5.0,1,,122.27835051546391,119.0,60.0,187.0,11861.0,33.62995386929425,0.16734344780681593,1.0424695019799708
ID47762,47762,21,8.672401428222656,106.11447816277847,172.78607799609944,0.0,186.0,186,5.0,1,,123.29896907216495,114.0,69.0,199.0,11960.0,35.438963064581664,0.19383105842407958,1.1297671144991452
ID24211,24211,21,9.140292167663574,102.75076029869382,184.22950000132377,0.0,89.0,89,5.0,1,,129.6701030927835,126.0,67.0,194.0,12578.0,37.482696466026304,0.19500134180032377,1.1290371508486416
ID109202,109202,21,8.542191505432129,77.07819561263736,123.12057799427485,0.0,442.0,442,5.0,1,,125.54639175257732,118.0,75.0,190.0,12178.0,34.54617098251649,0.18581011728740232,1.1389076733041121
ID117397,117397,21,8.684284210205078,66.36852361969562,124.64830670303856,0.0,472.0,472,5.0,1,,125.72164948453609,116.0,77.0,200.0,12195.0,36.66933956205819,0.18577359040949476,1.0742841770824023
ID64149,64149,21,10.052490234375,88.75346235917512,163.2165873355015,0.0,252.0,252,5.0,1,,133.5979381443299,131.0,72.0,214.0,12959.0,40.053261361647785,0.21338972507367043,1.173181099157636
ID83604,83604,21,9.478028297424316,74.10424748934406,137.67761837057245,0.0,334.0,334,5.0,1,,132.62886597938143,125.0,72.0,201.0,12865.0,35.99430498577428,0.21077824481718244,1.2829077672236842
ID23190,23190,21,8.977014541625977,102.23353480722203,185.12225747435983,0.0,87.0,87,5.0,1,,129.0721649484536,120.0,71.0,190.0,12520.0,35.68299297946443,0.1968216113875256,1.1897197633564693
ID104086,104086,21,8.092869758605957,91.06657637827905,140.02506637575544,0.0,419.0,419,5.0,1,,117.5360824742268,108.0,58.0,200.0,11401.0,36.43317565982677,0.16986789983635842,0.9368685760005534
ID94872,94872,21,7.297719478607178,69.54796986514417,115.86404180206797,0.0,380.0,380,5.0,1,,114.15463917525773,106.0,48.0,187.0,11073.0,37.065072340801734,0.1390506107559371,0.7519493508454494
ID176793,176793,21,10.719670295715332,59.30873053183531,189.815112570775,0.0,721.0,721,5.0,1,,143.58762886597938,143.0,89.0,203.0,13928.0,36.162754947056015,0.24799111993767903,1.5780114344115679
ID164510,164510,21,10.290050506591797,65.38544677657917,159.76788673189498,0.0,668.0,668,5.0,1,,134.62886597938143,125.0,68.0,209.0,13059.0,37.275807499533364,0.24285921270937968,1.4114768836840286
ID179870,179870,21,11.137934684753418,52.81035943780102,189.70865821455658,0.0,734.0,734,5.0,1,,140.2164948453608,136.0,78.0,207.0,13601.0,38.72774274882598,0.2624261368939666,1.5052478899272597
ID15006,15006,21,8.48535442352295,131.40062505301694,179.73737573096074,0.0,52.0,52,5.0,1,,126.21649484536083,119.0,75.0,200.0,12243.0,33.5429534341553,0.19219005138468312,1.2131939086861185
ID46751,46751,21,8.495555877685547,100.90161402315299,166.64314813044487,0.0,182.0,182,5.0,1,,126.31958762886597,118.0,73.0,191.0,12253.0,33.524104012309984,0.18900194455422525,1.1979183650344714
ID52895,52895,21,7.718493938446045,109.63450843317462,149.7552019098637,0.0,205.0,205,5.0,1,,120.35051546391753,113.0,63.0,193.0,11674.0,33.988981436732246,0.16375220135541563,0.996475055993666
ID53919,53919,21,9.314851760864258,105.21233279150013,151.94904306457212,0.0,210.0,210,5.0,1,,131.23711340206185,119.0,80.0,201.0,12730.0,35.99067390654727,0.2045968764741274,1.2386652470000437
ID147107,147107,21,9.181103706359863,76.53598344821386,157.05170683924683,0.0,593.0,593,5.0,1,,124.54639175257732,116.0,58.0,207.0,12081.0,40.48302643767219,0.1913118379905268,0.9881083296665325
ID86691,86691,21,8.962078094482422,83.33679982111946,129.10844104457001,0.0,344.0,344,5.0,1,,127.17525773195877,120.0,68.0,197.0,12336.0,35.58206778856402,0.20002068971149653,1.1914823848240739
ID127653,127653,21,7.398947715759277,64.38138252604243,112.71951231234856,0.0,517.0,517,5.0,1,,118.25773195876289,115.0,65.0,179.0,11471.0,32.500409725146625,0.16694392498708924,1.04109734166022
ID160422,160422,21,10.044048309326172,45.91290496706837,156.01338684942465,0.0,653.0,653,5.0,1,,137.5257731958763,127.0,81.0,199.0,13340.0,36.74492390779563,0.21935929679948546,1.3466076892861836
ID13991,13991,21,7.35811710357666,131.88953691121776,170.42890158783564,0.0,48.0,48,5.0,1,,112.03092783505154,103.0,56.0,174.0,10867.0,34.58367076389021,0.1575341812400636,0.8817344639440349
ID26280,26280,21,8.831287384033203,105.88287850482041,171.01787135041232,0.0,99.0,99,5.0,1,,128.30927835051546,123.0,63.0,199.0,12446.0,34.78336552408537,0.19619280005924425,1.210036132577221
ID140971,140971,21,7.754560470581055,80.20386891453954,147.42513175042623,0.0,570.0,570,5.0,1,,127.47422680412372,126.0,67.0,188.0,12365.0,29.700972481099402,0.18125369050434684,1.3171201453783299
ID98987,98987,21,9.793660163879395,77.35113900163438,126.3676955124408,0.0,395.0,395,5.0,1,,126.5360824742268,115.0,73.0,212.0,12274.0,39.34279419825771,0.2211253295101922,1.164816281716352
ID116395,116395,21,9.071959495544434,66.3326704916274,124.88906465992258,0.0,470.0,470,5.0,1,,129.3298969072165,122.0,81.0,195.0,12545.0,34.093536059360694,0.2083448343281694,1.3081234385891591
ID22187,22187,21,8.458602905273438,105.32398167932871,182.1952201131454,0.0,81.0,81,5.0,1,,119.8659793814433,109.0,56.0,196.0,11627.0,37.97302465401683,0.17812864970851483,0.9545348764450993
ID168617,168617,21,9.912521362304688,54.545477927650595,185.5594674359865,0.0,687.0,687,5.0,1,,137.20618556701032,139.0,77.0,199.0,13309.0,36.961956270470935,0.22654145908011766,1.3712422885960809
ID7852,7852,21,7.873669147491455,177.79825609135074,173.16395294351696,0.0,27.0,27,5.0,1,,124.0721649484536,120.0,69.0,187.0,12035.0,31.648870247964755,0.1742258485649192,1.1633411656309505
ID59052,59052,21,9.803641319274902,96.59121405704741,157.4569328401294,0.0,233.0,233,5.0,1,,133.37113402061857,133.0,60.0,204.0,12937.0,39.86260768450723,0.21317547766967535,1.1758170562141932
ID144046,144046,21,9.075385093688965,84.3565803421357,152.24211222381294,0.0,583.0,583,5.0,1,,129.2680412371134,122.0,66.0,191.0,12539.0,35.576653002096975,0.20237164530656895,1.2231142117631186
ID137903,137903,21,9.100768089294434,73.36054643831297,145.93474429086268,0.0,557.0,557,5.0,1,,134.02061855670104,129.0,80.0,198.0,13000.0,33.22335379087129,0.2075040624158989,1.3864242491219145
ID42670,42670,21,9.106903076171875,110.1582302942978,168.228470203132,0.0,165.0,165,5.0,1,,129.01030927835052,117.0,74.0,196.0,12514.0,36.82885385054791,0.1985615483100873,1.1606493125927202
ID112302,112302,21,8.098825454711914,66.47638227297213,117.93548821121415,0.0,454.0,454,5.0,1,,126.78350515463917,120.0,75.0,190.0,12298.0,31.705752239710556,0.1846244781335931,1.2464167221999842
ID78513,78513,21,9.042153358459473,66.77953803556655,140.8179297861322,0.0,312.0,312,5.0,1,,127.4639175257732,118.0,74.0,201.0,12364.0,37.20692751795639,0.19280455141299313,1.1074941573533434
ID133811,133811,21,10.346030235290527,64.18864502637028,133.5183818337617,0.0,541.0,541,5.0,1,,138.5463917525773,129.0,72.0,207.0,13439.0,39.463860212688246,0.23192323439484386,1.3218624446900868
ID74423,74423,21,9.13870906829834,67.3073538526359,142.34510974777726,0.0,295.0,295,5.0,1,,124.04123711340206,117.0,57.0,197.0,12032.0,39.4342589861524,0.2004340744739267,1.0504022439694627
ID149181,149181,21,9.703113555908203,66.69889130361261,148.81601278380015,0.0,604.0,604,5.0,1,,134.0,130.0,78.0,196.0,12998.0,35.44596827097077,0.22207854080174227,1.3739642309954485
ID68289,68289,21,9.635672569274902,73.6057016611672,142.6394287213068,0.0,270.0,270,5.0,1,,133.42268041237114,129.0,62.0,199.0,12942.0,36.53646439162593,0.22002519928327666,1.317154622129078
ID93889,93889,21,7.74132776260376,58.405423042141855,119.42140760126722,0.0,377.0,377,5.0,1,,119.9278350515464,117.0,70.0,185.0,11633.0,33.76704736829248,0.16765452355809754,1.019900517382389
ID126657,126657,21,10.39154052734375,58.27193192892708,111.98777435363371,0.0,511.0,511,5.0,1,,134.09278350515464,126.0,75.0,205.0,13007.0,37.42550447061102,0.24965486287543406,1.4315867986253383
ID21186,21186,21,7.74841833114624,99.84233067216365,182.79152634215922,0.0,75.0,75,5.0,1,,121.1340206185567,114.0,68.0,187.0,11750.0,33.880497360200756,0.16216673051387034,0.9977912086176403
ID63170,63170,21,9.22315788269043,87.69970264606545,161.93687371032178,0.0,249.0,249,5.0,1,,130.8556701030928,129.0,70.0,197.0,12693.0,36.52082445067062,0.20283059397849937,1.2084006911094662
ID120515,120515,21,11.158869743347168,52.37808202368589,116.9669708683454,0.0,487.0,487,5.0,1,,138.51546391752578,134.0,78.0,208.0,13436.0,40.53473649282743,0.260682379705833,1.4132106334052534
ID154304,154304,21,9.831721305847168,50.35499641646796,137.37502801999446,0.0,627.0,627,5.0,1,,133.43298969072166,128.0,76.0,204.0,12943.0,39.72245041548054,0.21232722787658792,1.1766383833601661
ID6851,6851,21,8.147948265075684,171.6226600486705,168.2779530919127,0.0,18.0,18,5.0,1,,123.79381443298969,122.0,62.0,183.0,12008.0,34.93891638283696,0.17692381679283226,1.0652645079056093
ID82626,82626,21,9.176091194152832,65.50674403703522,131.28844658622975,0.0,329.0,329,5.0,1,,121.96907216494846,110.0,36.0,208.0,11831.0,44.186973384001845,0.18873674123418058,0.8765086908808676
ID37574,37574,21,9.260457038879395,103.93628878227003,180.78944152956984,0.0,144.0,144,5.0,1,,129.58762886597938,124.0,72.0,192.0,12570.0,36.10567608231184,0.2057491379925907,1.2248957329215633
ID73416,73416,21,9.667560577392578,69.03311005166424,137.68487333327099,0.0,286.0,286,5.0,1,,127.83505154639175,122.0,76.0,200.0,12400.0,37.30775176721854,0.2257135764966324,1.2619715199369759
ID163531,163531,21,10.878583908081055,61.97000533185289,157.13998980134738,0.0,666.0,666,5.0,1,,134.16494845360825,130.0,63.0,212.0,13014.0,43.013244184294365,0.23717712010232977,1.1959355503665137
ID142030,142030,21,9.965310096740723,74.34627757380811,143.81428812726477,0.0,574.0,574,5.0,1,,137.17525773195877,131.0,89.0,210.0,13306.0,34.65184287706257,0.2289970272882566,1.4752256543487599
ID89807,89807,21,9.33627986907959,67.50301541854604,127.49190448975837,0.0,363.0,363,5.0,1,,127.0,125.0,57.0,207.0,12319.0,40.386156869237595,0.20319570135746606,1.062134298317786
ID51919,51919,21,9.070441246032715,109.00877144306688,145.00532309827545,0.0,203.0,203,5.0,1,,128.2577319587629,120.0,70.0,193.0,12441.0,35.48951674747167,0.20275832414060296,1.218467044601537
ID175827,175827,21,10.791977882385254,59.083608414430635,186.0225355744362,0.0,720.0,720,5.0,1,,141.69072164948454,134.0,82.0,203.0,13744.0,36.877149887820735,0.24888729305108706,1.5314172573214049
ID13010,13010,21,8.006171226501465,140.59643444527055,168.325407213294,0.0,45.0,45,5.0,1,,115.0721649484536,108.0,61.0,192.0,11162.0,37.91252195918707,0.16424645277245553,0.8563842672208634
ID108248,108248,21,9.135099411010742,97.7783226772583,125.40615437300815,0.0,434.0,434,5.0,1,,129.7319587628866,123.0,69.0,200.0,12584.0,36.671263574697676,0.2000160831827907,1.1793126257547415
ID28378,28378,21,8.918054580688477,102.619656434762,167.22543277089596,0.0,107.0,107,5.0,1,,129.42268041237114,124.0,63.0,197.0,12554.0,35.68404027349692,0.19539942377324424,1.1857048638432488
ID81627,81627,21,6.9170708656311035,63.65621612295819,134.9408306000605,0.0,328.0,328,5.0,1,,112.57731958762886,104.0,57.0,173.0,10920.0,34.61148504336698,0.13516111277254073,0.7745597404335768
ID167640,167640,21,9.781988143920898,56.667118398449915,175.07662196233593,0.0,684.0,684,5.0,1,,137.27835051546393,131.0,71.0,202.0,13316.0,35.896477969073686,0.2171516400326808,1.3645788435919073
ID171736,171736,21,10.992355346679688,59.091808126463704,182.4213830632422,0.0,698.0,698,5.0,1,,142.0,138.0,82.0,205.0,13774.0,37.248042454156796,0.2569899753926442,1.558831793839441
ID136927,136927,21,9.642955780029297,71.70232464414516,151.19932973326948,0.0,553.0,553,5.0,1,,133.90721649484536,127.0,67.0,197.0,12989.0,35.99597271287987,0.21550077290168632,1.3190876584792868
ID98015,98015,21,10.563016891479492,79.88619961716655,129.41181923605976,0.0,397.0,397,5.0,1,,131.72164948453607,125.0,64.0,203.0,12777.0,41.2567525453009,0.23748631233534145,1.225435044228097
ID103139,103139,21,7.393442153930664,89.99478073138208,141.29820849999095,0.0,417.0,417,5.0,1,,108.82474226804123,98.0,53.0,188.0,10556.0,35.84108742923358,0.15397602559380238,0.8102756434449513
ID146144,146144,21,10.431243896484375,76.95700696024603,158.44223978038187,0.0,592.0,592,5.0,1,,136.63917525773195,131.0,70.0,204.0,13254.0,39.657960940766756,0.23217856514118856,1.2984442883128386
ID45795,45795,21,9.366382598876953,103.71224226993986,164.63342942375897,0.0,178.0,178,5.0,1,,130.3298969072165,127.0,65.0,200.0,12642.0,37.642153246472596,0.20702076892863536,1.1876781406772396
ID115426,115426,21,8.808456420898438,67.54029870595004,127.08008397348573,0.0,465.0,465,5.0,1,,123.08247422680412,113.0,55.0,202.0,11939.0,39.13775620141118,0.1874238875921676,0.9927718412509464
ID67301,67301,21,7.55495023727417,76.05201356896488,148.91658293921625,0.0,265.0,265,5.0,1,,118.81443298969072,108.0,63.0,179.0,11525.0,33.401075923572186,0.16006749251413369,0.9816544132210394
ID5863,5863,21,7.769524574279785,171.24170765808302,172.51528508692843,0.0,14.0,14,5.0,1,,124.91752577319588,123.0,81.0,194.0,12117.0,30.80978946938401,0.17635748073368837,1.215679816418445
ID58087,58087,21,8.569995880126953,96.27330214026924,158.65674985667067,0.0,228.0,228,5.0,1,,125.43298969072166,119.0,73.0,198.0,12167.0,35.67909846128835,0.18704815713456222,1.1079317113066816
ID157413,157413,21,9.08272933959961,48.86977169161365,148.73174215658025,0.0,639.0,639,5.0,1,,128.63917525773195,124.0,69.0,192.0,12478.0,34.79079906114136,0.2086778491191184,1.2767463583098104
ID41704,41704,21,9.012334823608398,110.94108643543679,173.64094132518323,0.0,160.0,160,5.0,1,,128.46391752577318,123.0,71.0,191.0,12461.0,35.74885250363234,0.20073700713906,1.201513349038494
ID111336,111336,21,10.168745040893555,72.67551746665447,124.29302967311916,0.0,450.0,450,5.0,1,,137.36082474226805,131.0,75.0,208.0,13324.0,38.233162298098165,0.22546219103112344,1.3219848300562302
ID140011,140011,21,7.660488605499268,76.3680945388004,139.54928682804908,0.0,566.0,566,5.0,1,,121.77319587628865,114.0,77.0,189.0,11812.0,32.98405711938697,0.16812549388901418,1.062726956107357
ID178926,178926,21,9.229809761047363,60.620855646282216,186.15683760044885,0.0,730.0,730,5.0,1,,130.16494845360825,125.0,70.0,195.0,12626.0,36.11863565978646,0.20664412968747767,1.2343450434094556
ID85740,85740,21,8.71194839477539,80.9114960150697,134.11499019456681,0.0,345.0,345,5.0,1,,124.77319587628865,117.0,53.0,200.0,12103.0,35.90917511428403,0.18795274710987153,1.0995003637514342
ID20206,20206,21,9.158979415893555,103.33587762492714,186.03990134390224,0.0,73.0,73,5.0,1,,128.98969072164948,119.0,76.0,203.0,12512.0,36.71128767302618,0.1983601428147427,1.1631947554972166
ID132844,132844,21,9.72221851348877,62.26569298211366,136.8116124085778,0.0,535.0,535,5.0,1,,134.36082474226805,131.0,77.0,205.0,13033.0,36.08184722700203,0.22076426471531385,1.3468240432204572
ID50927,50927,21,9.226916313171387,103.28814045640435,146.5518420369656,0.0,200.0,200,5.0,1,,131.46391752577318,122.0,86.0,198.0,12752.0,35.84923925729053,0.20616675595912445,1.253625750424595
ID151277,151277,21,8.808812141418457,63.83607814660814,144.1276185890382,0.0,614.0,614,5.0,1,,124.77319587628865,120.0,57.0,197.0,12103.0,38.553130318928915,0.1867301227705848,1.0184836578741492
ID27381,27381,21,9.473740577697754,111.2841010221167,170.8662360365293,0.0,102.0,102,5.0,1,,130.95876288659792,123.0,77.0,197.0,12703.0,36.1446508046065,0.21474361032909076,1.2810207164260792
ID77559,77559,21,8.577940940856934,61.87931910510274,143.56893823104545,0.0,307.0,307,5.0,1,,123.38144329896907,115.0,72.0,200.0,11968.0,36.52551713613177,0.18529205253471892,1.0561239422276578
ID125686,125686,21,11.148090362548828,61.491570618462276,111.89532556730488,0.0,507.0,507,5.0,1,,140.4020618556701,135.0,80.0,210.0,13619.0,39.91101033179275,0.26094663619576686,1.456014683578681
ID36600,36600,21,9.603483200073242,100.40037847386444,182.38023968586174,0.0,140.0,140,5.0,1,,133.4020618556701,128.0,72.0,204.0,12940.0,37.05925991846663,0.21421327545963387,1.2701271532941842
ID159481,159481,21,9.86670207977295,44.53559136609878,152.15737806713727,0.0,650.0,650,5.0,1,,137.01030927835052,134.0,70.0,201.0,13290.0,36.710436426330915,0.22213039701601056,1.3567009887692407
ID32509,32509,21,8.819961547851562,88.43020614812919,166.56588158177308,0.0,120.0,120,5.0,1,,125.9381443298969,119.0,77.0,202.0,12216.0,37.48272225111128,0.1911267119848764,1.0782502935468399
ID62205,62205,21,9.572047233581543,83.31156516563607,169.18587216858933,0.0,245.0,245,5.0,1,,133.05154639175257,129.0,78.0,201.0,12906.0,36.17157353445884,0.21438296862371412,1.2987247978396177
ID19198,19198,21,8.35527515411377,111.81718815918768,187.74933310700615,0.0,70.0,70,5.0,1,,121.82474226804123,111.0,67.0,200.0,11817.0,36.01533536485949,0.17877110567437102,1.025996497473603
ID72447,72447,21,9.253973960876465,73.34545609485984,140.49618359297654,0.0,291.0,291,5.0,1,,130.1958762886598,124.0,75.0,203.0,12629.0,36.580572933610576,0.20506990912410247,1.2113410036215417
ID92926,92926,21,9.761693954467773,59.09904345021321,119.92517245412772,0.0,373.0,373,5.0,1,,131.09278350515464,126.0,71.0,207.0,12716.0,37.8233510530165,0.21451723669716008,1.224354800046442
ID107266,107266,21,9.062793731689453,93.42318799959992,128.28626914657082,0.0,431.0,431,5.0,1,,129.5463917525773,120.0,62.0,200.0,12566.0,36.70320734695082,0.19841814077806888,1.1687572046696835
ID153348,153348,21,9.695252418518066,49.39059167258295,137.4733572836469,0.0,622.0,622,5.0,1,,134.36082474226805,131.0,70.0,199.0,13033.0,37.3123598732741,0.21836857243067714,1.2908072207659047
ID162565,162565,21,10.575468063354492,47.323531030812475,156.4917000179815,0.0,660.0,660,5.0,1,,140.340206185567,134.0,80.0,206.0,13613.0,38.1518038558735,0.24038871327338696,1.4257825538292705
ID44808,44808,21,9.134547233581543,103.40198143255957,167.314720745111,0.0,174.0,174,5.0,1,,131.75257731958763,128.0,84.0,195.0,12780.0,34.28405573533024,0.20795995756495045,1.3231957726444328
ID12042,12042,21,9.333327293395996,148.94115735274977,166.43244772552882,0.0,42.0,42,5.0,1,,125.64948453608247,121.0,67.0,191.0,12188.0,38.372907444878294,0.20990314874910498,1.1361465323611106
ID88844,88844,21,8.38542366027832,75.13156926913916,127.38496184886961,0.0,359.0,359,5.0,1,,121.17525773195877,113.0,68.0,203.0,11754.0,36.27039952141828,0.18007185162153147,1.0195980294999083
ID40718,40718,21,9.872180938720703,106.98105690329818,174.71654449768863,0.0,156.0,156,5.0,1,,132.03092783505156,125.0,72.0,210.0,12807.0,39.30660822523131,0.2139465298139261,1.1839838801391482
ID174866,174866,21,10.490726470947266,57.579114368145596,188.97521541624525,0.0,712.0,712,5.0,1,,139.02061855670104,132.0,74.0,206.0,13485.0,38.23719267650372,0.23548219198453418,1.3859411594899964
ID49939,49939,21,9.378417015075684,94.92830920019298,154.8812421156291,0.0,196.0,196,5.0,1,,132.2577319587629,125.0,75.0,195.0,12829.0,36.126882404968256,0.2065365885498458,1.2533636174550549
ID97044,97044,21,9.781933784484863,83.01078151958455,120.1511728257488,0.0,389.0,389,5.0,1,,135.41237113402062,130.0,76.0,205.0,13135.0,36.23297087866462,0.21703646376329577,1.3329489225148952
ID135959,135959,21,9.78569507598877,73.39692859912877,143.08609164646887,0.0,547.0,547,5.0,1,,133.60824742268042,125.0,76.0,207.0,12960.0,38.022897898566484,0.21651844936348083,1.2508183907199486
ID4888,4888,21,8.280515670776367,170.18927426731108,174.0986335620319,0.0,13.0,13,5.0,1,,124.79381443298969,116.0,72.0,190.0,12105.0,33.30507285695188,0.18238332167948773,1.155951181339352
ID102171,102171,21,7.357572078704834,89.67506831435665,139.03950477533544,0.0,414.0,414,5.0,1,,108.48453608247422,98.0,47.0,178.0,10523.0,36.38083097653152,0.1491221136097857,0.7739289377881977
ID119579,119579,21,9.89003849029541,61.93766801871838,121.39914919511486,0.0,481.0,481,5.0,1,,131.4536082474227,125.0,79.0,201.0,12751.0,36.87903102785192,0.23015637455953905,1.333784579023779
ID143128,143128,21,8.966033935546875,83.11940959791949,153.0493292817941,0.0,581.0,581,5.0,1,,130.39175257731958,122.0,82.0,203.0,12648.0,33.54336642723086,0.20085896497306915,1.300387205090048
ID182040,182040,21,9.839241981506348,54.0557653690387,190.75446956687895,0.0,741.0,741,5.0,1,,132.5979381443299,123.0,78.0,210.0,12862.0,34.99126670620066,0.23793263695306938,1.4566798310178273
ID170782,170782,21,9.695317268371582,57.23226216958062,178.88020367163958,0.0,697.0,697,5.0,1,,133.659793814433,124.0,82.0,202.0,12965.0,35.69427083987539,0.21763283111145065,1.3385676657703767
ID57118,57118,21,8.553462982177734,97.33769229127944,154.9066237806761,0.0,224.0,224,5.0,1,,123.81443298969072,114.0,66.0,194.0,12010.0,36.46268923414134,0.18465224110713976,1.0585619407112252
ID124703,124703,21,9.750481605529785,56.994175320858965,115.81933029057586,0.0,502.0,502,5.0,1,,132.61855670103094,127.0,65.0,193.0,12864.0,35.4540322398152,0.23229709940046392,1.410252954523091
ID166684,166684,21,10.672722816467285,61.81883919002691,163.5070826423455,0.0,679.0,679,5.0,1,,143.27835051546393,141.0,81.0,202.0,13898.0,35.700356635719,0.25347163036851855,1.6231283500750409
ID110368,110368,21,9.899679183959961,74.73007292955693,122.08413040588644,0.0,447.0,447,5.0,1,,134.71134020618555,129.0,75.0,197.0,13067.0,37.006463051204136,0.2213829807455377,1.3196201557272238
ID66339,66339,21,6.466831684112549,83.50731057681978,154.75931608582457,0.0,262.0,262,5.0,1,,110.68041237113403,104.0,55.0,175.0,10736.0,33.23983127456442,0.12520734078779233,0.7410357984366823
ID17190,17190,21,7.985078811645508,125.4483928209538,178.20812087633743,0.0,61.0,61,5.0,1,,122.79381443298969,112.0,67.0,187.0,11911.0,33.57638621621163,0.17391312342396043,1.0835998382169174
ID18217,18217,21,9.314697265625,123.99087999791152,185.63202950672965,0.0,65.0,65,5.0,1,,130.28865979381445,123.0,76.0,200.0,12638.0,36.01792342098774,0.20975444583287273,1.2543879976229775
ID35625,35625,21,8.620645523071289,96.92912168658854,180.86362391578285,0.0,136.0,136,5.0,1,,125.14432989690722,114.0,66.0,194.0,12139.0,35.28986802502055,0.1897013415376019,1.130898399556095
ID84776,84776,21,9.188077926635742,80.82131809261786,133.5011367179241,0.0,337.0,337,5.0,1,,127.64948453608247,121.0,60.0,202.0,12382.0,36.9047313015535,0.20988221027506748,1.2000505809321724
ID148267,148267,21,11.050820350646973,71.14407978577871,150.817914226558,0.0,599.0,599,5.0,1,,140.46391752577318,134.0,75.0,216.0,13625.0,39.68234857792309,0.25021998256573963,1.4168796346621544
ID131880,131880,21,10.564005851745605,60.6828947635384,129.92988402288023,0.0,531.0,531,5.0,1,,138.72164948453607,134.0,75.0,208.0,13456.0,39.04024159655682,0.23536763855762188,1.3539800734914154
ID31531,31531,21,7.769010066986084,92.14602372029832,164.1788388038362,0.0,118.0,118,5.0,1,,119.87628865979381,112.0,62.0,188.0,11628.0,35.00037432298605,0.16048746890757426,0.9473081373386225
ID26412,26412,21,9.421159744262695,105.7251662618723,173.8436922847366,0.0,98.0,98,5.0,1,,130.30927835051546,127.0,77.0,206.0,12640.0,36.30351246342605,0.21041713676132165,1.2479659386367894
ID114478,114478,21,10.552654266357422,63.4871550547732,126.53643531424494,0.0,460.0,460,5.0,1,,140.38144329896906,133.0,78.0,210.0,13617.0,39.09721945009034,0.24046576322161956,1.3920739168638316
ID177965,177965,21,11.197199821472168,63.61117061946175,189.02824646131336,0.0,725.0,725,5.0,1,,144.37113402061857,142.0,71.0,207.0,14004.0,38.55010797315966,0.2579426847662142,1.5358440748690907
ID80689,80689,21,9.348244667053223,63.64610557596033,140.6124922719086,0.0,321.0,321,5.0,1,,131.5257731958763,132.0,62.0,195.0,12758.0,38.59217666388302,0.2057110706873445,1.1629364987287267
ID71476,71476,21,9.535202026367188,69.55686566133839,138.52355339489816,0.0,283.0,283,5.0,1,,126.95876288659794,123.0,64.0,198.0,12315.0,40.11361923902664,0.2127739555762313,1.11055337240831
ID91959,91959,21,10.069008827209473,60.830291322695366,120.08893819516254,0.0,371.0,371,5.0,1,,132.77319587628867,125.0,61.0,200.0,12879.0,39.19542520994403,0.2211917188547326,1.227128484621152
ID145204,145204,21,10.256093978881836,74.63166330888026,152.22473482771468,0.0,586.0,586,5.0,1,,136.8659793814433,131.0,70.0,208.0,13276.0,38.03469602053591,0.2294707975598345,1.3432435466520753
ID11065,11065,21,8.945826530456543,165.26498968630247,174.19644235772557,0.0,33.0,33,5.0,1,,127.17525773195877,118.0,73.0,201.0,12336.0,36.67367650113589,0.19079685160188847,1.111249807192135
ID118586,118586,21,9.85558795928955,60.61415607243612,123.50048623264684,0.0,477.0,477,5.0,1,,131.41237113402062,131.0,59.0,206.0,12747.0,40.67829903065627,0.2187915746946863,1.1598574417991672
ID43838,43838,21,9.679973602294922,109.06705312033512,162.890347163201,0.0,170.0,170,5.0,1,,132.1340206185567,122.0,69.0,199.0,12817.0,36.66589834402767,0.21686429008432426,1.2844825658933359
ID106303,106303,21,8.835487365722656,93.5752458466708,130.1307977119306,0.0,428.0,428,5.0,1,,128.69072164948454,125.0,58.0,194.0,12483.0,36.90453924901556,0.18983133311709377,1.1127047461766681
ID156476,156476,21,8.876190185546875,52.589768678658515,145.85091579572068,0.0,636.0,636,5.0,1,,122.28865979381443,116.0,61.0,196.0,11862.0,38.56459914948083,0.18954470676785412,1.010551035773818
ID39743,39743,21,7.632291316986084,97.01667051585929,170.72401416887837,0.0,153.0,153,5.0,1,,116.4020618556701,108.0,58.0,190.0,11291.0,35.71346028746679,0.1558530380128569,0.8789646137099631
ID61249,61249,21,9.170475006103516,89.49767294756867,173.37370693167037,0.0,241.0,241,5.0,1,,133.44329896907217,132.0,72.0,204.0,12944.0,34.65994598481224,0.2075948807466846,1.3237142998825082
ID173888,173888,21,9.985200881958008,54.39724676594132,180.3858474165934,0.0,709.0,709,5.0,1,,137.03092783505156,130.0,78.0,201.0,13292.0,36.68856929397068,0.22650830398693295,1.3795309645832388
ID48966,48966,21,9.67597770690918,108.51951555254014,175.45230619683073,0.0,189.0,189,5.0,1,,130.18556701030928,130.0,66.0,201.0,12628.0,40.96882196075735,0.20954374382706512,1.101013078788566
ID130887,130887,21,9.69861888885498,64.57578017018082,121.28548439297124,0.0,527.0,527,5.0,1,,133.96907216494844,134.0,61.0,197.0,12995.0,35.168183303072226,0.2272526010304924,1.4107807083874562
ID158539,158539,21,10.084294319152832,44.553980963474004,149.7215558320879,0.0,645.0,645,5.0,1,,136.55670103092783,137.0,66.0,194.0,13246.0,37.23292927418915,0.23424025756161326,1.392123086857009
ID181067,181067,21,9.00606918334961,60.656515239862415,186.63166967555188,0.0,739.0,739,5.0,1,,127.35051546391753,125.0,65.0,190.0,12353.0,34.966067252502526,0.2159529633262404,1.2936783395018217
ID56138,56138,21,9.49551773071289,101.73421178440242,154.0930703568256,0.0,221.0,221,5.0,1,,131.61855670103094,125.0,73.0,199.0,12767.0,38.12600908472486,0.2038055323836508,1.1689216617460292
ID139086,139086,21,9.645232200622559,77.15474270327863,147.05274016004714,0.0,560.0,560,5.0,1,,133.4020618556701,126.0,73.0,199.0,12940.0,36.50104444676162,0.22155646015909838,1.3257392647051394
ID76622,76622,21,9.107291221618652,57.96277650595513,142.49403709075784,0.0,303.0,303,5.0,1,,126.8659793814433,119.0,67.0,202.0,12306.0,38.35324542601191,0.19371660664617663,1.0735905245206308
ID101201,101201,21,8.544231414794922,82.91155166847021,135.30636335339452,0.0,407.0,407,5.0,1,,120.14432989690722,116.0,51.0,201.0,11654.0,38.76182338190548,0.17782784168174498,0.9359378659171006
ID123729,123729,21,9.35096263885498,55.40630604562605,117.65287209935119,0.0,500.0,500,5.0,1,,122.72164948453609,115.0,70.0,205.0,11904.0,37.761240674147075,0.23161902592645858,1.2223702353168984
ID30547,30547,21,8.73047924041748,95.7159501737765,164.04926302984072,0.0,113.0,113,5.0,1,,126.21649484536083,117.0,67.0,195.0,12243.0,36.20837460799058,0.18625314357856737,1.0946198420178566
ID34643,34643,21,9.445405960083008,99.42263711242924,172.805820982158,0.0,132.0,132,5.0,1,,133.1237113402062,122.0,83.0,197.0,12913.0,35.74774402321272,0.2116303325267898,1.3009019065632255
ID150353,150353,21,10.308842658996582,63.36177211084493,141.66156079621632,0.0,610.0,610,5.0,1,,137.62886597938143,135.0,77.0,205.0,13350.0,38.8571957052436,0.23243135993209876,1.3359803024058252
ID87893,87893,21,8.8076810836792,79.00574285560998,127.11636705944115,0.0,355.0,355,5.0,1,,120.18556701030928,107.0,59.0,201.0,11658.0,39.700789742592875,0.18220955384259996,0.9331680187981358
ID161622,161622,21,7.971935749053955,51.25555894085029,155.37636514030092,0.0,658.0,658,5.0,1,,121.05154639175258,113.0,68.0,199.0,11742.0,36.200647765273885,0.16312642879451789,0.9379536986890864
ID96087,96087,21,9.905051231384277,82.62108610727903,121.04862087187107,0.0,388.0,388,5.0,1,,133.30927835051546,129.0,60.0,197.0,12931.0,39.47318731977609,0.2160504960688552,1.2000292618711559
ID134997,134997,21,8.529884338378906,65.91208349772535,140.39556575668243,0.0,544.0,544,5.0,1,,130.8659793814433,125.0,65.0,190.0,12694.0,33.47624433397367,0.18797640733369392,1.237130618087287
ID16216,16216,21,8.40829086303711,121.99588875074055,176.98129131301644,0.0,60.0,60,5.0,1,,123.38144329896907,112.0,68.0,203.0,11968.0,36.24093084798626,0.171600961703539,0.9972877760900033
ID165722,165722,21,10.458877563476562,68.19701608362246,164.14996792856408,0.0,677.0,677,5.0,1,,138.29896907216494,132.0,77.0,204.0,13415.0,36.88839162156731,0.23908222539335863,1.4467929407729874
ID25433,25433,21,9.894060134887695,103.04139853634115,176.9914329093796,0.0,93.0,93,5.0,1,,133.76288659793815,126.0,78.0,205.0,12975.0,36.76240527469274,0.2212781186704565,1.318516605745239
ID3932,3932,21,8.553586959838867,166.09205769331066,169.0997732243108,0.0,4.0,4,5.0,1,,123.70103092783505,115.0,67.0,191.0,11999.0,35.48801586112487,0.1863921725532818,1.0952694996446668
ID169822,169822,21,9.83469009399414,55.40598773513919,178.98661910259366,0.0,695.0,695,5.0,1,,135.84536082474227,132.0,84.0,200.0,13177.0,36.15773897285153,0.22353272156166007,1.3727740453608117
ID122716,122716,21,8.727164268493652,52.13369871275804,114.28867261794973,0.0,497.0,497,5.0,1,,123.30927835051547,114.0,71.0,202.0,11961.0,36.85284951238006,0.18607281649132687,1.049847593262596
ID129892,129892,21,8.780884742736816,67.88874589742684,122.34380158473617,0.0,522.0,522,5.0,1,,114.50515463917526,107.0,59.0,195.0,11107.0,39.85576174138759,0.19270682763750835,0.9283832921318409
ID65382,65382,21,8.245746612548828,88.63491199458612,161.7655829079873,0.0,256.0,256,5.0,1,,121.08247422680412,112.0,64.0,199.0,11745.0,37.13283309706428,0.16981354361528894,0.9466923694537976
ID152427,152427,21,9.755045890808105,45.115518403247805,137.354418899185,0.0,620.0,620,5.0,1,,132.20618556701032,127.0,71.0,202.0,12824.0,37.36278734258022,0.22102525659837075,1.2810313520258745
ID70509,70509,21,9.864109992980957,73.12154617679293,138.61153438400623,0.0,280.0,280,5.0,1,,130.20618556701032,119.0,73.0,205.0,12630.0,38.133793560832714,0.22524929210002634,1.2554244292113408
ID105325,105325,21,8.761454582214355,85.74096527395795,144.6444778792033,0.0,423.0,423,5.0,1,,122.5360824742268,118.0,66.0,193.0,11886.0,35.079392649528494,0.2038516322650354,1.1829956537730644
ID113516,113516,21,8.689295768737793,57.59627021769311,121.75666507570281,0.0,458.0,458,5.0,1,,125.78350515463917,122.0,61.0,194.0,12201.0,37.80796510109887,0.18471890050749318,1.0374481556258588
ID60270,60270,21,9.458003997802734,96.34708982772621,159.64480658206122,0.0,235.0,235,5.0,1,,133.18556701030928,127.0,75.0,207.0,12919.0,35.522390209353404,0.2161463355177863,1.3327448729999603
ID79727,79727,21,9.548957824707031,67.03124547086372,136.14037840260647,0.0,317.0,317,5.0,1,,131.76288659793815,122.0,72.0,207.0,12781.0,37.279846319167625,0.20777014727652926,1.2160399410503366
ID128879,128879,21,8.003401756286621,67.20784894055491,112.7168716745766,0.0,520.0,520,5.0,1,,116.51546391752578,108.0,70.0,199.0,11302.0,35.22845482290732,0.1742872567368353,0.9817733878416955
ID9071,9071,21,9.041980743408203,174.2598927610587,171.44973063117797,0.0,29.0,29,5.0,1,,128.81443298969072,123.0,61.0,198.0,12495.0,36.3674333186378,0.19918394212392057,1.176658373305077
ID142189,142189,21,8.925145149230957,76.84744324040022,145.43888832498595,0.0,575.0,575,5.0,1,,123.96907216494846,116.0,59.0,195.0,12025.0,39.221713163822336,0.1870971924545455,0.9963175488269285
ID155501,155501,21,7.236421585083008,47.873489244039014,144.07544478809572,0.0,632.0,632,5.0,1,,112.34020618556701,105.0,63.0,179.0,10897.0,32.82525913769829,0.15836534767766353,0.9357754565882977
ID100212,100212,21,9.283610343933105,73.93567699814938,125.23458769680632,0.0,402.0,402,5.0,1,,126.9278350515464,118.0,60.0,197.0,12312.0,36.31208689457514,0.21309010374598025,1.2280212449779595
ID75639,75639,21,8.858979225158691,61.914325038465414,142.12572375396195,0.0,300.0,300,5.0,1,,125.4020618556701,118.0,59.0,201.0,12164.0,37.27254904579421,0.18888160515967628,1.0690465966644844
ID121719,121719,21,10.090667724609375,48.83590980380134,111.37153774886998,0.0,490.0,490,5.0,1,,132.70103092783506,122.0,77.0,202.0,12872.0,37.59354026637356,0.23069305005634047,1.3233533750217534
ID183156,183156,21,7.94938850402832,48.0,203.0,0.0,747.0,747,5.0,1,,99.23711340206185,94.0,18.0,180.0,9626.0,44.13845951375537,0.317343363745595,1.0832217706382203
ID2938,2938,21,8.527618408203125,165.40731283034148,170.86700178096,0.0,7.0,7,5.0,1,,125.88659793814433,118.0,70.0,195.0,12211.0,35.26148639352022,0.18648991217384245,1.1222772818106599
ID147326,147326,21,9.855851173400879,75.88941242200794,152.46089941641114,0.0,595.0,595,5.0,1,,134.4742268041237,131.0,71.0,199.0,13044.0,38.38812011968056,0.21920317402300996,1.2596298976948042
ID172926,172926,21,10.460707664489746,54.79174018486505,181.24345117332095,0.0,708.0,708,5.0,1,,139.17525773195877,136.0,71.0,203.0,13500.0,37.443015122226726,0.23787359456184132,1.428535880274983
ID83841,83841,21,8.955205917358398,77.73099833833292,135.3198922707151,0.0,335.0,335,5.0,1,,123.57731958762886,120.0,50.0,190.0,11987.0,38.87716635216466,0.19433421822059774,1.034421565729217
ID109440,109440,21,8.097392082214355,83.15923543442479,124.54309565488444,0.0,440.0,440,5.0,1,,129.53608247422682,123.0,85.0,193.0,12565.0,30.908150845040765,0.18159544614402123,1.2882017245261361
ID117635,117635,21,10.465886116027832,61.84089031982745,121.30630532049825,0.0,475.0,475,5.0,1,,137.5463917525773,132.0,70.0,205.0,13342.0,38.60268250031247,0.23677789745516073,1.3643040153291324
ID91010,91010,21,8.929634094238281,69.28568909405685,128.08197310173696,0.0,362.0,362,5.0,1,,126.52577319587628,119.0,67.0,192.0,12273.0,35.296686808486115,0.2004235031859454,1.196986392012676
ID38788,38788,21,8.59139633178711,104.44163262158,181.12143289648287,0.0,151.0,151,5.0,1,,127.41237113402062,120.0,74.0,193.0,12359.0,34.196963978704666,0.1918605310168867,1.1995386524601739
ID48004,48004,21,8.884233474731445,105.36420628219888,173.44262501997423,0.0,187.0,187,5.0,1,,126.16494845360825,119.0,67.0,203.0,12238.0,37.32031406518973,0.19197233715195433,1.088919803290958
ID95109,95109,21,7.848531246185303,76.73470737519709,117.57574576140478,0.0,382.0,382,5.0,1,,122.38144329896907,117.0,66.0,186.0,11871.0,33.854912032503094,0.17087960387563847,1.0551200222727022
ID24453,24453,21,8.846440315246582,100.98660500554216,177.31942941952954,0.0,91.0,91,5.0,1,,126.6082474226804,123.0,69.0,203.0,12281.0,37.179059042308715,0.18600479546484802,1.0681476631624471
ID55173,55173,21,8.908519744873047,100.40278027008395,150.4369191550284,0.0,216.0,216,5.0,1,,129.30927835051546,127.0,69.0,197.0,12543.0,35.79087430964487,0.19629785557622423,1.1856693875377506
ID180103,180103,21,9.458487510681152,53.58875826144068,185.06757681198707,0.0,732.0,732,5.0,1,,129.17525773195877,125.0,69.0,205.0,12530.0,36.69724396704244,0.2110893055920968,1.2270604131563663
ID164750,164750,21,11.109760284423828,64.08120897576435,160.4749828871609,0.0,670.0,670,5.0,1,,139.41237113402062,139.0,54.0,204.0,13523.0,41.49767879485341,0.2580709549069316,1.37829283190332
ID29582,29582,21,8.903203010559082,95.06661494541787,165.6772836411963,0.0,115.0,115,5.0,1,,129.70103092783506,123.0,72.0,197.0,12581.0,35.32443823227932,0.19433583579931443,1.194880816981607
ID69519,69519,21,9.81254768371582,76.30320138238007,143.41749329727983,0.0,276.0,276,5.0,1,,133.79381443298968,131.0,66.0,207.0,12978.0,38.53243713211255,0.21550870034272956,1.2312501283443185
ID177036,177036,21,10.421269416809082,60.47040736073293,192.15461452450435,0.0,722.0,722,5.0,1,,138.2680412371134,131.0,88.0,201.0,13412.0,35.890317712417676,0.24660435869125857,1.524216331536271
ID33680,33680,21,8.759105682373047,90.27037139765696,171.02841513389194,0.0,128.0,128,5.0,1,,127.69072164948453,117.0,78.0,199.0,12386.0,34.34062245381501,0.19048358527126918,1.189913301527526
ID86931,86931,21,6.507035732269287,86.70756900271779,127.30809643182872,0.0,349.0,349,5.0,1,,109.03092783505154,101.0,52.0,177.0,10576.0,35.16522122076235,0.1172335936982647,0.6506904637414425
ID23443,23443,21,9.461955070495605,100.02073704295333,182.20640805606777,0.0,85.0,85,5.0,1,,130.5463917525773,126.0,70.0,207.0,12663.0,36.63815765318899,0.207148163489545,1.2228741101900014
ID54163,54163,21,8.517912864685059,104.13042369307719,146.69858048824432,0.0,212.0,212,5.0,1,,125.71134020618557,116.0,72.0,196.0,12194.0,35.49265145857854,0.1836095035238546,1.0988862026220396
ID64403,64403,21,9.205724716186523,88.84588533760007,166.39718647319094,0.0,253.0,253,5.0,1,,129.69072164948454,121.0,62.0,200.0,12580.0,37.3896601194608,0.19982206089076324,1.1553510836427114
ID127892,127892,21,8.285054206848145,60.305007348600235,113.6067334212922,0.0,514.0,514,5.0,1,,123.58762886597938,117.0,78.0,189.0,11988.0,31.273575299723756,0.20337867625439035,1.3357665578622695
ID168852,168852,21,10.09614086151123,56.30157033421414,186.261793167791,0.0,688.0,688,5.0,1,,136.09278350515464,130.0,77.0,199.0,13201.0,37.36951812479959,0.22672367087696854,1.3461631992234475
ID160661,160661,21,9.111302375793457,46.10640370276307,156.24885370455416,0.0,654.0,654,5.0,1,,133.29896907216494,126.0,77.0,198.0,12930.0,34.50186134726816,0.20032422096906047,1.2895825670122618
ID42904,42904,21,8.744060516357422,110.9551928310306,164.12872348432288,0.0,167.0,167,5.0,1,,126.23711340206185,117.0,69.0,186.0,12245.0,35.466173201809575,0.19061133632395671,1.1396760793153473
ID22425,22425,21,7.464765548706055,104.80866023481903,181.39622669509043,0.0,82.0,82,5.0,1,,111.01030927835052,103.0,47.0,193.0,10768.0,38.413456530383776,0.1419375223944796,0.7183974749068801
ID104344,104344,21,8.604669570922852,86.88987895718967,141.50460863593477,0.0,422.0,422,5.0,1,,123.97938144329896,113.0,73.0,198.0,12026.0,35.56507515030351,0.1918854831862229,1.1224404779704502
ID59295,59295,21,9.755460739135742,94.0065248363212,160.09116274818348,0.0,232.0,232,5.0,1,,131.84536082474227,124.0,71.0,210.0,12789.0,38.4998214839437,0.20972388084855864,1.1874019683151567
ID144285,144285,21,10.1699800491333,79.27519698547547,152.67372130481164,0.0,584.0,584,5.0,1,,137.0,131.0,89.0,209.0,13289.0,35.77504949915048,0.2364371106246843,1.464582806218169
ID149405,149405,21,10.414310455322266,64.94716008602114,142.55725362883976,0.0,606.0,606,5.0,1,,136.7422680412371,134.0,78.0,214.0,13264.0,39.16000254046305,0.23479867209066518,1.3279739197502345
ID74657,74657,21,8.323551177978516,66.49044951296251,140.49962105744854,0.0,296.0,296,5.0,1,,121.03092783505154,111.0,69.0,194.0,11740.0,37.64871998937663,0.18039660443515365,0.9825995256320599
ID99232,99232,21,10.114129066467285,79.97176064950627,124.07501611308697,0.0,399.0,399,5.0,1,,133.55670103092783,123.0,79.0,205.0,12955.0,37.55578325198534,0.2265673714016212,1.3137865555732153
ID138147,138147,21,10.075672149658203,75.04132096852582,145.05518265263663,0.0,558.0,558,5.0,1,,136.4536082474227,131.0,76.0,197.0,13236.0,36.281888450758245,0.23083094017008013,1.4106548025245245
ID8099,8099,21,8.550087928771973,177.47199654517004,171.25172003746064,0.0,21.0,21,5.0,1,,129.8659793814433,124.0,76.0,194.0,12597.0,31.94449250457065,0.19659056351117515,1.335815540803833
ID14243,14243,21,8.080127716064453,127.97746008648062,174.6883240724442,0.0,50.0,50,5.0,1,,117.6701030927835,110.0,67.0,191.0,11414.0,35.082854801611106,0.17761087530506628,1.0117400695916323
ID112546,112546,21,10.606314659118652,73.1211945465357,122.26564396986467,0.0,451.0,451,5.0,1,,140.04123711340208,133.0,80.0,210.0,13584.0,38.86164495300744,0.23518248187565263,1.3722669385386086
ID47012,47012,21,9.656429290771484,101.04477071539772,169.49648216350926,0.0,183.0,183,5.0,1,,131.4742268041237,127.0,72.0,200.0,12753.0,38.331637494238244,0.21192964589625882,1.199575402892781
ID53156,53156,21,9.673693656921387,105.66425164824356,149.0974830289936,0.0,209.0,209,5.0,1,,132.91752577319588,128.0,71.0,205.0,12893.0,37.463223661983044,0.21167248425324145,1.2396133939755885
ID134059,134059,21,9.817240715026855,66.41335295625791,132.236795698933,0.0,540.0,540,5.0,1,,136.340206185567,129.0,85.0,200.0,13225.0,35.6825957219629,0.22269669770468822,1.3918503417807577
ID141225,141225,21,8.875807762145996,73.24493135336654,146.58931548869782,0.0,571.0,571,5.0,1,,129.4020618556701,123.0,76.0,196.0,12552.0,34.962378528514535,0.19983050823276297,1.2328553206936201
ID154541,154541,21,8.153331756591797,50.90524966277635,138.90376270952973,0.0,628.0,628,5.0,1,,128.28865979381445,125.0,70.0,192.0,12444.0,31.757531509236326,0.18034701577651716,1.2344422577960867
ID126897,126897,21,9.875802040100098,56.372050014083996,111.04255213860657,0.0,512.0,512,5.0,1,,131.2680412371134,127.0,75.0,197.0,12733.0,36.38380920361347,0.23929746932211765,1.393295959962519
ID94133,94133,21,8.824995040893555,62.733578932914575,120.31869802344845,0.0,376.0,376,5.0,1,,124.78350515463917,120.0,59.0,200.0,12104.0,37.05098593046134,0.19180298175595067,1.0840224938938472
ID21429,21429,21,7.344870567321777,102.95850097932815,178.38155594723736,0.0,78.0,78,5.0,1,,115.94845360824742,108.0,62.0,184.0,11247.0,34.468696889962295,0.14833994900239214,0.8690759732068117
ID78772,78772,21,8.48206901550293,64.1890925368462,141.60883975576002,0.0,313.0,313,5.0,1,,128.43298969072166,118.0,67.0,190.0,12458.0,33.68014598657459,0.19211777984156012,1.2290824473975492
ID116660,116660,21,10.360058784484863,63.904775560620465,126.53722576107324,0.0,469.0,469,5.0,1,,134.97938144329896,128.0,61.0,208.0,13093.0,40.60428430326126,0.23480334653382767,1.264247355570708
ID68534,68534,21,9.763664245605469,76.64092742155964,139.16086793363618,0.0,271.0,271,5.0,1,,129.57731958762886,124.0,66.0,196.0,12569.0,38.680807862649615,0.21754754582350555,1.1971035272156154
ID82870,82870,21,9.442851066589355,71.15466986286671,132.28439507429255,0.0,331.0,331,5.0,1,,125.03092783505154,118.0,60.0,203.0,12128.0,39.705544745100205,0.20430984031048277,1.068433115630853
ID63418,63418,21,9.49632740020752,87.93210227714178,164.1336948825613,0.0,250.0,250,5.0,1,,131.28865979381445,120.0,74.0,199.0,12735.0,37.16263770096884,0.20581721004130468,1.2060099420476462
ID52156,52156,21,8.516448974609375,111.99103030670474,147.17352666873512,0.0,204.0,204,5.0,1,,122.16494845360825,113.0,66.0,193.0,11850.0,37.16452172782171,0.17837909239801147,0.9951922493948941
ID13245,13245,21,8.264134407043457,133.53191576092584,167.35705550272945,0.0,47.0,47,5.0,1,,116.30927835051547,114.0,57.0,190.0,11282.0,39.14964900458406,0.16975149353799637,0.8622565055587774
ID171964,171964,21,9.459050178527832,64.03130692064892,181.6993657606535,0.0,703.0,703,5.0,1,,130.5463917525773,120.0,63.0,196.0,12663.0,36.79108265445036,0.2134493023089506,1.2483184906206397
ID37825,37825,21,8.996562957763672,103.64246082454846,175.93459832856905,0.0,147.0,147,5.0,1,,126.64948453608247,121.0,63.0,203.0,12285.0,38.491352177337994,0.18915408603540895,1.0467617608035162
ID73666,73666,21,9.86240005493164,70.50488785361716,141.50921571502803,0.0,293.0,293,5.0,1,,130.659793814433,125.0,68.0,198.0,12674.0,39.402010999318016,0.22432544416343148,1.215164958686831
ID137158,137158,21,9.28587532043457,72.3708550081813,141.42792609149978,0.0,551.0,551,5.0,1,,130.69072164948454,131.0,65.0,192.0,12677.0,37.51065427113739,0.20468614896867532,1.183953513105952
ID7109,7109,21,8.728690147399902,184.11836935703096,173.45404161913729,0.0,25.0,25,5.0,1,,125.89690721649484,120.0,68.0,194.0,12212.0,36.86447152975863,0.18636255218947484,1.0729469864358654
ID120772,120772,21,11.261527061462402,58.89790944486044,120.64274274202414,0.0,485.0,485,5.0,1,,139.8659793814433,129.0,70.0,212.0,13567.0,39.87653572434008,0.2618548901373013,1.4557135956749283
ID90057,90057,21,9.611645698547363,77.79092968759538,128.6251039577734,0.0,356.0,356,5.0,1,,128.17525773195877,119.0,66.0,207.0,12433.0,39.82147931426748,0.21022363961962723,1.118234081473329
ID151498,151498,21,8.663187026977539,56.380416988613796,138.61305295512327,0.0,616.0,616,5.0,1,,127.79381443298969,124.0,75.0,186.0,12396.0,34.358083153850025,0.19877132477711093,1.233469141416965
ID32713,32713,21,8.884243965148926,90.8225612832128,167.98389979668687,0.0,124.0,124,5.0,1,,126.15463917525773,123.0,70.0,203.0,12237.0,36.38318642306543,0.19266880481676554,1.120273422818141
ID103370,103370,21,8.737110137939453,90.25555309773173,141.9489179257228,0.0,412.0,412,5.0,1,,124.34020618556701,114.0,70.0,200.0,12061.0,36.69351855741981,0.18858150605230628,1.0752819402046596
ID146377,146377,21,10.12961196899414,72.54378705274904,153.59126623296416,0.0,597.0,597,5.0,1,,137.7835051546392,137.0,77.0,203.0,13365.0,37.29813076307235,0.23343606170451736,1.398271363007518
ID98253,98253,21,9.15522289276123,83.39837127932546,126.29448227059551,0.0,393.0,393,5.0,1,,125.03092783505154,115.0,63.0,206.0,12128.0,38.46655842206952,0.1989235779836987,1.0785961822653736
ID10190,10190,21,8.00611686706543,161.1757661218748,164.16772477012387,0.0,37.0,37,5.0,1,,119.0,110.0,62.0,198.0,11543.0,35.90670782272675,0.16662398946482787,0.9466904479590756
ID157644,157644,21,9.91360092163086,46.568930261838105,150.3761381309271,0.0,642.0,642,5.0,1,,131.5979381443299,128.0,62.0,211.0,12765.0,40.55774170699268,0.21618321207715133,1.1535283607874736
ID108494,108494,21,8.8673677444458,97.87755485492953,128.06951390671196,0.0,435.0,435,5.0,1,,131.64948453608247,126.0,76.0,203.0,12770.0,33.85355755465781,0.19729960722768236,1.2816464100170193
ID167890,167890,21,10.161555290222168,57.02170944934538,177.66531292216612,0.0,685.0,685,5.0,1,,136.1340206185567,133.0,72.0,203.0,13205.0,37.38750595285235,0.23173424439358242,1.3700719411976376
ID133075,133075,21,8.877493858337402,66.41706053488137,133.442698043284,0.0,538.0,538,5.0,1,,127.61855670103093,116.0,74.0,197.0,12379.0,37.323038935692104,0.1902318794044126,1.092995934914291
ID41938,41938,21,8.562543869018555,110.88541920500174,171.5483875456647,0.0,162.0,162,5.0,1,,129.83505154639175,124.0,79.0,200.0,12594.0,32.197852028632774,0.19664066233749658,1.3252707790559433
ID85975,85975,21,7.20851993560791,80.49623829889686,130.50037663809405,0.0,347.0,347,5.0,1,,117.75257731958763,107.0,68.0,191.0,11422.0,32.18016694067787,0.16252377858129455,1.0231214515240443
ID6103,6103,21,8.40120792388916,167.49426543672502,170.72540801382786,0.0,9.0,9,5.0,1,,125.04123711340206,118.0,77.0,191.0,12129.0,34.06027669373236,0.1887556193104053,1.165849235994914
ID115670,115670,21,8.888894081115723,66.3920767730264,127.14921659001048,0.0,462.0,462,5.0,1,,123.0,112.0,60.0,200.0,11931.0,38.470226582817695,0.18999314104183965,1.0209484812477638
ID58330,58330,21,8.658998489379883,96.26403355528619,158.5479071058292,0.0,231.0,231,5.0,1,,128.82474226804123,123.0,80.0,195.0,12496.0,33.68852744545685,0.195878504844769,1.2526996915495703
ID111579,111579,21,9.752866744995117,75.44448625765595,124.18412393781317,0.0,449.0,449,5.0,1,,135.97938144329896,135.0,78.0,203.0,13190.0,35.65780050863207,0.2207210256084405,1.379036580849716
ID159705,159705,21,10.091068267822266,46.07013889551584,148.56586725521888,0.0,648.0,648,5.0,1,,134.8762886597938,128.0,73.0,203.0,13083.0,37.19438178115715,0.23273734079862174,1.3692532319911979
ID179161,179161,21,10.276860237121582,53.60354157189897,190.44180988335827,0.0,735.0,735,5.0,1,,134.27835051546393,127.0,70.0,204.0,13025.0,38.857577089299575,0.23551503123828113,1.3174400838810587
ID81884,81884,21,9.133079528808594,69.93553406411704,137.4190574542487,0.0,326.0,326,5.0,1,,124.8659793814433,115.0,53.0,196.0,12112.0,39.65019673815718,0.1958914735679261,1.0316978860837789
ID77796,77796,21,8.811878204345703,65.52083291866674,143.4252553817138,0.0,310.0,310,5.0,1,,124.36082474226804,121.0,60.0,203.0,12063.0,38.9789434521518,0.18511105453557686,0.9966824975670968
ID67559,67559,21,7.544262409210205,78.37672686951477,149.83982542590095,0.0,264.0,264,5.0,1,,118.03092783505154,111.0,71.0,179.0,11449.0,33.5169278152372,0.1606201231947416,0.9747011336072503
ID140266,140266,21,8.365968704223633,80.81485920235163,142.91199381716706,0.0,567.0,567,5.0,1,,125.88659793814433,119.0,71.0,203.0,12211.0,34.66953402264124,0.1783880500061304,1.0993574316156665
ID162794,162794,21,10.45279598236084,55.1318478570784,152.11065681618703,0.0,663.0,663,5.0,1,,137.23711340206185,134.0,68.0,200.0,13312.0,37.64189078115971,0.23825294524548893,1.4030044498765324
ID27625,27625,21,9.048484802246094,111.87519908722516,173.97612796599935,0.0,103.0,103,5.0,1,,127.25773195876289,120.0,65.0,194.0,12344.0,36.40377680455338,0.19614306024190478,1.1464564273957734
ID62442,62442,21,8.962136268615723,86.41782752551934,162.32770967931197,0.0,247.0,247,5.0,1,,128.659793814433,120.0,74.0,195.0,12480.0,36.47684385273821,0.1952416756483231,1.1523181202980066
ID153582,153582,21,9.388387680053711,47.57580032638069,135.9153239832125,0.0,623.0,623,5.0,1,,131.11340206185568,126.0,61.0,207.0,12718.0,37.212474467760735,0.2058392435573635,1.2028938261544357
ID51181,51181,21,9.406330108642578,98.95317505858635,152.5713213263701,0.0,198.0,198,5.0,1,,132.37113402061857,124.0,79.0,212.0,12840.0,37.129929411131414,0.20387493571511042,1.2074846706910718
ID93167,93167,21,10.424363136291504,57.525105100399315,121.61205502506851,0.0,372.0,372,5.0,1,,134.3298969072165,125.0,48.0,218.0,13030.0,43.95682579946215,0.2211309179323399,1.1067858414426237
ID125939,125939,21,10.204182624816895,61.05782911066557,114.78800426274502,0.0,508.0,508,5.0,1,,132.55670103092783,127.0,77.0,203.0,12858.0,36.902452795671586,0.24544502523187572,1.4158137354089033
ID19445,19445,21,7.277536392211914,107.16488345146934,189.0703261490879,0.0,71.0,71,5.0,1,,113.48453608247422,105.0,58.0,188.0,11008.0,34.57513358676949,0.14754422934983122,0.8440255828157078
ID45046,45046,21,7.753068923950195,103.70474168690122,167.08296684970028,0.0,175.0,175,5.0,1,,125.0618556701031,122.0,67.0,187.0,12131.0,31.829236570915192,0.17040278914531576,1.144115825741161
ID72696,72696,21,8.98239517211914,68.63969999846773,141.7108498757379,0.0,287.0,287,5.0,1,,123.81443298969072,115.0,68.0,200.0,12010.0,37.70398130417486,0.19875390197061732,1.0889293088679053
ID89083,89083,21,7.037997722625732,81.8422712310981,126.11301958650918,0.0,353.0,353,5.0,1,,110.28865979381443,98.0,52.0,192.0,10698.0,35.45271462422594,0.13454460843157162,0.7378296149151423
ID5118,5118,21,8.214290618896484,167.55851800151186,173.36198087460633,0.0,11.0,11,5.0,1,,124.84536082474227,120.0,68.0,189.0,12110.0,35.085710590336724,0.1748592685130165,1.059192599453352
ID40958,40958,21,9.64988899230957,109.44294103894207,174.64491242808228,0.0,159.0,159,5.0,1,,132.9278350515464,126.0,84.0,207.0,12894.0,37.66415388632152,0.2155338665171459,1.2516017686469412
ID102399,102399,21,9.74173355102539,88.83177720792139,139.93608146293067,0.0,410.0,410,5.0,1,,130.36082474226805,124.0,72.0,209.0,12645.0,39.753455187099334,0.2087004346365296,1.132418325609781
ID174090,174090,92,11.299488067626953,40.62481964183061,149.1027051873478,0.0,710.0,710,5.0,1,,140.41237113402062,136.0,58.0,204.0,13620.0,42.041832484968566,0.257441401493086,1.367553631417368
ID153611,153611,92,10.520143508911133,22.37236717979522,157.77841247695991,0.0,623.0,623,5.0,1,,140.64948453608247,136.0,85.0,204.0,13643.0,36.75142889430553,0.24138462554401258,1.4883228664680368
ID140302,140302,92,10.492573738098145,14.891485686062811,172.23779445199855,0.0,567.0,567,5.0,1,,138.42268041237114,132.0,80.0,198.0,13427.0,35.14014651231859,0.24811522058231844,1.5661465922342095
ID188434,188434,92,8.71146011352539,21.390424336055023,146.40625796840868,0.0,770.0,770,5.0,1,,130.93814432989691,126.0,79.0,192.0,12701.0,32.50282501599852,0.19969809011865455,1.3411489426862861
ID49170,49170,92,9.017993927001953,45.72160036364863,130.4775701575813,0.0,190.0,190,5.0,1,,122.81443298969072,116.0,65.0,205.0,11913.0,41.041475438701845,0.18037296157086108,0.9145524580246255
ID181264,181264,92,9.012340545654297,21.007123581644464,145.25978761076905,0.0,740.0,740,5.0,1,,129.7835051546392,124.0,80.0,185.0,12589.0,31.105407757375197,0.21999270286522837,1.504750993120894
ID184336,184336,92,8.877546310424805,19.05254030224148,142.87511619112433,0.0,752.0,752,5.0,1,,127.0618556701031,119.0,80.0,199.0,12325.0,35.77703361125148,0.1915124174344409,1.141666416603357
ID192528,192528,92,10.503867149353027,0.0,146.0,0.0,787.0,787,5.0,1,,119.76288659793815,112.0,27.0,210.0,11617.0,47.316922007326546,0.3897440315466623,1.4196471686964565
ID71701,71701,92,8.463071823120117,54.869126974760654,129.32956544238482,0.0,284.0,284,5.0,1,,119.37113402061856,111.0,60.0,203.0,11579.0,38.66827930930297,0.174117942180072,0.9156010234376524
ID85013,85013,92,7.525308609008789,98.55345053141016,127.83948050929934,0.0,339.0,339,5.0,1,,116.68041237113403,110.0,66.0,185.0,11318.0,32.87493548528288,0.1646887682645941,1.003730534011558
ID107542,107542,92,10.129199028015137,56.1329192543497,147.18004086986548,0.0,429.0,429,5.0,1,,136.51546391752578,128.0,81.0,203.0,13242.0,37.74092424070926,0.2236343760392393,1.3221666739658249
ID56344,56344,92,9.281132698059082,42.04107614877096,113.82735824032613,0.0,220.0,220,5.0,1,,129.77319587628867,122.0,71.0,196.0,12588.0,36.11512412718042,0.20409521377377823,1.218141878042457
ID170008,170008,92,9.99325942993164,28.5063970158217,134.70261309198253,0.0,692.0,692,5.0,1,,128.11340206185568,121.0,67.0,206.0,12427.0,40.803614088465395,0.2265263281946276,1.159758966035159
ID76826,76826,92,9.34113883972168,65.54467497888236,118.92806906343509,0.0,305.0,305,5.0,1,,131.01030927835052,126.0,72.0,210.0,12708.0,37.093770491530655,0.2041189904651427,1.197425473541504
ID97309,97309,92,7.553213119506836,58.002753669250126,135.27177568387341,0.0,391.0,391,5.0,1,,128.79381443298968,124.0,74.0,186.0,12493.0,28.59484880195859,0.16844023019653526,1.2986033578625604
ID165917,165917,92,8.586796760559082,38.93518538754151,119.85902244881125,0.0,675.0,675,5.0,1,,123.41237113402062,113.0,65.0,194.0,11971.0,34.965087521137775,0.18867218117514942,1.1204689959225964
ID125987,125987,92,9.346516609191895,20.531488842267358,158.3123523248114,0.0,508.0,508,5.0,1,,131.75257731958763,129.0,66.0,195.0,12780.0,36.87027679576822,0.20876632984536264,1.2343286777651261
ID60454,60454,92,9.359171867370605,52.313810574321266,111.3479174638337,0.0,239.0,239,5.0,1,,130.4536082474227,127.0,68.0,201.0,12654.0,39.09257725220903,0.19783559179581992,1.1022979546962517
ID148523,148523,92,11.060395240783691,20.495545155945067,173.29128223128197,0.0,600.0,600,5.0,1,,141.36082474226805,139.0,76.0,206.0,13712.0,37.93722489384335,0.2631665062278946,1.552614079791228
ID136238,136238,92,11.367959022521973,13.37640793759116,177.9469267399314,0.0,550.0,550,5.0,1,,139.61855670103094,138.0,72.0,210.0,13543.0,39.056701115965446,0.27408337775365793,1.5380215820068113
ID158766,158766,92,10.437772750854492,20.310390680519156,139.00752450486635,0.0,646.0,646,5.0,1,,136.4020618556701,131.0,76.0,197.0,13231.0,36.283794532882965,0.24900598242188046,1.4989373956807703
ID161839,161839,92,10.741636276245117,24.329641818753924,132.53338725861082,0.0,659.0,659,5.0,1,,141.2577319587629,141.0,80.0,206.0,13702.0,36.90592724259531,0.25929834097360527,1.5762213663094438
ID65582,65582,92,9.242379188537598,57.24196224602744,116.97747376178675,0.0,259.0,259,5.0,1,,129.57731958762886,121.0,72.0,200.0,12569.0,37.33179918300952,0.19958853855154104,1.1550036512403703
ID110638,110638,92,10.376260757446289,58.43787963835535,145.04392096038794,0.0,443.0,443,5.0,1,,140.62886597938143,137.0,90.0,207.0,13641.0,35.344530336988036,0.24041679199640476,1.5423374937463055
ID119854,119854,92,8.160126686096191,30.142540169221895,159.09411353373062,0.0,480.0,480,5.0,1,,121.41237113402062,111.0,72.0,194.0,11777.0,35.4097304709806,0.17033410058150802,0.9980724264646981
ID191536,191536,92,9.879843711853027,11.950691356296177,138.24316663223843,0.0,782.0,782,5.0,1,,133.93814432989691,131.0,74.0,208.0,12992.0,37.21665577874982,0.21941008509957236,1.2951012752539897
ID92212,92212,92,9.656915664672852,80.55906187670864,125.62939476686046,0.0,370.0,370,5.0,1,,130.91752577319588,130.0,65.0,208.0,12699.0,38.561009588457345,0.2131655005539451,1.193098378466039
ID145461,145461,92,10.5069580078125,26.40452399195666,175.72035706594104,0.0,589.0,589,5.0,1,,139.76288659793815,140.0,85.0,205.0,13557.0,36.07710873828569,0.24791506166801247,1.539245944490695
ID88120,88120,92,9.721545219421387,94.50878500844095,120.02732465807718,0.0,351.0,351,5.0,1,,133.09278350515464,127.0,67.0,198.0,12910.0,36.75087370679857,0.22005601873450412,1.3063823825237193
ID156728,156728,92,9.598578453063965,28.730895627043438,150.04647143463313,0.0,637.0,637,5.0,1,,131.20618556701032,127.0,64.0,199.0,12727.0,35.9049492132613,0.21871937199526212,1.3116365932947445
ID114750,114750,92,10.40058422088623,46.68280636790404,153.8289216838778,0.0,466.0,466,5.0,1,,132.31958762886597,127.0,70.0,211.0,12835.0,40.48316172387616,0.2374807238358168,1.2544970149740347
ID106563,106563,92,10.685734748840332,59.84992160586484,145.95578228093703,0.0,427.0,427,5.0,1,,139.7422680412371,133.0,68.0,202.0,13555.0,37.586921027165886,0.24479733930796585,1.4622750625209355
ID124994,124994,92,9.8349609375,22.503918784019927,152.05540099463553,0.0,503.0,503,5.0,1,,136.1443298969072,134.0,74.0,200.0,13206.0,36.59206132332578,0.22359113783485152,1.3597558704269361
ID169025,169025,92,10.601981163024902,33.758512533993674,131.71792029974017,0.0,689.0,689,5.0,1,,140.5979381443299,137.0,74.0,204.0,13638.0,36.863390769675554,0.24449156849015274,1.49859954222751
ID48198,48198,92,9.279316902160645,54.869681855597236,130.4972391360832,0.0,188.0,188,5.0,1,,128.7422680412371,125.0,60.0,198.0,12488.0,40.23117529523265,0.19393639514960131,1.0396006899264527
ID173124,173124,92,11.13767147064209,37.69391865025784,146.08917036138547,0.0,706.0,706,5.0,1,,131.7422680412371,126.0,58.0,207.0,12779.0,40.97262255420163,0.2712239397982498,1.3720417472395168
ID132165,132165,92,9.893251419067383,11.253342222755261,171.4611883786883,0.0,533.0,533,5.0,1,,137.7835051546392,135.0,82.0,196.0,13365.0,34.73537666058305,0.23113314796664639,1.4894036761852756
ID180298,180298,92,10.444917678833008,19.658564177276286,140.8986559540637,0.0,737.0,737,5.0,1,,136.83505154639175,130.0,79.0,204.0,13273.0,35.339626133530786,0.2502573242739256,1.550075294802363
ID139342,139342,92,10.230146408081055,11.451572394750038,172.53571911069525,0.0,562.0,562,5.0,1,,136.57731958762886,131.0,69.0,202.0,13248.0,35.36825172722776,0.2478826988913396,1.5341486434499942
ID79948,79948,92,9.842691421508789,77.67698253546529,114.339417576223,0.0,319.0,319,5.0,1,,133.03092783505156,130.0,66.0,199.0,12904.0,38.90063560112895,0.21617305576196674,1.2157159165679499
ID101455,101455,92,6.267219543457031,62.30829458630987,143.22301120095952,0.0,409.0,409,5.0,1,,107.61855670103093,98.0,59.0,181.0,10439.0,33.82566927736768,0.1106921787102895,0.6341528996034408
ID70736,70736,92,8.191472053527832,63.199884009775445,129.62165416263568,0.0,281.0,281,5.0,1,,117.72164948453609,110.0,58.0,184.0,11419.0,37.844182255456296,0.1856353449889022,0.9740847425497563
ID59475,59475,92,9.05410099029541,53.202997193276516,110.20170339050787,0.0,236.0,236,5.0,1,,131.4020618556701,123.0,76.0,194.0,12746.0,34.245029990318315,0.2019489153906539,1.2894073449910048
ID118866,118866,92,10.254980087280273,30.64400458925483,159.39676571121288,0.0,484.0,484,5.0,1,,138.22680412371133,136.0,79.0,206.0,13408.0,37.72612521920298,0.23085080710975217,1.374377520903668
ID177238,177238,92,10.582741737365723,33.85956910129242,155.07756356464134,0.0,723.0,723,5.0,1,,142.23711340206185,137.0,85.0,206.0,13797.0,35.720784448003876,0.24051637690723388,1.5440597036749895
ID55384,55384,92,8.615245819091797,39.10288620886711,121.37431416114832,0.0,217.0,217,5.0,1,,124.87628865979381,117.0,69.0,190.0,12113.0,35.998049059393125,0.18412542606639018,1.078815238559184
ID64603,64603,92,8.108033180236816,60.342225199916754,117.71570273749717,0.0,254.0,254,5.0,1,,122.62886597938144,119.0,66.0,188.0,11895.0,34.147754802850535,0.17735936022407744,1.081946100755116
ID150622,150622,92,10.469310760498047,14.560906670657994,169.09635897081776,0.0,612.0,612,5.0,1,,128.63917525773195,122.0,67.0,210.0,12478.0,39.342297416131935,0.2535492539758372,1.3227094604733827
ID190558,190558,92,7.66191291809082,12.498114251590778,142.70552900787285,0.0,780.0,780,5.0,1,,120.9381443298969,110.0,76.0,182.0,11731.0,32.900992396693525,0.16740237943172873,1.054205677701656
ID187484,187484,92,9.453351974487305,13.59456683422812,152.59882231662314,0.0,767.0,767,5.0,1,,138.88659793814432,133.0,75.0,200.0,13472.0,32.14999879751804,0.2213495038991554,1.5658421058052325
ID164957,164957,92,7.455953598022461,29.856431181126784,124.11468376941889,0.0,672.0,672,5.0,1,,111.36082474226804,107.0,57.0,192.0,10802.0,35.27870744957523,0.15754078522185583,0.8592241459783538
ID105569,105569,92,9.254448890686035,62.17685688162297,146.8752581759095,0.0,425.0,425,5.0,1,,132.64948453608247,129.0,78.0,193.0,12867.0,33.88154648831518,0.21198773938064958,1.3695719555000019
ID155746,155746,92,9.378609657287598,35.153166777829234,147.77128748271696,0.0,633.0,633,5.0,1,,128.58762886597938,118.0,63.0,200.0,12473.0,37.64188507537171,0.20787199338604553,1.1757984640886665
ID75872,75872,92,7.219400882720947,52.906622735347376,124.73442274266426,0.0,298.0,298,5.0,1,,115.97938144329896,108.0,61.0,186.0,11250.0,32.819576024786414,0.15279372773153327,0.9367673364584049
ID84066,84066,92,10.20030403137207,92.6596380874816,125.59963127777323,0.0,336.0,336,5.0,1,,133.01030927835052,126.0,69.0,205.0,12902.0,37.56619015300439,0.24502420385101203,1.3936359435760628
ID47212,47212,92,9.444361686706543,54.25712597969474,130.70950293304028,0.0,185.0,185,5.0,1,,128.8556701030928,124.0,77.0,197.0,12499.0,36.253445149714636,0.22055365463912177,1.2845222427260414
ID183404,183404,92,9.598938941955566,16.69910217749682,141.7040827176934,0.0,753.0,753,5.0,1,,136.89690721649484,136.0,84.0,203.0,13279.0,33.504192690394014,0.22200127805005684,1.484596010362769
ID142445,142445,92,8.17941951751709,22.559924771012096,170.77715635380747,0.0,576.0,576,5.0,1,,120.90721649484536,115.0,64.0,190.0,11728.0,35.26154730316097,0.17568503456336038,1.0247658199589162
ID160877,160877,92,11.298664093017578,25.27895011848515,132.66210793602247,0.0,656.0,656,5.0,1,,141.5463917525773,134.0,84.0,213.0,13730.0,37.78007097513977,0.2764062872628726,1.6226505894995258
ID124023,124023,92,9.403852462768555,24.286758020071808,160.34764824004748,0.0,499.0,499,5.0,1,,131.43298969072166,126.0,69.0,199.0,12749.0,37.253329609718236,0.20783240178831194,1.2141598516769554
ID131188,131188,92,10.161932945251465,12.780945788916524,169.80901069694946,0.0,529.0,529,5.0,1,,135.68041237113403,131.0,77.0,198.0,13161.0,37.17513348769818,0.23102900562368536,1.369912526197192
ID135284,135284,92,11.288344383239746,16.860684368237717,180.38732088686874,0.0,549.0,549,5.0,1,,138.69072164948454,137.0,74.0,207.0,13453.0,38.90944637465471,0.2733920723361054,1.5305450860072918
ID147578,147578,92,10.838553428649902,20.981240352160693,174.1124160853454,0.0,598.0,598,5.0,1,,138.77319587628867,130.0,78.0,205.0,13461.0,36.230887247232154,0.25541631417458394,1.5585383085353157
ID152698,152698,92,10.144412994384766,16.483012075728865,160.55219840133216,0.0,618.0,618,5.0,1,,137.5257731958763,134.0,81.0,202.0,13340.0,36.497172488514195,0.23643747113274796,1.441116260028547
ID63609,63609,92,9.493386268615723,61.77498491311831,117.53508739029408,0.0,251.0,251,5.0,1,,133.56701030927834,129.0,75.0,197.0,12956.0,36.26778506714983,0.21344374590570267,1.295603026579197
ID69752,69752,92,9.130167961120605,63.91635202722866,122.83876512466523,0.0,273.0,273,5.0,1,,125.24742268041237,117.0,60.0,199.0,12149.0,39.027776147207824,0.19594977420283194,1.0516151021521027
ID100475,100475,92,9.593194961547852,64.64553690137706,138.61033038805527,0.0,403.0,403,5.0,1,,128.340206185567,129.0,59.0,199.0,12449.0,39.5015523423706,0.2163620139798442,1.1558373698569302
ID172158,172158,92,10.91048812866211,36.49452031257834,139.89415015188027,0.0,702.0,702,5.0,1,,133.81443298969072,129.0,75.0,202.0,12980.0,39.350542641564246,0.27206645708370064,1.454612879049835
ID113788,113788,92,9.62307357788086,51.552270707748846,152.505899398867,0.0,459.0,459,5.0,1,,132.18556701030928,126.0,65.0,201.0,12822.0,38.75412072092765,0.21604747130980317,1.2119781903475795
ID74879,74879,92,6.394944190979004,49.68637052066222,132.1734280575951,0.0,297.0,297,5.0,1,,110.52577319587628,100.0,58.0,180.0,10721.0,31.47786682188546,0.12490351673782722,0.7797361254235089
ID87168,87168,92,9.201883316040039,97.74254116000311,122.71073146221299,0.0,348.0,348,5.0,1,,132.79381443298968,134.0,76.0,194.0,12881.0,32.586084115874876,0.22187354216853816,1.4799768539967264
ID91264,91264,92,8.847665786743164,81.43280494926114,126.79385064576279,0.0,367.0,367,5.0,1,,131.08247422680412,129.0,79.0,201.0,12715.0,33.83220547271144,0.20221899054558184,1.3034148671007206
ID53378,53378,92,8.357893943786621,39.47090012282076,124.94673569119058,0.0,208.0,208,5.0,1,,127.0,118.0,79.0,200.0,12319.0,33.940511683434195,0.18295565132767969,1.1574245684906956
ID186497,186497,92,11.184661865234375,11.891305229579864,151.7632004921964,0.0,762.0,762,5.0,1,,143.56701030927834,139.0,80.0,202.0,13926.0,37.138509667778024,0.26424343923774835,1.6159714549713875
ID176263,176263,92,10.428309440612793,43.318067949619945,146.97835688285647,0.0,717.0,717,5.0,1,,136.43298969072166,132.0,77.0,205.0,13234.0,37.58044350026987,0.2438220737603949,1.4233190153700892
ID96393,96393,92,9.71135425567627,54.56693769776925,141.56017853405112,0.0,384.0,384,5.0,1,,130.37113402061857,125.0,67.0,206.0,12646.0,38.24845301545673,0.21962408639607325,1.2275849053001682
ID104591,104591,92,8.957246780395508,67.65506147291978,146.3964245248057,0.0,421.0,421,5.0,1,,129.1237113402062,129.0,59.0,192.0,12525.0,35.58945821563564,0.20453414685828739,1.2321436031650335
ID58511,58511,92,8.699787139892578,46.97793296445325,115.31460142955072,0.0,229.0,229,5.0,1,,126.41237113402062,119.0,70.0,191.0,12262.0,36.547273204633996,0.18552691602342108,1.082580251257454
ID52369,52369,92,9.077784538269043,43.1511012318749,126.56692325056595,0.0,206.0,206,5.0,1,,130.44329896907217,124.0,80.0,199.0,12653.0,35.057384229337984,0.20693672808060806,1.2759255542082033
ID78994,78994,92,8.559895515441895,71.10172322069778,122.2978746877749,0.0,314.0,314,5.0,1,,124.22680412371135,118.0,67.0,187.0,12050.0,35.89089518789294,0.18452712814343142,1.078390936235717
ID123026,123026,92,10.647079467773438,26.623260526081307,160.17796629491468,0.0,493.0,493,5.0,1,,141.91752577319588,138.0,81.0,208.0,13766.0,37.061511398589325,0.24131726150921493,1.488841596598969
ID130199,130199,92,9.49020004272461,5.912419850937027,163.12452842189728,0.0,524.0,524,5.0,1,,137.75257731958763,134.0,73.0,204.0,13362.0,36.30341780507583,0.21528338442523393,1.3443587154136776
ID179348,179348,92,10.661389350891113,29.7315153161676,149.25213172912353,0.0,731.0,731,5.0,1,,142.15463917525773,140.0,79.0,197.0,13789.0,35.084819903041634,0.25206361941379424,1.6313815743011546
ID144538,144538,92,9.468015670776367,22.744753756502707,174.16583696764962,0.0,587.0,587,5.0,1,,127.24742268041237,119.0,64.0,191.0,12343.0,37.12928733039769,0.21254144151689924,1.2014602537872634
ID46234,46234,92,9.910063743591309,54.004819733166194,132.48271064377857,0.0,181.0,181,5.0,1,,128.7835051546392,121.0,69.0,202.0,12492.0,39.30681312977743,0.22509511088081657,1.2039782969560362
ID68767,68767,92,9.193764686584473,58.050076362413904,124.1514225606262,0.0,275.0,275,5.0,1,,129.3298969072165,119.0,77.0,198.0,12545.0,36.21484549689894,0.19879516461299696,1.1844128879884444
ID117919,117919,92,7.666853904724121,28.76427207358511,157.16169119373745,0.0,474.0,474,5.0,1,,121.17525773195877,115.0,65.0,177.0,11754.0,32.71436047736986,0.16692671867706874,1.059711837233469
ID163997,163997,92,8.822158813476562,30.253590531285017,124.77932417421275,0.0,671.0,671,5.0,1,,115.70103092783505,102.0,60.0,201.0,11223.0,38.18626633262431,0.20740420043438654,1.0409380703596502
ID138402,138402,92,10.594066619873047,15.621214129169127,171.67313720736126,0.0,559.0,559,5.0,1,,137.82474226804123,135.0,74.0,196.0,13369.0,36.268676312257384,0.2553575038690213,1.5459900009035583
ID95392,95392,92,10.037664413452148,64.53292087174947,143.0443867393873,0.0,381.0,381,5.0,1,,133.44329896907217,127.0,60.0,215.0,12944.0,41.3118145611733,0.21363953458268406,1.1372197735914142
ID122019,122019,92,10.310209274291992,36.33771661441533,158.07052198078506,0.0,489.0,489,5.0,1,,137.2680412371134,129.0,78.0,205.0,13315.0,37.067931857131555,0.23387344673167482,1.4038198341923385
ID83109,83109,92,8.986518859863281,87.07955441670286,128.8792457687401,0.0,330.0,330,5.0,1,,127.36082474226804,118.0,72.0,204.0,12354.0,34.85003155397015,0.20315412269739336,1.2341474757922155
ID99493,99493,92,7.644211769104004,66.86236856786657,136.34071641713777,0.0,400.0,400,5.0,1,,114.42268041237114,105.0,49.0,188.0,11099.0,37.30667809173781,0.15022949238669955,0.8011728690858256
ID129189,129189,92,10.068767547607422,9.832436171790846,164.28205398887076,0.0,519.0,519,5.0,1,,137.7835051546392,135.0,70.0,203.0,13365.0,36.13494004080507,0.22791939479935264,1.4155046815816066
ID189607,189607,92,8.863551139831543,18.812501326448604,151.9107352894154,0.0,775.0,775,5.0,1,,125.64948453608247,119.0,67.0,201.0,12188.0,36.14151618900157,0.19458032955715754,1.132577460546364
ID112807,112807,92,9.735997200012207,51.14470807317017,147.1676696908689,0.0,453.0,453,5.0,1,,132.5979381443299,129.0,74.0,205.0,12862.0,37.88047534510535,0.2132087444949193,1.2303277719274737
ID149668,149668,92,11.22083568572998,21.160740197127357,171.0180356202063,0.0,608.0,608,5.0,1,,133.2164948453608,123.0,76.0,205.0,12922.0,38.88289759117639,0.2769186664442045,1.485998504758904
ID62634,62634,92,8.216141700744629,55.61409905905215,119.93439078120886,0.0,246.0,246,5.0,1,,124.0721649484536,118.0,63.0,188.0,12035.0,35.28522100406687,0.17468215389109046,1.0457784337855156
ID159919,159919,92,10.136287689208984,24.89761484999152,131.66849397289883,0.0,652.0,652,5.0,1,,133.01030927835052,129.0,64.0,207.0,12902.0,39.20153452708644,0.22628601847407234,1.2522129064459901
ID154797,154797,92,8.220916748046875,25.349203133030755,151.48022395342906,0.0,629.0,629,5.0,1,,127.11340206185567,121.0,68.0,183.0,12330.0,33.12378182938071,0.1846832675910913,1.1964835109232617
ID157875,157875,92,9.495166778564453,24.439068794301264,154.50236245652215,0.0,641.0,641,5.0,1,,132.42268041237114,127.0,82.0,200.0,12845.0,37.24240276316612,0.21311625612291643,1.2493060214237364
ID73907,73907,92,9.443603515625,52.561809320972195,139.74958082777383,0.0,292.0,292,5.0,1,,126.9278350515464,123.0,50.0,197.0,12312.0,40.04248978238627,0.20880087468752984,1.0950736850004643
ID90290,90290,92,8.815494537353516,81.79498825917159,127.51531921752887,0.0,365.0,365,5.0,1,,127.95876288659794,121.0,72.0,195.0,12412.0,33.438973495811865,0.20794588091491725,1.317497913549557
ID103606,103606,92,8.116344451904297,72.63935106539917,141.29163694921053,0.0,415.0,415,5.0,1,,118.03092783505154,117.0,36.0,196.0,11449.0,38.478200973691855,0.16926477285068903,0.8881059408986423
ID185525,185525,92,10.316699028015137,11.509616259056083,151.10413243187742,0.0,758.0,758,5.0,1,,138.24742268041237,134.0,73.0,197.0,13410.0,37.08296748728762,0.2377889540695737,1.4323779693115426
ID67769,67769,92,8.794864654541016,65.12252105867886,125.40872460518099,0.0,266.0,266,5.0,1,,125.71134020618557,116.0,65.0,200.0,12194.0,37.08884568474468,0.18906097609119266,1.077851435957816
ID94394,94394,92,9.248679161071777,66.4411921678541,138.70892074998943,0.0,378.0,378,5.0,1,,132.1340206185567,126.0,79.0,198.0,12817.0,34.560824662825546,0.2119914951332713,1.3374557264856541
ID78013,78013,92,9.947867393493652,66.81139803342589,119.26233587633953,0.0,309.0,309,5.0,1,,132.2577319587629,128.0,64.0,211.0,12829.0,39.056657123155574,0.22049577764375158,1.2235451322509536
ID86207,86207,92,6.103909015655518,102.38036284372868,122.67922580068657,0.0,341.0,341,5.0,1,,107.34020618556701,97.0,67.0,177.0,10412.0,30.960622368696736,0.12172026135803594,0.7524212462123265
ID141500,141500,92,10.603943824768066,20.340471758644412,169.04458743784826,0.0,569.0,569,5.0,1,,142.89690721649484,139.0,81.0,201.0,13861.0,34.752842970060996,0.2484072066380113,1.636328185271525
ID51391,51391,92,7.331221580505371,35.69258521925182,128.07524886192914,0.0,199.0,199,5.0,1,,112.73195876288659,100.0,60.0,188.0,10935.0,35.12967509335873,0.1453944907657655,0.8146963610770699
ID134333,134333,92,11.110783576965332,11.316604949093927,178.64696601714502,0.0,543.0,543,5.0,1,,142.2164948453608,137.0,76.0,204.0,13795.0,36.85931214432219,0.2693456624154978,1.6374303001243167
ID163005,163005,92,10.603508949279785,22.028462696275945,125.30835973919906,0.0,664.0,664,5.0,1,,131.1443298969072,127.0,68.0,206.0,12721.0,39.56297450761298,0.2511125863637481,1.330646407457989
ID128194,128194,92,10.563154220581055,13.80679418708543,164.10616631735704,0.0,516.0,516,5.0,1,,139.51546391752578,133.0,76.0,201.0,13533.0,37.55360429940499,0.23879913632141445,1.4322953277238295
ID151748,151748,92,9.914600372314453,20.81171144103709,165.9034880851749,0.0,615.0,615,5.0,1,,132.79381443298968,130.0,70.0,197.0,12881.0,35.46710275744092,0.23746594117775682,1.4369782773796491
ID175300,175300,92,10.034293174743652,39.792763520701996,147.71253641885158,0.0,716.0,716,5.0,1,,132.9278350515464,129.0,65.0,203.0,12894.0,38.547386266419004,0.2272588037182235,1.2771313083918192
ID82118,82118,92,8.805255889892578,80.57283577369232,124.11887011345213,0.0,325.0,325,5.0,1,,128.79381443298968,126.0,70.0,198.0,12493.0,34.66504547821729,0.19663360975570524,1.2210396939804817
ID108745,108745,92,7.667270183563232,58.91136754927911,142.4377374515348,0.0,438.0,438,5.0,1,,127.85567010309278,125.0,69.0,181.0,12402.0,30.442223175879167,0.16949836885298247,1.2174174589540134
ID116936,116936,92,8.967045783996582,38.345954474674144,155.06355232932395,0.0,471.0,471,5.0,1,,130.04123711340208,121.0,78.0,196.0,12614.0,35.296930203446045,0.19504237377260825,1.202596182915882
ID182475,182475,92,10.275830268859863,25.056094180085925,150.04155474297488,0.0,745.0,745,5.0,1,,138.98969072164948,135.0,79.0,210.0,13482.0,35.950630165246764,0.2307036229904539,1.4494625954317102
ID143561,143561,92,11.583396911621094,17.29867981527763,168.9898816911359,0.0,580.0,580,5.0,1,,137.82474226804123,133.0,68.0,215.0,13369.0,39.11148869718418,0.28561522561648506,1.5657527599282541
ID143566,143566,92,9.514211654663086,20.417188137332545,171.77628145530178,0.0,579.0,579,5.0,1,,127.44329896907216,122.0,71.0,191.0,12362.0,35.03509225053412,0.23465667915106117,1.3827079039112171
ID98510,98510,92,10.383352279663086,65.12461110586345,138.08852338695004,0.0,396.0,396,5.0,1,,135.03092783505156,128.0,66.0,204.0,13098.0,38.10278139679334,0.2377504537195483,1.3614284709805136
ID146643,146643,92,9.426066398620605,18.73826308658811,176.9512767792363,0.0,594.0,594,5.0,1,,121.30927835051547,113.0,61.0,211.0,11767.0,38.830389952314384,0.21743360211494211,1.1159214847811307
ID45268,45268,92,7.488521099090576,52.1720598042911,139.3220399205014,0.0,176.0,176,5.0,1,,110.54639175257732,97.0,53.0,181.0,10723.0,37.0289921937743,0.14981697043559392,0.7779738004123022
ID57559,57559,92,8.79703140258789,44.55061095530872,112.7594916138364,0.0,226.0,226,5.0,1,,124.57731958762886,118.0,60.0,191.0,12084.0,39.12981468020538,0.1873214991468622,1.004570637312424
ID72923,72923,92,10.027311325073242,55.99997796628472,136.3148854708919,0.0,289.0,289,5.0,1,,129.1443298969072,121.0,67.0,207.0,12527.0,41.007618624145536,0.21834958804206983,1.1288110316581799
ID50396,50396,92,7.643279075622559,37.22160622434405,126.49331712241886,0.0,201.0,201,5.0,1,,114.9381443298969,103.0,57.0,197.0,11149.0,37.34044233830952,0.15046703170825523,0.8051594496161987
ID121057,121057,92,10.435731887817383,35.526555651316094,157.41101204207118,0.0,488.0,488,5.0,1,,137.05154639175257,137.0,68.0,204.0,13294.0,37.733266471714714,0.24335431419928608,1.4217841796797865
ID127203,127203,92,9.78079891204834,15.561962968365817,162.50547829538718,0.0,515.0,515,5.0,1,,134.2577319587629,134.0,73.0,194.0,13023.0,37.776557532007494,0.22626364659266682,1.3115288588596234
ID111845,111845,92,9.909975051879883,55.330979222027416,145.81707649173092,0.0,445.0,445,5.0,1,,136.62886597938143,132.0,87.0,200.0,13253.0,35.51622856398093,0.2264065565268404,1.4203656243401406
ID167143,167143,92,7.566212177276611,37.779864919805725,129.95184444885103,0.0,681.0,681,5.0,1,,113.36082474226804,101.0,64.0,184.0,10996.0,35.250054836544315,0.15866876047329256,0.8807757051844299
ID153834,153834,92,10.309764862060547,18.13054311300395,148.76415947300376,0.0,626.0,626,5.0,1,,139.72164948453607,134.0,74.0,199.0,13553.0,35.4420719472991,0.23744723386285851,1.512916719304995
ID115944,115944,92,10.78265380859375,45.05822387050723,152.74839802691218,0.0,467.0,467,5.0,1,,139.71134020618555,132.0,81.0,213.0,13552.0,37.554670915348694,0.24628834926336604,1.4703577889743842
ID61674,61674,92,9.264410972595215,57.176577806957376,116.47861615622665,0.0,242.0,242,5.0,1,,130.659793814433,123.0,67.0,204.0,12674.0,38.41383393332466,0.19540263865243074,1.1119890828348182
ID137448,137448,92,11.12547779083252,13.874116636186105,179.7291306598222,0.0,555.0,555,5.0,1,,140.84536082474227,137.0,71.0,203.0,13662.0,39.15097386139371,0.2555910921115419,1.464628432602096
ID89326,89326,92,9.293147087097168,89.68181326955909,129.21689648601694,0.0,361.0,361,5.0,1,,127.01030927835052,122.0,64.0,200.0,12320.0,36.59106643173555,0.21152144506633302,1.212040693044456
ID81138,81138,92,9.96824836730957,79.75505418769266,115.6983120823354,0.0,322.0,322,5.0,1,,134.64948453608247,131.0,78.0,198.0,13061.0,36.976073693311406,0.229590562460679,1.3599013597646323
ID133361,133361,92,10.250179290771484,14.032607444797675,171.04000765033928,0.0,537.0,537,5.0,1,,137.09278350515464,128.0,77.0,202.0,13298.0,36.949594741301176,0.23093501958984883,1.3921613698520452
ID178417,178417,92,10.244260787963867,30.70911986526505,158.51428613940308,0.0,729.0,729,5.0,1,,139.2680412371134,136.0,85.0,203.0,13509.0,35.661462469986866,0.23874270974240677,1.505328627135543
ID66805,66805,92,8.843392372131348,67.78779019899333,128.80106052739603,0.0,267.0,267,5.0,1,,128.1958762886598,122.0,65.0,201.0,12435.0,36.154655986256266,0.1936489015738774,1.1504778260320039
ID184567,184567,92,10.079019546508789,16.045694192864197,141.3518878417841,0.0,754.0,754,5.0,1,,136.43298969072166,133.0,73.0,199.0,13234.0,37.51469357034622,0.22453544061220007,1.3337103731250501
ID93430,93430,92,9.079548835754395,74.57489324633369,129.75901295476083,0.0,375.0,375,5.0,1,,127.37113402061856,120.0,74.0,197.0,12355.0,36.59443251929089,0.2055086978817475,1.1867134200531604
ID188671,188671,92,9.376119613647461,19.97333937184267,148.20788169277577,0.0,771.0,771,5.0,1,,129.3298969072165,118.0,75.0,199.0,12545.0,37.44015270220276,0.20095510304828895,1.1560153023089432
ID140541,140541,92,9.871623992919922,16.77929442827075,173.126709937408,0.0,568.0,568,5.0,1,,137.18556701030928,133.0,82.0,202.0,13307.0,33.03575395717343,0.23350658505262056,1.5722147107925981
ID56579,56579,92,9.195178985595703,42.913600260978654,116.54722468372914,0.0,222.0,222,5.0,1,,128.03092783505156,121.0,74.0,207.0,12419.0,38.26373762243422,0.19754697117000294,1.1039141935305008
ID77058,77058,92,8.265119552612305,68.45907439301872,121.13848031945831,0.0,308.0,308,5.0,1,,123.64948453608247,116.0,77.0,197.0,11994.0,34.27099151040906,0.18225531283372157,1.1124091674300773
ID181510,181510,92,11.650445938110352,19.048183186102065,147.0743806032493,0.0,743.0,743,5.0,1,,144.37113402061857,140.0,68.0,211.0,14004.0,38.80112745022927,0.2701037096097087,1.582549790310487
ID107780,107780,92,8.648921012878418,57.22503999928293,142.1212179553337,0.0,433.0,433,5.0,1,,125.19587628865979,111.0,66.0,193.0,12144.0,37.69494859373781,0.18141558226587248,1.0200201636123447
ID126212,126212,92,10.06173038482666,16.19859947643914,157.2156167282826,0.0,510.0,510,5.0,1,,135.46391752577318,132.0,69.0,193.0,13140.0,37.52945006249262,0.22771435678539728,1.338981276702231
ID54534,54534,92,7.0513200759887695,42.191115182156764,125.64692040931965,0.0,215.0,215,5.0,1,,114.62886597938144,104.0,72.0,185.0,11119.0,31.261437769381857,0.16087461437503137,1.0162890542185632
ID168196,168196,92,10.738408088684082,33.31050422626392,130.0210611450034,0.0,683.0,683,5.0,1,,132.17525773195877,122.0,64.0,210.0,12821.0,40.65172462241463,0.2523594993299968,1.3103636268527954
ID174341,174341,92,9.977108001708984,39.0019060222529,147.77257717897612,0.0,713.0,713,5.0,1,,134.1443298969072,126.0,77.0,205.0,13012.0,36.770682867696394,0.2253613353397514,1.3418867217797807
ID49418,49418,92,9.577823638916016,43.49277972196467,127.77445609606487,0.0,192.0,192,5.0,1,,128.96907216494844,122.0,71.0,207.0,12510.0,37.69876589719909,0.22237543377870012,1.2447170332711555
ID97547,97547,92,8.197043418884277,61.39173387257232,138.23041884949686,0.0,390.0,390,5.0,1,,123.41237113402062,119.0,73.0,192.0,11971.0,34.39408639132835,0.17574207488702887,1.0726760989617268
ID71949,71949,92,9.700815200805664,52.95248851488411,135.04017645763955,0.0,288.0,288,5.0,1,,129.18556701030928,122.0,64.0,194.0,12531.0,37.48453289272213,0.21966059283215497,1.2413808668459365
ID170254,170254,92,9.844719886779785,27.596048370535772,135.15950669952383,0.0,691.0,691,5.0,1,,127.97938144329896,121.0,63.0,201.0,12414.0,38.387817995384104,0.22519767507377253,1.2255592549714729
ID166157,166157,92,9.931111335754395,39.28850462722242,118.66735108813783,0.0,676.0,676,5.0,1,,131.27835051546393,124.0,77.0,204.0,12734.0,36.682688431795626,0.23228067894898863,1.3491660289470642
ID60692,60692,92,9.25838565826416,53.76048983291764,111.89827990156465,0.0,238.0,238,5.0,1,,131.8659793814433,126.0,72.0,195.0,12791.0,36.62155241622848,0.20132686105123834,1.206886819852459
ID162075,162075,92,8.641643524169922,24.936227232462123,133.22187006190396,0.0,661.0,661,5.0,1,,125.70103092783505,117.0,60.0,194.0,12193.0,36.512316685735655,0.18132865871359505,1.0568787229105971
ID65821,65821,92,9.900981903076172,62.55377519299275,119.92786630418588,0.0,263.0,263,5.0,1,,134.0,126.0,63.0,204.0,12998.0,39.62191102576115,0.21484388214201144,1.1961947609554813
ID136478,136478,92,10.46503734588623,16.325376342628534,177.36185744536004,0.0,552.0,552,5.0,1,,139.4536082474227,139.0,76.0,200.0,13527.0,34.66146413843379,0.2550190135985008,1.6350653069589256
ID156958,156958,92,9.603784561157227,26.675458384412586,152.10343160203084,0.0,638.0,638,5.0,1,,130.46391752577318,126.0,72.0,207.0,12655.0,38.5092147672882,0.20801322013559576,1.1667424461323266
ID54560,54560,92,7.902811050415039,38.692964969137996,126.70981980099816,0.0,213.0,213,5.0,1,,116.18556701030928,105.0,62.0,200.0,11270.0,35.16844285509715,0.16976177658663918,0.9588960359175376
ID159008,159008,92,10.293527603149414,27.030466505102844,136.85066819391707,0.0,649.0,649,5.0,1,,138.9278350515464,133.0,84.0,199.0,13476.0,35.150938649949424,0.23876268065734996,1.5235638870561212
ID92450,92450,92,9.460100173950195,80.71346082885353,125.2290353743359,0.0,369.0,369,5.0,1,,128.20618556701032,121.0,66.0,197.0,12436.0,38.190023278428,0.20952940700415887,1.1631014678973743
ID110882,110882,92,10.114810943603516,54.07832250059783,146.94334772182378,0.0,446.0,446,5.0,1,,137.77319587628867,130.0,78.0,201.0,13364.0,34.9769284536962,0.2332770966224056,1.4901311551887848
ID145703,145703,92,10.801483154296875,25.38561035285333,174.42729430291777,0.0,590.0,590,5.0,1,,137.659793814433,134.0,74.0,203.0,13353.0,39.88548362654904,0.2480272692223657,1.371821499671278
ID114983,114983,92,10.23249340057373,48.98464469250624,154.39420927933438,0.0,461.0,461,5.0,1,,138.58762886597938,134.0,78.0,201.0,13443.0,34.6105573300136,0.24112158032408051,1.5558496323066568
ID88358,88358,92,8.371580123901367,95.78522857308035,127.45917353287629,0.0,354.0,354,5.0,1,,119.04123711340206,112.0,66.0,191.0,11547.0,35.659827282068285,0.18994501697863705,1.0657349341587166
ID120102,120102,92,10.576112747192383,35.05785716577277,159.85299985453,0.0,486.0,486,5.0,1,,140.08247422680412,134.0,84.0,207.0,13588.0,36.301592625500135,0.24278466074280053,1.5076949521961462
ID173354,173354,92,10.46666145324707,37.728031018396784,142.78546945174767,0.0,704.0,704,5.0,1,,133.2164948453608,128.0,61.0,207.0,12922.0,38.75973716481977,0.24601290521281655,1.3571958530874615
ID191784,191784,92,7.736438274383545,6.972795058196974,138.58262473799732,0.0,784.0,784,5.0,1,,119.49484536082474,112.0,60.0,185.0,11591.0,33.962946632856436,0.17283485897346348,1.0369749815455753
ID125226,125226,92,10.536531448364258,23.723632552961654,154.56927990005963,0.0,505.0,505,5.0,1,,141.1237113402062,136.0,73.0,199.0,13689.0,37.49423781617393,0.2447689044943678,1.4802428384850819
ID132403,132403,92,10.129021644592285,12.787993395607577,171.42221113820787,0.0,534.0,534,5.0,1,,139.03092783505156,139.0,76.0,201.0,13486.0,36.25702621798734,0.23155599694074408,1.4419530030048262
ID106803,106803,92,9.921346664428711,56.70034740907846,147.36652025907188,0.0,432.0,432,5.0,1,,135.03092783505156,134.0,66.0,200.0,13098.0,39.2570199688984,0.2181883708545886,1.232148545971633
ID48438,48438,92,8.784748077392578,44.97518777324119,129.5455711298401,0.0,191.0,191,5.0,1,,122.98969072164948,115.0,64.0,189.0,11930.0,36.52695775193554,0.205842219639157,1.1495534614958312
ID70968,70968,92,9.021183013916016,61.00120066260138,128.33445463359695,0.0,279.0,279,5.0,1,,124.28865979381443,117.0,64.0,198.0,12056.0,38.691342367858006,0.19741690647681984,1.059221188422922
ID180536,180536,92,10.78622817993164,21.262341273810513,141.25545308526873,0.0,736.0,736,5.0,1,,139.89690721649484,138.0,79.0,202.0,13570.0,37.18716303379055,0.2501963766319886,1.5057325585979344
ID80186,80186,92,9.791474342346191,79.41495496989191,113.72499365768402,0.0,318.0,318,5.0,1,,134.39175257731958,131.0,79.0,198.0,13036.0,36.12782765779695,0.22748946963352723,1.3788095658614516
ID177470,177470,92,10.90314769744873,35.97149821830782,157.80735835028284,0.0,724.0,724,5.0,1,,143.03092783505156,132.0,78.0,208.0,13874.0,37.202557486080906,0.24799311532072732,1.5279691642742679
ID55613,55613,92,8.492451667785645,40.491398885432666,116.69305785764266,0.0,218.0,218,5.0,1,,124.0721649484536,120.0,74.0,191.0,12035.0,34.87873260272667,0.19139137379129578,1.1429087799324644
ID169276,169276,92,8.7135009765625,29.37503227654853,134.0776025607497,0.0,690.0,690,5.0,1,,130.37113402061857,126.0,69.0,189.0,12646.0,30.813051748822307,0.21538158097635676,1.4995903454420745
ID101696,101696,92,6.26331090927124,61.242659398577935,144.10703876007042,0.0,408.0,408,5.0,1,,107.9278350515464,98.0,52.0,179.0,10469.0,33.21873449284065,0.1108492713755059,0.648422514551123
ID139585,139585,92,10.866451263427734,9.932588842272104,173.7124957771254,0.0,565.0,565,5.0,1,,138.24742268041237,133.0,80.0,209.0,13410.0,37.36058276218262,0.2547239192264582,1.5024324271365326
ID150849,150849,92,10.216018676757812,12.570782531685465,167.397098641291,0.0,611.0,611,5.0,1,,127.79381443298969,125.0,62.0,204.0,12396.0,38.290539014316224,0.24934442030508852,1.3321889337824557
ID119111,119111,92,9.621784210205078,29.189459075226946,161.52648487482972,0.0,482.0,482,5.0,1,,136.79381443298968,133.0,87.0,198.0,13269.0,32.79098521454038,0.23027285507425121,1.561648520239042
ID190794,190794,92,7.493063926696777,13.855542224639374,143.2639677004577,0.0,779.0,779,5.0,1,,116.8659793814433,108.0,65.0,184.0,11336.0,34.01520152384671,0.15342251272047752,0.9139989941456719
ID64842,64842,92,9.764755249023438,57.383732162945165,119.50907813208174,0.0,258.0,258,5.0,1,,136.37113402061857,130.0,83.0,203.0,13228.0,36.13439024081632,0.22333657418870065,1.3779885444259945
ID96587,96587,92,7.616383075714111,54.59584699493752,136.62927817436787,0.0,387.0,387,5.0,1,,119.51546391752578,115.0,64.0,182.0,11593.0,32.97003481763841,0.16902295585297117,1.0482318331808258
ID187720,187720,92,11.232357025146484,16.73350899544838,152.8862681004885,0.0,766.0,766,5.0,1,,141.61855670103094,137.0,64.0,214.0,13737.0,38.393099233176294,0.26159806753418363,1.5297149272280715
ID168265,168265,92,11.40798568725586,31.89180773781022,131.0536241731924,0.0,686.0,686,5.0,1,,140.8556701030928,133.0,63.0,209.0,13663.0,41.2701944736154,0.26219569996032466,1.4179688260248675
ID102735,102735,92,6.3188629150390625,65.54177903604099,142.1005387302278,0.0,411.0,411,5.0,1,,105.10309278350516,96.0,42.0,182.0,10195.0,36.86334124621711,0.10418791716307292,0.5380531280279063
ID165196,165196,92,9.706355094909668,32.62864968592819,122.97857148234169,0.0,673.0,673,5.0,1,,126.31958762886597,121.0,65.0,186.0,12253.0,37.99795674105182,0.22721179449328713,1.2309822822375323
ID59727,59727,92,9.491812705993652,51.89166613805453,109.50778219531222,0.0,234.0,234,5.0,1,,131.53608247422682,129.0,65.0,205.0,12759.0,37.680692960628086,0.21086352602476327,1.2158004080519507
ID84305,84305,92,9.271543502807617,92.51529072758204,125.79020738769515,0.0,333.0,333,5.0,1,,130.17525773195877,126.0,64.0,201.0,12627.0,36.94647319357152,0.20693251236165366,1.2081787635115793
ID76115,76115,92,9.88631820678711,60.588107523723906,119.88628543025607,0.0,304.0,304,5.0,1,,132.89690721649484,129.0,70.0,200.0,12891.0,37.80996466323463,0.2236071140739213,1.284642310127667
ID155991,155991,92,9.871552467346191,33.328355878294495,151.33895370272015,0.0,634.0,634,5.0,1,,133.95876288659792,124.0,75.0,203.0,12994.0,37.558819849052874,0.2213294754608623,1.2926936113492347
ID105814,105814,92,9.85849380493164,65.02288688583177,143.0579291120682,0.0,424.0,424,5.0,1,,135.1958762886598,132.0,74.0,211.0,13114.0,37.272543283466305,0.21670283775423768,1.2920653814677197
ID161109,161109,92,10.42734146118164,26.256242169983807,131.97754729037445,0.0,655.0,655,5.0,1,,131.659793814433,119.0,74.0,208.0,12771.0,39.39513680803395,0.2445745759559366,1.3135026021638985
ID142681,142681,92,9.100915908813477,23.825723256645055,169.41340351640676,0.0,578.0,578,5.0,1,,124.37113402061856,117.0,65.0,194.0,12064.0,37.08698097817617,0.20394381983770055,1.1361415322144406
ID152924,152924,92,10.657580375671387,20.169634504949457,160.04069587399357,0.0,621.0,621,5.0,1,,138.1958762886598,134.0,84.0,213.0,13405.0,39.29605556309525,0.23563111155518052,1.3412814483092852
ID183645,183645,92,9.63720703125,18.42981744686293,146.41882705481703,0.0,750.0,750,5.0,1,,136.27835051546393,138.0,72.0,206.0,13219.0,35.82996367917304,0.21864674420520588,1.364820943769117
ID109921,109921,92,10.232356071472168,56.365302053083326,147.4977678883868,0.0,444.0,444,5.0,1,,138.05154639175257,134.0,75.0,208.0,13391.0,38.750906208226446,0.22759687223088118,1.3209912000039379
ID171360,171360,92,11.244330406188965,33.623322037815065,138.84894248861067,0.0,701.0,701,5.0,1,,136.51546391752578,131.0,57.0,205.0,13242.0,39.460189168447,0.2733777365142158,1.4854518293351964
ID114018,114018,92,9.504671096801758,49.7441009359906,149.40476122360482,0.0,457.0,457,5.0,1,,133.58762886597938,130.0,65.0,196.0,12958.0,35.80175524599538,0.21570138240652756,1.3240913111483925
ID124261,124261,92,9.669713973999023,21.831037377653455,153.03559082354343,0.0,501.0,501,5.0,1,,134.5463917525773,127.0,71.0,199.0,13051.0,36.268392063704695,0.2143046725483984,1.3094162410042227
ID91495,91495,92,9.059947967529297,84.7582403053418,128.84693649246347,0.0,364.0,364,5.0,1,,123.0618556701031,114.0,53.0,204.0,11937.0,38.44146373410641,0.19562906719647669,1.0475878643053396
ID172389,172389,92,11.59375,32.13716573936528,135.36629383069635,0.0,700.0,700,5.0,1,,137.4020618556701,133.0,72.0,208.0,13328.0,39.49067922566624,0.2849883639233778,1.543322099546513
ID147818,147818,92,10.96477222442627,19.643163144491172,174.51698797639753,0.0,601.0,601,5.0,1,,135.659793814433,129.0,67.0,213.0,13159.0,40.124256638477156,0.2636440739608725,1.4108063239277315
ID100712,100712,92,9.851752281188965,63.85974492442902,139.25384881796518,0.0,405.0,405,5.0,1,,127.58762886597938,121.0,47.0,205.0,12376.0,42.62524500841599,0.21044272384355767,1.04078576581097
ID69997,69997,92,8.957291603088379,55.49969734871965,128.75673256840994,0.0,277.0,277,5.0,1,,129.75257731958763,123.0,77.0,197.0,12586.0,35.614846777665115,0.20177209872632856,1.2233589483253284
ID63853,63853,92,8.41677188873291,57.978442485799235,114.55360494833589,0.0,255.0,255,5.0,1,,125.45360824742268,116.0,72.0,192.0,12169.0,34.99583922249327,0.1823474401714522,1.1057356080200502
ID131436,131436,92,10.656949996948242,12.132990716443393,171.4911596675668,0.0,532.0,532,5.0,1,,139.95876288659792,136.0,73.0,199.0,13576.0,36.260032383515714,0.25288866138530053,1.5581841479105485
ID135532,135532,92,11.080280303955078,12.776234393187147,180.82793543268608,0.0,548.0,548,5.0,1,,135.15463917525773,133.0,67.0,207.0,13110.0,39.05747373161163,0.26530183031354165,1.451118616232647
ID104819,104819,92,10.545337677001953,71.78182721608752,143.63339739324462,0.0,418.0,418,5.0,1,,135.69072164948454,130.0,60.0,207.0,13162.0,39.928415326875474,0.24261209447035897,1.3270122877434467
ID75122,75122,92,7.87305212020874,64.50488922116094,121.50297679111924,0.0,301.0,301,5.0,1,,122.08247422680412,117.0,53.0,197.0,11842.0,36.005980435863236,0.17168180406869446,0.9936267154640713
ID47477,47477,92,9.77927017211914,54.26154065351168,132.7950938490091,0.0,184.0,184,5.0,1,,130.8762886597938,123.0,77.0,195.0,12695.0,35.89343537123664,0.23401202435047028,1.3829125625969407
ID171383,171383,92,10.907983779907227,32.56954426966944,140.2802454271222,0.0,699.0,699,5.0,1,,139.84536082474227,141.0,66.0,208.0,13565.0,36.75888220501542,0.2641056677201402,1.5896814472659704
ID186743,186743,92,10.24420166015625,17.454990493351847,154.5706724982793,0.0,765.0,765,5.0,1,,138.4536082474227,133.0,81.0,203.0,13430.0,36.021411635580456,0.23948475447595835,1.4852864804793517
ID144756,144756,92,10.04736328125,22.70895914261443,167.04130082844333,0.0,585.0,585,5.0,1,,136.42268041237114,133.0,81.0,197.0,13233.0,35.4144612210024,0.23138685028908448,1.4477050778154712
ID179582,179582,92,9.35312271118164,23.489522740618302,145.2864218085347,0.0,733.0,733,5.0,1,,131.89690721649484,127.0,74.0,195.0,12794.0,35.18388733262786,0.21728550875520655,1.3383173177766259
ID164223,164223,92,11.005692481994629,26.948121004720516,122.80257338062474,0.0,667.0,667,5.0,1,,135.2577319587629,131.0,76.0,216.0,13120.0,38.74362268772853,0.26789179490295356,1.475261777939258
ID176515,176515,92,10.328706741333008,42.095601891921156,150.98029343525795,0.0,719.0,719,5.0,1,,137.8041237113402,133.0,72.0,205.0,13367.0,36.26052697012555,0.238823684010319,1.4652981178147355
ID158087,158087,92,9.31699275970459,22.93575663458137,148.08057008245981,0.0,644.0,644,5.0,1,,127.79381443298969,121.0,64.0,198.0,12396.0,37.26144626831966,0.20416628380946275,1.162994557351714
ID118150,118150,92,8.127511024475098,34.754948333908565,160.307963222163,0.0,476.0,476,5.0,1,,122.77319587628865,118.0,66.0,198.0,11909.0,36.08655831083991,0.16675556094973454,0.9724976013613058
ID138635,138635,92,11.622761726379395,9.166255761173712,172.85195789730474,0.0,561.0,561,5.0,1,,137.55670103092783,130.0,75.0,215.0,13343.0,38.9724713398672,0.2856170868469696,1.568289917612317
ID52618,52618,92,8.670536994934082,40.508637342334374,123.73239852044709,0.0,207.0,207,5.0,1,,126.27835051546391,123.0,68.0,193.0,12249.0,37.19955820415335,0.1835849362730075,1.0530736061040058
ID58762,58762,92,7.923178672790527,50.96933391371477,115.54955332625636,0.0,230.0,230,5.0,1,,123.58762886597938,113.0,67.0,192.0,11988.0,33.58780550578078,0.17453146277932638,1.093534375278969
ID123275,123275,92,9.449009895324707,27.814934201643645,157.58040614831455,0.0,498.0,498,5.0,1,,131.01030927835052,125.0,65.0,198.0,12708.0,37.760620703916096,0.2098239691034765,1.203453339805222
ID149896,149896,92,11.2462158203125,18.818945027976824,171.1248362819339,0.0,607.0,607,5.0,1,,135.7835051546392,130.0,74.0,205.0,13171.0,37.515059977106674,0.2770882994017111,1.5706109730888937
ID69002,69002,92,9.37404727935791,64.20903529665928,123.2841442736889,0.0,272.0,272,5.0,1,,127.90721649484536,117.0,64.0,196.0,12407.0,39.27204329901521,0.20241519008031947,1.0965544263859497
ID53644,53644,92,9.519618034362793,42.36317084212853,126.06655924480181,0.0,211.0,211,5.0,1,,133.43298969072166,124.0,77.0,204.0,12943.0,35.422423223296136,0.21101345347840586,1.3127321520805655
ID95629,95629,92,10.085427284240723,59.365042826448786,143.7327835276093,0.0,383.0,383,5.0,1,,135.46391752577318,132.0,82.0,214.0,13140.0,37.22903824516278,0.2310239341294946,1.3657219454844458
ID46478,46478,92,9.72536849975586,52.40984690765169,130.6382778575201,0.0,180.0,180,5.0,1,,131.6701030927835,131.0,79.0,200.0,12772.0,36.69517499205576,0.2341858596872292,1.3617215496666228
ID79251,79251,92,9.850167274475098,76.12249488946826,121.58490995127435,0.0,315.0,315,5.0,1,,132.43298969072166,125.0,71.0,208.0,12846.0,38.77577293891522,0.21865183732562132,1.2255730402690226
ID83349,83349,92,9.541031837463379,93.06706181035045,127.8713863798536,0.0,332.0,332,5.0,1,,130.70103092783506,121.0,75.0,198.0,12678.0,36.83356851785407,0.2101136993385466,1.2322346141947602
ID99733,99733,92,8.800087928771973,65.97437463805505,133.4572847360756,0.0,398.0,398,5.0,1,,120.64948453608247,113.0,58.0,201.0,11703.0,40.842186430697645,0.1785254922885287,0.8949684824717394
ID148884,148884,92,10.78409194946289,19.644040690820727,173.4923564122862,0.0,603.0,603,5.0,1,,135.37113402061857,130.0,61.0,207.0,13131.0,39.36933017052235,0.24977777083280808,1.3744186085056243
ID129433,129433,92,9.97480583190918,8.892121748794322,164.8688370567764,0.0,521.0,521,5.0,1,,138.03092783505156,132.0,82.0,202.0,13389.0,35.35458881350229,0.22583794726875636,1.4385483681423297
ID62874,62874,92,9.668164253234863,58.107156992068354,119.93516444305622,0.0,248.0,248,5.0,1,,132.2577319587629,123.0,73.0,204.0,12829.0,37.64562788650326,0.2121688186757736,1.2298580030187614
ID130458,130458,92,10.829257011413574,9.727657766013403,163.18504706036168,0.0,526.0,526,5.0,1,,139.5979381443299,132.0,69.0,215.0,13541.0,39.40353722325532,0.24175096018736167,1.3794548576420038
ID189849,189849,92,8.635337829589844,17.576011630936264,152.79982117542139,0.0,776.0,776,5.0,1,,126.4020618556701,121.0,69.0,195.0,12261.0,35.6167855423694,0.18969252333758563,1.1317354348451685
ID113055,113055,92,8.910313606262207,46.51591305577657,144.97733819475354,0.0,456.0,456,5.0,1,,128.44329896907217,123.0,69.0,197.0,12459.0,35.73629372225715,0.197589765109698,1.1860098813251487
ID134562,134562,92,10.644953727722168,13.546649638767581,172.9512380664187,0.0,542.0,542,5.0,1,,139.8041237113402,136.0,74.0,203.0,13561.0,37.61693966133524,0.24529499854975056,1.4641412158164575
ID155043,155043,92,10.420146942138672,29.02706791131809,153.15075627695296,0.0,630.0,630,5.0,1,,135.49484536082474,132.0,67.0,205.0,13143.0,40.139632251922635,0.22755278392214087,1.251472634719215
ID90530,90530,92,9.31781005859375,90.5707109862433,127.26967413402272,0.0,357.0,357,5.0,1,,129.36082474226805,124.0,75.0,201.0,12548.0,34.862284290897826,0.2172208056532294,1.324368932613518
ID122274,122274,92,7.617948532104492,30.085627279654243,160.59518100495825,0.0,491.0,491,5.0,1,,125.56701030927834,125.0,72.0,180.0,12180.0,28.718790022277105,0.18417844953681128,1.3600694037740717
ID160161,160161,92,8.843704223632812,23.813787058807396,133.41441201885684,0.0,651.0,651,5.0,1,,131.39175257731958,127.0,71.0,186.0,12745.0,32.92369862684747,0.2027528739446914,1.3454888376091214
ID103845,103845,92,8.93792724609375,74.49367362871553,140.51118794032348,0.0,416.0,416,5.0,1,,127.96907216494846,120.0,67.0,199.0,12413.0,36.213042542319215,0.2044843515306678,1.1998554221936366
ID141739,141739,92,9.09382152557373,23.541015600952864,173.55868145954253,0.0,573.0,573,5.0,1,,129.8041237113402,129.0,71.0,197.0,12591.0,35.77727373838318,0.20692503600418546,1.2440676144696274
ID86449,86449,92,8.71961498260498,100.21744476571537,121.38794105588524,0.0,343.0,343,5.0,1,,124.11340206185567,120.0,68.0,201.0,12039.0,37.411527938329534,0.18490852491292084,1.0354171167258532
ID151987,151987,92,10.729012489318848,18.80059169652039,156.89130283617868,0.0,619.0,619,5.0,1,,140.88659793814432,135.0,80.0,208.0,13666.0,36.97997101153197,0.24654514414193335,1.5070288049402434
ID163251,163251,92,10.529902458190918,22.469257188703484,125.87098618047935,0.0,665.0,665,5.0,1,,130.10309278350516,123.0,67.0,203.0,12620.0,38.82291112004678,0.2696305745013032,1.4233813901936219
ID182707,182707,92,9.520782470703125,25.024152790891993,147.52571699528872,0.0,746.0,746,5.0,1,,137.04123711340208,135.0,79.0,200.0,13293.0,34.606092167713406,0.21650917318568916,1.4095796441605117
ID128435,128435,92,10.276806831359863,10.933821696623705,164.46381100843897,0.0,518.0,518,5.0,1,,139.95876288659792,136.0,80.0,205.0,13576.0,35.488823805816324,0.23567716359604096,1.5043571930231183
ID185776,185776,92,10.511649131774902,11.225543772466398,155.72155341110098,0.0,761.0,761,5.0,1,,141.88659793814432,140.0,85.0,202.0,13763.0,34.32985711224383,0.2489400385976121,1.6476028690576665
ID108981,108981,92,9.343649864196777,56.77414182326318,139.68320971742241,0.0,436.0,436,5.0,1,,132.63917525773195,129.0,66.0,204.0,12866.0,36.859017883181785,0.20425228511342222,1.2206959233767911
ID78260,78260,92,8.822877883911133,70.6493412186918,123.13626677050964,0.0,311.0,311,5.0,1,,123.9278350515464,115.0,61.0,197.0,12021.0,38.65532720474427,0.18744589853536958,1.0121656981026477
ID175543,175543,92,10.071179389953613,36.66772814104729,148.07011827003683,0.0,715.0,715,5.0,1,,133.63917525773195,128.0,72.0,206.0,12963.0,38.04169466054382,0.22635606320275936,1.2968193333312714
ID74167,74167,92,8.548662185668945,54.195142628789334,134.74100305426765,0.0,294.0,294,5.0,1,,125.1340206185567,119.0,66.0,196.0,12138.0,34.478444010346095,0.1885864447863622,1.1516948813674075
ID68025,68025,92,9.016986846923828,62.59782924930486,130.86550641061567,0.0,269.0,269,5.0,1,,130.44329896907217,124.0,59.0,198.0,12653.0,37.25810009027257,0.1993591871388951,1.163906389618583
ID94652,94652,92,9.763233184814453,63.042797980946865,140.69885771174344,0.0,379.0,379,5.0,1,,135.56701030927834,132.0,65.0,198.0,13150.0,36.22985279678867,0.2200538607285773,1.3497938144848154
ID117185,117185,92,8.865467071533203,33.654816752526536,157.3115031562129,0.0,473.0,473,5.0,1,,128.28865979381445,122.0,64.0,196.0,12444.0,35.8506621169931,0.1944948519297407,1.1653192241646584
ID98752,98752,92,10.5747652053833,64.1116921571974,136.23535148790256,0.0,394.0,394,5.0,1,,136.89690721649484,135.0,53.0,205.0,13279.0,40.678742538354335,0.2375201622823573,1.291826861205814
ID45508,45508,92,8.497652053833008,50.744310612399566,137.3266670004793,0.0,177.0,177,5.0,1,,115.08247422680412,105.0,56.0,202.0,11163.0,39.96291773399977,0.17076480893131188,0.8400607888645606
ID51654,51654,92,8.109613418579102,37.700812266273424,127.60239565704404,0.0,202.0,202,5.0,1,,120.22680412371135,109.0,61.0,190.0,11662.0,35.66525653987341,0.17470234655496267,1.0026672925591835
ID87494,87494,92,9.197582244873047,96.85007796996857,123.95452871075786,0.0,346.0,346,5.0,1,,130.1958762886598,125.0,79.0,196.0,12629.0,35.2357060780378,0.20324144821754656,1.2482562325864692
ID57801,57801,92,9.259048461914062,45.00574512595849,113.9551028558004,0.0,227.0,227,5.0,1,,126.91752577319588,114.0,68.0,195.0,12311.0,37.99963544317804,0.19970226959437326,1.1119408430089
ID146891,146891,92,9.810038566589355,19.643074148770147,177.4028826531598,0.0,596.0,596,5.0,1,,126.85567010309278,122.0,62.0,197.0,12305.0,39.90222155749435,0.22010926721630175,1.147050149616895
ID167375,167375,92,8.949810028076172,35.83762267317947,129.38353174486923,0.0,682.0,682,5.0,1,,120.52577319587628,115.0,59.0,191.0,11691.0,38.825757339550904,0.19442970928456124,1.0106296039477163
ID73167,73167,92,8.92890739440918,53.932491518824854,137.39783267273876,0.0,290.0,290,5.0,1,,127.76288659793815,123.0,60.0,193.0,12393.0,35.71757655432532,0.19915882935822013,1.1881617910923836
ID82382,82382,92,8.67560863494873,86.4552806034809,128.337626115588,0.0,327.0,327,5.0,1,,129.36082474226805,123.0,69.0,193.0,12548.0,34.2555304437018,0.19418147676116934,1.2281164361266974
ID178647,178647,92,10.14576244354248,30.756587879612415,157.5305116673006,0.0,728.0,728,5.0,1,,139.1237113402062,134.0,78.0,195.0,13495.0,34.39847917300717,0.24107709676644487,1.5712637818286865
ID127447,127447,92,10.465444564819336,14.462718926840232,158.27790515168144,0.0,513.0,513,5.0,1,,140.02061855670104,136.0,73.0,207.0,13582.0,38.52298539547615,0.23338761630007032,1.3755623367823209
ID121302,121302,92,9.812116622924805,26.099718825045667,159.2112668617124,0.0,492.0,492,5.0,1,,138.39175257731958,130.0,85.0,201.0,13424.0,33.50608051192317,0.22500936386976386,1.5173220202004272
ID143829,143829,92,11.086771965026855,22.20746636300029,168.06296649725724,0.0,582.0,582,5.0,1,,139.35051546391753,133.0,83.0,206.0,13517.0,36.98339752429274,0.2657722480274262,1.5822890764224833
ID112089,112089,92,9.857233047485352,54.21370889602939,146.33452586524317,0.0,452.0,452,5.0,1,,134.91752577319588,128.0,80.0,201.0,13087.0,37.29210989580905,0.21782926127618882,1.2942292842484908
ID89560,89560,92,9.878799438476562,89.96304112591368,129.3781609192917,0.0,358.0,358,5.0,1,,130.6701030927835,126.0,74.0,197.0,12675.0,37.1603287709388,0.23200850136279308,1.324392997584966
ID133595,133595,92,10.431623458862305,16.58798823308554,169.48225161172854,0.0,539.0,539,5.0,1,,140.0,142.0,69.0,203.0,13580.0,38.15593007646387,0.23638640370388678,1.403021286134863
ID61915,61915,92,8.936481475830078,57.19634425872435,118.34238463524008,0.0,243.0,243,5.0,1,,131.1958762886598,123.0,82.0,199.0,12726.0,34.47391501050037,0.19837076827720557,1.2599289127904196
ID116189,116189,92,9.205911636352539,42.94389943713382,154.5295733777585,0.0,468.0,468,5.0,1,,134.1958762886598,129.0,85.0,193.0,13017.0,32.38075533632906,0.21960062697338512,1.4924442867880254
ID137694,137694,92,11.458600997924805,13.740036884673318,178.47213912785097,0.0,556.0,556,5.0,1,,142.88659793814432,138.0,74.0,209.0,13860.0,38.81550277935023,0.2725382572898129,1.5767865346268057
ID188899,188899,92,8.659648895263672,19.883481271810158,150.8706308877463,0.0,774.0,774,5.0,1,,127.47422680412372,120.0,75.0,196.0,12365.0,34.23481804133073,0.19155374787201357,1.1971852978594457
ID81378,81378,92,10.36025619506836,79.02960227404392,121.05900427712068,0.0,324.0,324,5.0,1,,136.42268041237114,129.0,69.0,212.0,13233.0,38.41544693966065,0.23064078480484246,1.3311147221547082
ID93666,93666,92,9.034005165100098,77.37743821524678,126.57631058055338,0.0,374.0,374,5.0,1,,128.31958762886597,121.0,76.0,197.0,12447.0,35.19456231429573,0.2089099502707529,1.260121889827289
ID140774,140774,92,9.941499710083008,20.718660845853037,174.41127127349907,0.0,572.0,572,5.0,1,,136.31958762886597,132.0,78.0,198.0,13223.0,36.35460378679494,0.22738958169862425,1.3893669817596894
ID67047,67047,92,9.609618186950684,63.003583039410124,128.70150360761755,0.0,268.0,268,5.0,1,,130.4536082474227,121.0,58.0,207.0,12654.0,39.581935225806376,0.20659965256559767,1.1286400537593708
ID102887,102887,92,6.366415977478027,68.18226631427937,138.27928994804768,0.0,413.0,413,5.0,1,,108.97938144329896,100.0,57.0,175.0,10571.0,32.059833183908935,0.12240913448967139,0.7414394854477571
ID50663,50663,92,9.20449447631836,40.177824125118846,133.40745350798562,0.0,197.0,197,5.0,1,,128.53608247422682,120.0,68.0,198.0,12468.0,35.99654551008741,0.20897290684907865,1.2344333484199994
ID154085,154085,92,10.255888938903809,22.885761276778496,155.2245485769048,0.0,624.0,624,5.0,1,,140.64948453608247,137.0,79.0,195.0,13643.0,35.2940154385017,0.23548480456250867,1.5191216352232186
ID184810,184810,92,9.208979606628418,15.274045939288246,144.89120729985845,0.0,755.0,755,5.0,1,,132.49484536082474,127.0,80.0,193.0,12852.0,34.3071675307982,0.2105839847700616,1.343614030161498
ID85485,85485,92,7.714483261108398,103.87769436414942,123.46674637733064,0.0,342.0,342,5.0,1,,119.98969072164948,114.0,66.0,185.0,11639.0,34.778913284896504,0.1611576316308182,0.9576738245935414
ID181742,181742,92,11.266345977783203,17.756255289917902,146.0325328650253,0.0,742.0,742,5.0,1,,138.659793814433,133.0,64.0,208.0,13450.0,39.42447595242975,0.2623886728931573,1.4620647632086692
ID148975,148975,92,11.2473783493042,19.379872213672623,171.10912897743145,0.0,605.0,605,5.0,1,,136.49484536082474,126.0,81.0,216.0,13240.0,39.43933202594741,0.2785370358559822,1.5079478846648797
ID126450,126450,92,10.090557098388672,19.637203162130206,155.789172289954,0.0,509.0,509,5.0,1,,137.39175257731958,132.0,75.0,203.0,13327.0,36.58795245165833,0.22869762323232007,1.3978777300582452
ID77301,77301,92,9.54914379119873,65.92803416276459,119.36913368826141,0.0,306.0,306,5.0,1,,132.60824742268042,127.0,65.0,198.0,12863.0,35.708179706310204,0.21500868534519607,1.3143451913360422
ID56824,56824,92,9.715526580810547,42.38935500434667,117.7702970860783,0.0,223.0,223,5.0,1,,134.27835051546393,131.0,72.0,207.0,13025.0,36.24877649315711,0.21958292339340824,1.333920260460748
ID170490,170490,92,9.767643928527832,25.41556550685145,133.23644467703974,0.0,694.0,694,5.0,1,,130.90721649484536,125.0,59.0,195.0,12698.0,36.32265204450787,0.2320433868065587,1.357560607332584
ID97789,97789,92,9.918428421020508,58.26351951424698,136.46220340134718,0.0,392.0,392,5.0,1,,136.06185567010309,128.0,75.0,207.0,13198.0,37.98404666023994,0.21797103195953943,1.2821149838827623
ID108029,108029,92,9.248591423034668,57.86405605722318,141.83949650522794,0.0,437.0,437,5.0,1,,132.01030927835052,125.0,75.0,199.0,12805.0,35.79644269027791,0.20354835179942707,1.2473893204827826
ID162303,162303,92,8.547216415405273,23.552389158378684,131.55478397836717,0.0,662.0,662,5.0,1,,124.85567010309278,120.0,64.0,203.0,12111.0,37.78033816537425,0.17636561063406897,0.9909323598813989
ID49665,49665,92,9.118645668029785,42.448404102775456,128.3043885764167,0.0,194.0,194,5.0,1,,128.68041237113403,123.0,64.0,205.0,12482.0,37.7763556980842,0.19399443474387407,1.1069024514575816
ID72192,72192,92,10.027992248535156,51.7077891765979,130.5946742470861,0.0,285.0,285,5.0,1,,129.4536082474227,124.0,48.0,213.0,12557.0,42.555605931768035,0.22051788873162695,1.0992261557289702
ID174592,174592,92,10.328177452087402,39.82026486405014,149.60783287189068,0.0,711.0,711,5.0,1,,135.76288659793815,134.0,78.0,195.0,13169.0,35.93100251288233,0.24834181291348564,1.5033429117892039
ID157191,157191,92,10.614582061767578,27.750976950621368,153.6097273816421,0.0,640.0,640,5.0,1,,138.1340206185567,135.0,72.0,203.0,13399.0,38.602306943686294,0.24724050194131741,1.4186876891418334
ID159237,159237,92,10.84129524230957,21.298800317436445,139.15023793245743,0.0,647.0,647,5.0,1,,139.63917525773195,136.0,75.0,197.0,13545.0,37.11165179984197,0.25775058663740047,1.5421695360933843
ID145931,145931,92,9.610799789428711,22.309529702600784,176.68062555966802,0.0,591.0,591,5.0,1,,133.90721649484536,130.0,87.0,197.0,12989.0,32.28553677546225,0.23846675054624605,1.5972373206826163
ID60940,60940,92,9.48487663269043,53.722233616934,113.35824265000973,0.0,240.0,240,5.0,1,,130.37113402061857,129.0,60.0,194.0,12646.0,39.165599166559446,0.20610953794119297,1.1376744421885965
ID66060,66060,92,9.660688400268555,59.295562017044524,119.28248343419783,0.0,261.0,261,5.0,1,,132.42268041237114,128.0,70.0,205.0,12845.0,37.95881404330071,0.21226676799233435,1.2216970977223949
ID120332,120332,92,10.580926895141602,28.289485651857454,161.32991733010053,0.0,483.0,483,5.0,1,,141.5463917525773,140.0,91.0,203.0,13730.0,34.89031044411325,0.2501371718111333,1.6234709854095726
ID92687,92687,92,9.048554420471191,83.02972626346535,125.35263419975904,0.0,368.0,368,5.0,1,,127.18556701030928,120.0,72.0,201.0,12337.0,36.800229249995624,0.1946129766071898,1.126060875112559
ID166413,166413,92,9.078107833862305,38.30546816822812,128.23388754382913,0.0,678.0,678,5.0,1,,127.0721649484536,121.0,79.0,201.0,12326.0,34.55528403354797,0.21037582874302202,1.278325803203501
ID115217,115217,92,9.896687507629395,47.74450311199279,152.14498897437846,0.0,464.0,464,5.0,1,,130.4536082474227,124.0,65.0,202.0,12654.0,38.32264904143847,0.22483997273857098,1.2497545955943041
ID136722,136722,92,9.762760162353516,14.430211199210321,179.20180842413288,0.0,554.0,554,5.0,1,,131.79381443298968,124.0,79.0,209.0,12784.0,36.866860159320225,0.22272648028132494,1.3023610765665579
ID111120,111120,92,10.187759399414062,53.75866946332669,149.68008832291372,0.0,448.0,448,5.0,1,,136.90721649484536,131.0,77.0,204.0,13280.0,36.23277822929203,0.23603399732513994,1.443108038221015
ID88600,88600,92,9.43108081817627,91.9906302401071,122.27631080706917,0.0,352.0,352,5.0,1,,128.81443298969072,122.0,71.0,204.0,12495.0,35.32566639407623,0.22260564116915457,1.3278650160056495
ID80413,80413,92,9.889975547790527,77.59257696883758,113.57873158170534,0.0,320.0,320,5.0,1,,133.94845360824743,135.0,65.0,208.0,12993.0,39.319834671898484,0.22025502141415235,1.2297907768344933
ID151068,151068,92,10.875785827636719,17.68311492185582,168.84068628710497,0.0,613.0,613,5.0,1,,133.69072164948454,125.0,67.0,208.0,12968.0,37.99955066202052,0.26640186610244865,1.4801936027879208
ID192034,192034,92,7.97407341003418,5.91932127587857,140.16346259447025,0.0,785.0,785,5.0,1,,123.4020618556701,120.0,65.0,190.0,11970.0,33.81896034826914,0.18075970761846114,1.1172034409546594
ID177696,177696,92,10.883954048156738,32.26749955214803,154.92981190455868,0.0,727.0,727,5.0,1,,143.1237113402062,138.0,84.0,205.0,13883.0,34.72128841814207,0.2610401136230953,1.7065699763655906
ID48676,48676,92,9.494842529296875,43.88858094073671,127.95683383139777,0.0,193.0,193,5.0,1,,130.7835051546392,121.0,70.0,201.0,12686.0,36.317531006653574,0.2092041622668044,1.2460553664862244
ID139814,139814,92,9.689697265625,9.624057560535034,174.25621425323982,0.0,563.0,563,5.0,1,,131.56701030927834,125.0,70.0,201.0,12762.0,37.083775432709686,0.21973100567246084,1.278263355111064
ID173606,173606,92,11.439725875854492,36.0913635256845,148.35395816114,0.0,707.0,707,5.0,1,,133.77319587628867,127.0,66.0,214.0,12976.0,41.69519985228095,0.27852352262648267,1.3978681026264692
ID180774,180774,92,9.259647369384766,21.74046264734212,137.9238802262138,0.0,738.0,738,5.0,1,,127.87628865979381,124.0,58.0,192.0,12404.0,34.915749112434554,0.21528153637914854,1.2975632569564757
ID107044,107044,92,9.92535400390625,54.50672351611117,148.43081207682735,0.0,430.0,430,5.0,1,,134.24742268041237,133.0,63.0,200.0,13022.0,39.58220110516717,0.21994882004886585,1.2229706557497912
ID132644,132644,92,9.365971565246582,16.613064923847617,171.4787020914663,0.0,536.0,536,5.0,1,,134.28865979381445,135.0,75.0,201.0,13026.0,34.88402176106998,0.21496688654137772,1.3622283406103166
ID71209,71209,92,8.798969268798828,63.25585779961584,129.2647567348006,0.0,282.0,282,5.0,1,,121.05154639175258,112.0,62.0,195.0,11742.0,39.674028851278706,0.1865451611948419,0.9593868211439925
ID101928,101928,92,8.014086723327637,60.6104453990941,142.5981245757523,0.0,406.0,406,5.0,1,,122.01030927835052,115.0,63.0,197.0,11835.0,35.645679625236745,0.16877797666151084,0.9885607902311102
ID55852,55852,92,9.594322204589844,42.30532207078797,112.81473036357728,0.0,219.0,219,5.0,1,,132.1340206185567,128.0,77.0,200.0,12817.0,35.20168937292505,0.22268339907491339,1.3672721432594634
ID125485,125485,92,9.3831787109375,20.28055162463603,156.67397963814724,0.0,506.0,506,5.0,1,,131.8762886597938,127.0,77.0,199.0,12792.0,35.84958673981902,0.21265874500253354,1.2902004887007827
ID169519,169519,92,10.274518966674805,30.08271248879294,133.15283274442416,0.0,693.0,693,5.0,1,,134.02061855670104,124.0,64.0,199.0,13000.0,36.97830990973045,0.23846008650025186,1.3956876591032716
ID187954,187954,92,10.441746711730957,15.549317177963376,152.37616287041445,0.0,768.0,768,5.0,1,,139.51546391752578,136.0,72.0,203.0,13533.0,39.49290901596078,0.2335067073749324,1.3374915999586685
ID165425,165425,92,9.540914535522461,36.53105314952155,122.30946234072806,0.0,674.0,674,5.0,1,,127.19587628865979,124.0,59.0,196.0,12338.0,39.98948798727656,0.20916572975311373,1.1004286375259003
ID84535,84535,92,7.723307132720947,95.86686463377065,126.44892002699092,0.0,338.0,338,5.0,1,,114.68041237113403,109.0,59.0,190.0,11124.0,34.98200322777669,0.17100302096054054,0.9574593252669952
ID142905,142905,92,8.034383773803711,21.291604860618552,169.28295297357488,0.0,577.0,577,5.0,1,,117.21649484536083,112.0,62.0,179.0,11370.0,34.480739431638895,0.18202202821148747,1.0469851806729045
ID153145,153145,92,10.133590698242188,18.321628249227373,149.95059112142224,0.0,625.0,625,5.0,1,,137.36082474226805,131.0,76.0,207.0,13324.0,36.43149552213553,0.22982226837286274,1.409177305152726
ID65086,65086,92,8.307125091552734,53.80199554635958,118.99552974003822,0.0,257.0,257,5.0,1,,126.35051546391753,119.0,67.0,194.0,12256.0,32.740787901940635,0.18466859494340418,1.2031341566371436
ID87615,87615,92,8.7430419921875,96.95229717903507,120.17052243712133,0.0,350.0,350,5.0,1,,126.95876288659794,120.0,70.0,203.0,12315.0,32.59950073933048,0.20722310374871888,1.3370029469701286
ID96833,96833,92,8.695151329040527,55.028376707890644,140.92346564015278,0.0,386.0,386,5.0,1,,127.42268041237114,117.0,61.0,187.0,12360.0,34.884283427362384,0.1900304128702971,1.1665731519699905
ID183879,183879,92,10.535480499267578,17.162833854027223,146.75872090789494,0.0,749.0,749,5.0,1,,141.91752577319588,137.0,86.0,208.0,13766.0,35.615326202087495,0.24434283910290866,1.564907468095396
ID76358,76358,92,9.14926528930664,65.94088995220284,120.51017663901787,0.0,302.0,302,5.0,1,,129.36082474226805,122.0,67.0,198.0,12548.0,36.65184896626701,0.20507772850683112,1.2012691428078195
ID59976,59976,92,9.331104278564453,55.78135317599082,113.77385174222508,0.0,237.0,237,5.0,1,,133.10309278350516,132.0,66.0,194.0,12911.0,34.89194168431614,0.21326646627587836,1.341094505841198
ID119368,119368,92,6.763844966888428,35.82316092074592,160.19957768225808,0.0,479.0,479,5.0,1,,109.50515463917526,99.0,56.0,188.0,10622.0,35.399836308278616,0.12194083780528567,0.6724229427099102
ID161353,161353,92,11.253408432006836,25.19340379401972,131.64925679880957,0.0,657.0,657,5.0,1,,141.17525773195877,132.0,86.0,210.0,13694.0,37.45581016046285,0.27551584649428745,1.6282838445224008
ID191052,191052,92,8.145618438720703,8.182969127954244,139.24592254284386,0.0,783.0,783,5.0,1,,122.21649484536083,116.0,65.0,191.0,11855.0,35.0571636771418,0.17334796783757475,1.0300895293753192
ID91726,91726,92,9.92068862915039,83.60668255515743,126.09215052809272,0.0,366.0,366,5.0,1,,130.70103092783506,123.0,64.0,213.0,12678.0,40.02217222689756,0.2161005263725855,1.1606324280573876
ID135763,135763,92,9.723766326904297,17.20326580632236,177.94683165675323,0.0,546.0,546,5.0,1,,136.30927835051546,130.0,78.0,200.0,13222.0,33.378311578760204,0.22624135232409073,1.50690918568425
ID156240,156240,92,9.973713874816895,34.22732985023843,152.1845628227375,0.0,635.0,635,5.0,1,,132.5979381443299,128.0,68.0,198.0,12862.0,37.09550169096608,0.22921860822217552,1.3331108490794024
ID106066,106066,92,10.204532623291016,63.12173699866314,144.90081738111948,0.0,426.0,426,5.0,1,,137.4020618556701,131.0,72.0,205.0,13328.0,36.9040591132981,0.233507693572154,1.409640730333623
ID148055,148055,92,10.7619047164917,19.785912105005334,171.3983401751286,0.0,602.0,602,5.0,1,,136.50515463917526,129.0,69.0,209.0,13241.0,39.50029633626715,0.24407073971554832,1.3559676700261083
ID172628,172628,92,10.7495698928833,39.1501777529475,144.85229213744196,0.0,705.0,705,5.0,1,,131.2164948453608,123.0,57.0,202.0,12728.0,38.65047078306521,0.26251194094096647,1.4118131036563284
ID110166,110166,92,10.35965347290039,60.833348896761144,146.07862338254407,0.0,441.0,441,5.0,1,,141.28865979381445,136.0,76.0,202.0,13705.0,35.52697295802357,0.2357670401449165,1.5174890972521478
ID124502,124502,92,10.388642311096191,23.224880922242363,154.81214774293886,0.0,504.0,504,5.0,1,,139.97938144329896,135.0,84.0,199.0,13578.0,35.739211478618294,0.2440657030344688,1.5367829625145557
ID114265,114265,92,10.415294647216797,48.43783439325501,152.10090570299815,0.0,463.0,463,5.0,1,,138.7835051546392,136.0,82.0,197.0,13462.0,34.78631998960574,0.24858143117985887,1.5885876146557005
ID131674,131674,92,10.490983009338379,13.515821057512639,168.19840604046595,0.0,530.0,530,5.0,1,,139.05154639175257,136.0,72.0,203.0,13488.0,38.728857440227046,0.23556676082373307,1.369048795909252
ID100955,100955,92,10.289888381958008,63.33247285077863,141.16193247641678,0.0,404.0,404,5.0,1,,131.96907216494844,126.0,50.0,210.0,12801.0,41.88661620181902,0.22668869270458997,1.164454108185612
ID168546,168546,92,10.439098358154297,29.70698079324187,128.996126898821,0.0,687.0,687,5.0,1,,131.1958762886598,127.0,59.0,206.0,12726.0,41.76787022123428,0.23142247311134953,1.1806095850532845
ID64097,64097,92,9.53664779663086,62.14505663435628,116.97992502613785,0.0,252.0,252,5.0,1,,133.04123711340208,123.0,77.0,200.0,12905.0,36.598587611003175,0.2089111291941758,1.256374593183499
ID75364,75364,92,7.52232027053833,58.025600501821046,123.56230535084194,0.0,299.0,299,5.0,1,,116.45360824742268,107.0,62.0,186.0,11296.0,34.44591794228451,0.15967740174599301,0.9310037823043955
ID144996,144996,92,11.251070022583008,21.69244726299207,175.54892974459474,0.0,588.0,588,5.0,1,,139.06185567010309,134.0,78.0,207.0,13489.0,38.285064111486335,0.27808118756959294,1.58059936980127
ID47719,47719,92,8.281516075134277,55.26866865707802,132.1396626291393,0.0,186.0,186,5.0,1,,125.69072164948453,119.0,71.0,186.0,12192.0,33.383928526295364,0.1817655906095479,1.1581801169998518
ID179817,179817,92,10.59827709197998,21.606985532278465,143.2053460044482,0.0,734.0,734,5.0,1,,138.89690721649484,134.0,78.0,202.0,13473.0,36.41384939600662,0.24745776296960642,1.513321534372543
ID70252,70252,92,8.748074531555176,61.23926718870555,129.46994724552673,0.0,278.0,278,5.0,1,,124.73195876288659,118.0,64.0,191.0,12099.0,37.89060884746529,0.1878355121397972,1.0411122405591344
ID79471,79471,92,9.967889785766602,77.1068607591373,117.5932217451475,0.0,316.0,316,5.0,1,,136.09278350515464,133.0,76.0,200.0,13201.0,36.32093131441417,0.230427542572712,1.4034161205511528
ID176754,176754,92,10.198762893676758,36.58900671441613,154.41485252457701,0.0,721.0,721,5.0,1,,141.04123711340208,142.0,76.0,195.0,13681.0,36.097356068281165,0.23391123262297359,1.4813847538624967
ID118387,118387,92,6.324419975280762,38.602792188118684,160.87460397930954,0.0,478.0,478,5.0,1,,110.9278350515464,104.0,59.0,166.0,10760.0,31.138884929283766,0.12977319950329907,0.8183917073033828
ID105074,105074,92,10.078165054321289,69.17317790391542,145.42937714903263,0.0,420.0,420,5.0,1,,135.41237113402062,133.0,75.0,197.0,13135.0,36.33402691730564,0.23419253751385322,1.4143762041922865
ID95861,95861,92,10.133387565612793,55.47851419518702,142.98790922300594,0.0,385.0,385,5.0,1,,133.8659793814433,126.0,78.0,203.0,12985.0,39.72185294487871,0.2263632974138387,1.2441065691469684
ID158327,158327,92,9.886930465698242,21.622108436897086,149.38841074595365,0.0,643.0,643,5.0,1,,134.39175257731958,135.0,69.0,199.0,13036.0,37.56398893361581,0.2242142723986505,1.310499094221287
ID54902,54902,92,7.586786270141602,42.11609784559409,123.73378291945538,0.0,214.0,214,5.0,1,,115.69072164948453,104.0,66.0,189.0,11222.0,36.25613764843314,0.14795247184172852,0.8225178024636794
ID164468,164468,92,11.10266399383545,29.220931883742253,123.6676019798799,0.0,668.0,668,5.0,1,,131.81443298969072,124.0,75.0,206.0,12786.0,39.2938528634217,0.28376836521510757,1.4830153819763878
ID186997,186997,92,10.513245582580566,15.256725024053582,154.4984108379566,0.0,763.0,763,5.0,1,,138.39175257731958,135.0,82.0,201.0,13424.0,36.12667432712489,0.24904007978287113,1.5275839729118663
ID59000,59000,92,9.078544616699219,53.57210430490025,108.24869276186627,0.0,233.0,233,5.0,1,,129.55670103092783,126.0,69.0,193.0,12567.0,37.29191407892739,0.19544419069713617,1.1359747072923645
ID46715,46715,92,8.400887489318848,52.81631383335786,133.13565153110812,0.0,182.0,182,5.0,1,,118.94845360824742,113.0,55.0,191.0,11538.0,36.585906648490976,0.18130388399308142,0.9979768109853383
ID138877,138877,92,10.381550788879395,10.037496511826216,174.20594859877818,0.0,564.0,564,5.0,1,,134.1237113402062,124.0,75.0,202.0,13010.0,38.715645451795595,0.23509807036737718,1.318853861495345
ID190077,190077,92,9.425138473510742,16.291427267344083,147.26859780271695,0.0,777.0,777,5.0,1,,131.10309278350516,125.0,78.0,196.0,12717.0,36.8802918621186,0.20683701364003346,1.2185075391224418
ID69250,69250,92,7.5132904052734375,63.97764855599566,124.75752887964757,0.0,274.0,274,5.0,1,,129.4742268041237,130.0,63.0,180.0,12559.0,27.953120272872773,0.1789161176747295,1.4058843265498733
ID123522,123522,92,10.385848045349121,24.837674544465795,157.49435629590235,0.0,496.0,496,5.0,1,,140.41237113402062,139.0,79.0,198.0,13620.0,36.97063941419134,0.23862991818444496,1.4633955619581673
ID53892,53892,92,8.746021270751953,41.22055203913464,127.69989017130015,0.0,210.0,210,5.0,1,,130.11340206185568,125.0,84.0,185.0,12621.0,32.14708264649239,0.20672591433508525,1.3867454307604985
ID83589,83589,92,9.555899620056152,91.56264637952854,123.87130548499468,0.0,334.0,334,5.0,1,,132.53608247422682,126.0,72.0,202.0,12856.0,36.96790890299035,0.21166194660948914,1.252565821674028
ID52871,52871,92,9.336874008178711,41.66454223480925,128.90189773023394,0.0,205.0,205,5.0,1,,130.83505154639175,121.0,73.0,203.0,12691.0,38.00210531787766,0.20009985577368375,1.148089751892498
ID150154,150154,92,10.20730972290039,17.74906023959213,171.89642359241378,0.0,609.0,609,5.0,1,,127.28865979381443,122.0,68.0,201.0,12347.0,36.86743107712828,0.2544591356314972,1.4006781745774273
ID160395,160395,92,10.595043182373047,26.080180937948537,131.39097404563822,0.0,653.0,653,5.0,1,,142.88659793814432,144.0,68.0,206.0,13860.0,36.8247189083693,0.23958407550540975,1.4999058920437351
ID113292,113292,92,7.619553565979004,47.06438079497262,144.22141155573027,0.0,455.0,455,5.0,1,,121.91752577319588,114.0,70.0,188.0,11826.0,31.362686861105608,0.16759423572349838,1.115963548672847
ID99983,99983,92,8.733238220214844,65.24981593837076,135.09503424072858,0.0,401.0,401,5.0,1,,119.5360824742268,108.0,39.0,201.0,11595.0,39.522689120636265,0.18324863905616096,0.9368008419509084
ID130703,130703,92,10.570000648498535,11.994377058056143,166.34408362284455,0.0,528.0,528,5.0,1,,140.55670103092783,133.0,81.0,201.0,13634.0,36.05897052981551,0.24893317721862307,1.5538597138155574
ID63120,63120,92,8.716625213623047,56.80522934428751,118.31577414635574,0.0,249.0,249,5.0,1,,123.1340206185567,123.0,42.0,196.0,11944.0,37.84415104135957,0.18527975875182806,1.0172235301299861
ID155283,155283,92,10.580204963684082,28.693290791464996,151.48197034358907,0.0,631.0,631,5.0,1,,135.22680412371133,134.0,56.0,204.0,13117.0,41.782797784754074,0.23674364425637365,1.2390644712165493
ID90770,90770,92,10.07114028930664,90.3536186465306,129.17952872320495,0.0,360.0,360,5.0,1,,131.36082474226805,126.0,66.0,199.0,12742.0,38.730690233707186,0.23843128565286673,1.305966242553017
ID129685,129685,92,10.248149871826172,12.174932801511163,165.28861578088078,0.0,525.0,525,5.0,1,,136.6701030927835,131.0,75.0,201.0,13257.0,37.087093905619795,0.23305308421529378,1.3930085904732459
ID122516,122516,92,10.11172866821289,24.310312878024202,160.59968843582735,0.0,495.0,495,5.0,1,,140.53608247422682,139.0,87.0,200.0,13632.0,34.30805962636857,0.23861728529000942,1.5782886984117594
ID186007,186007,92,10.015435218811035,10.27416317735053,151.27690085418274,0.0,760.0,760,5.0,1,,137.75257731958763,133.0,82.0,211.0,13362.0,35.79834462182896,0.22475799081760522,1.4123152342081198
ID104093,104093,92,9.856162071228027,70.79171005024206,143.2314807341824,0.0,419.0,419,5.0,1,,134.06185567010309,131.0,67.0,201.0,13004.0,37.72897163569775,0.2193526333449143,1.2784206770033224
ID152222,152222,92,9.73779010772705,17.349158308614417,163.93506235031634,0.0,617.0,617,5.0,1,,133.8041237113402,128.0,78.0,195.0,12979.0,34.79333005262938,0.22698312249682343,1.422847889919419
ID78492,78492,92,8.646343231201172,71.72882911155344,120.01430514236864,0.0,312.0,312,5.0,1,,129.38144329896906,128.0,70.0,186.0,12550.0,33.57219934303564,0.19588512263653657,1.262508130884347
ID134812,134812,92,10.185527801513672,13.280961481738354,178.52269836435283,0.0,545.0,545,5.0,1,,138.03092783505156,131.0,87.0,199.0,13389.0,36.32333203564648,0.23570651758416372,1.4496961197011549
ID86686,86686,92,8.688243865966797,102.937760258004,122.87899145260151,0.0,344.0,344,5.0,1,,125.89690721649484,116.0,74.0,195.0,12212.0,35.435529644248085,0.18732275771848525,1.1210574760492762
ID163489,163489,92,11.65761661529541,24.619386865416185,122.50218952872198,0.0,666.0,666,5.0,1,,132.38144329896906,125.0,66.0,205.0,12841.0,43.83644870875365,0.29079261521819566,1.3606569516702816
ID167592,167592,92,10.65190601348877,32.29991187397718,131.80216230056,0.0,684.0,684,5.0,1,,134.7319587628866,125.0,76.0,210.0,13069.0,39.97173883506047,0.24534177998769408,1.3280992501698001
ID171688,171688,92,10.594057083129883,34.69318540811527,138.3436654546697,0.0,698.0,698,5.0,1,,136.16494845360825,134.0,74.0,205.0,13208.0,38.82618328642497,0.2431298936414926,1.371805283719548
ID109228,109228,92,9.91199779510498,59.56840636698253,144.8031711506091,0.0,442.0,442,5.0,1,,137.35051546391753,132.0,76.0,204.0,13323.0,35.04284319381818,0.23025939384667704,1.467173996566815
ID175791,175791,92,9.565507888793945,36.34640347875239,150.64740051859593,0.0,720.0,720,5.0,1,,136.30927835051546,133.0,85.0,196.0,13222.0,32.67209590025507,0.22780748885452032,1.5481610535374948
ID74414,74414,92,8.359952926635742,53.068401888107616,131.85492461361605,0.0,295.0,295,5.0,1,,118.30927835051547,107.0,60.0,196.0,11476.0,37.38130125943715,0.17489729187482228,0.9422747809267525
ID117425,117425,92,8.370779037475586,36.82070258345317,155.98165109958094,0.0,472.0,472,5.0,1,,124.69072164948453,113.0,69.0,189.0,12095.0,35.123401750335404,0.17705030422486928,1.06799499201453
ID147122,147122,92,9.83572769165039,18.781188655657505,172.50121565447614,0.0,593.0,593,5.0,1,,127.10309278350516,119.0,68.0,201.0,12329.0,38.81593437196101,0.2318768068015149,1.232724709952775
ID128688,128688,92,10.406397819519043,7.099328021374866,162.8466683412479,0.0,523.0,523,5.0,1,,140.09278350515464,135.0,79.0,203.0,13589.0,37.24219226736962,0.2397414206883874,1.4548642935672018
ID58038,58038,92,9.080586433410645,48.45414759691755,116.2991951915057,0.0,228.0,228,5.0,1,,129.49484536082474,124.0,62.0,196.0,12561.0,36.830445883619895,0.19752409207816185,1.159875340440517
ID68279,68279,92,8.736746788024902,59.92293898147654,128.51461705003183,0.0,270.0,270,5.0,1,,125.04123711340206,118.0,61.0,197.0,12129.0,37.45355944526869,0.19177839608989483,1.0744700970150154
ID94903,94903,92,9.352225303649902,65.68171334108322,142.97929906952476,0.0,380.0,380,5.0,1,,128.82474226804123,124.0,60.0,208.0,12496.0,38.73118099727013,0.20028550850782018,1.1100268984525066
ID51896,51896,92,9.22916316986084,38.00311520843664,127.26794553456412,0.0,203.0,203,5.0,1,,127.1340206185567,116.0,68.0,203.0,12332.0,37.12244067103576,0.20081648847462136,1.1454548664206357
ID82619,82619,92,9.869958877563477,83.92405279922323,126.2879425128304,0.0,329.0,329,5.0,1,,129.49484536082474,120.0,70.0,216.0,12561.0,39.80136191957406,0.21398688553676581,1.1469849165207593
ID99003,99003,92,10.203469276428223,64.55315374352679,137.75671182441462,0.0,395.0,395,5.0,1,,129.2577319587629,123.0,50.0,206.0,12538.0,42.86030563317383,0.22579716684903656,1.1110436930811987
ID144061,144061,92,10.637842178344727,20.98975821702886,165.73824080578285,0.0,583.0,583,5.0,1,,139.79381443298968,132.0,82.0,195.0,13560.0,35.45094561042821,0.2540973381041357,1.597934584522518
ID73409,73409,92,9.346760749816895,54.13045380456543,132.18516689725845,0.0,286.0,286,5.0,1,,127.63917525773196,116.0,70.0,199.0,12381.0,37.62678167625707,0.20521866669669322,1.1552285773650341
ID45762,45762,92,9.665145874023438,51.46123410906305,137.3383912441311,0.0,178.0,178,5.0,1,,128.5979381443299,125.0,68.0,199.0,12474.0,38.501531299042306,0.2204000157704984,1.206411351595826
ID121538,121538,92,10.011714935302734,24.16251727069405,161.39278961532335,0.0,494.0,494,5.0,1,,139.4536082474227,138.0,71.0,199.0,13527.0,35.081162032539126,0.2317321800766954,1.4957390782885287
ID140998,140998,92,9.970136642456055,20.49059883852284,168.27185153081177,0.0,570.0,570,5.0,1,,138.89690721649484,136.0,82.0,203.0,13473.0,34.95159883565249,0.22914834468579856,1.4817261580733103
ID62155,62155,92,8.894153594970703,56.335537445434355,122.7335208147343,0.0,245.0,245,5.0,1,,126.79381443298969,120.0,68.0,198.0,12299.0,37.8662498540174,0.18849642113203355,1.062138123589522
ID67277,67277,92,9.979094505310059,63.760519295746725,121.52483674642394,0.0,265.0,265,5.0,1,,133.84536082474227,130.0,50.0,204.0,12983.0,40.64437748277367,0.2197435114525225,1.1865345424495006
ID189134,189134,92,8.142122268676758,20.734022744360587,150.30922536537983,0.0,772.0,772,5.0,1,,121.5360824742268,117.0,60.0,189.0,11789.0,34.90584414287184,0.17433215464697116,1.0337692963165954
ID137935,137935,92,11.343297004699707,13.16536829252714,176.68706629709942,0.0,557.0,557,5.0,1,,140.10309278350516,133.0,81.0,210.0,13590.0,37.09966434486596,0.2783340227288163,1.6444841288667469
ID112334,112334,92,8.993621826171875,46.26322238438005,146.9407605995413,0.0,454.0,454,5.0,1,,127.58762886597938,118.0,76.0,199.0,12376.0,35.658026380617656,0.19772297550075327,1.181359334057611
ID154317,154317,92,9.82503604888916,21.464364656142873,150.24521920014155,0.0,627.0,627,5.0,1,,139.16494845360825,135.0,87.0,200.0,13499.0,33.56048035896385,0.22892661884775686,1.5449059048004794
ID93905,93905,92,9.977340698242188,68.14878931206903,134.9828634644214,0.0,377.0,377,5.0,1,,132.37113402061857,128.0,71.0,203.0,12840.0,37.611589411717254,0.22410517332703458,1.288649315386078
ID185042,185042,92,9.47246265411377,14.67770337970278,147.4825501827772,0.0,756.0,756,5.0,1,,132.4020618556701,130.0,70.0,200.0,12843.0,38.02566561816463,0.20527510346352656,1.186036386649233
ID178896,178896,92,9.09361457824707,30.894632616033395,156.46836084268162,0.0,730.0,730,5.0,1,,136.7422680412371,133.0,77.0,196.0,13264.0,31.678817301719754,0.20747846470715414,1.4833971733750941
ID89810,89810,92,9.66353988647461,87.15866492792695,130.3726226766101,0.0,363.0,363,5.0,1,,132.89690721649484,126.0,78.0,198.0,12891.0,36.26996132478939,0.22006524836119817,1.3218013360033878
ID116434,116434,92,9.121420860290527,35.66978148750477,154.2602110283049,0.0,470.0,470,5.0,1,,128.89690721649484,124.0,64.0,201.0,12503.0,37.59861603616617,0.19476185195710302,1.1176946738601734
ID81622,81622,92,8.839077949523926,86.75315505011098,127.73572363410871,0.0,328.0,328,5.0,1,,130.36082474226805,123.0,77.0,188.0,12645.0,33.10657838928765,0.20020888534804576,1.3136791499802352
ID127705,127705,92,10.508313179016113,12.647001601271521,164.63868216131272,0.0,517.0,517,5.0,1,,140.60824742268042,140.0,72.0,198.0,13639.0,37.129715385453885,0.244300018007916,1.4870225764308207
ID50905,50905,92,7.326089859008789,35.31113164807828,129.33833079629875,0.0,200.0,200,5.0,1,,111.6701030927835,101.0,60.0,188.0,10832.0,36.735462444767556,0.14289403792565572,0.7601329227323892
ID149209,149209,92,10.888944625854492,19.386007951217852,172.72670027369492,0.0,604.0,604,5.0,1,,136.8041237113402,130.0,81.0,208.0,13270.0,37.947781878319795,0.2684028640319536,1.525712556245811
ID77536,77536,92,9.144951820373535,69.3169651845951,120.17842005483537,0.0,307.0,307,5.0,1,,126.49484536082474,117.0,64.0,201.0,12270.0,37.47391418021681,0.19894775413323704,1.1202437990812395
ID181984,181984,92,11.02907657623291,18.73500458820319,146.4141113002131,0.0,741.0,741,5.0,1,,135.29896907216494,130.0,73.0,206.0,13124.0,40.818236566835125,0.25337180031758066,1.3401351637820929
ID133857,133857,92,10.7676420211792,13.080725536450469,172.44811340246977,0.0,541.0,541,5.0,1,,140.9278350515464,139.0,79.0,199.0,13670.0,37.08808417770468,0.2504385934972115,1.5220582125722921
ID159462,159462,92,8.71930980682373,21.031810932003115,136.0859392111957,0.0,650.0,650,5.0,1,,128.1237113402062,118.0,78.0,193.0,12428.0,31.771074938521373,0.20417540006417306,1.367543852071501
ID44773,44773,92,5.9170241355896,52.35138933296422,134.75703795727225,0.0,174.0,174,5.0,1,,105.18556701030928,97.0,56.0,177.0,10203.0,31.019593907489618,0.11367431956875322,0.6922360269184735
ID85732,85732,92,7.871232986450195,102.36899110284615,125.5328298154087,0.0,345.0,345,5.0,1,,122.1340206185567,118.0,70.0,189.0,11847.0,33.41364144638988,0.17247433016549454,1.075384978284836
ID103140,103140,92,9.42415714263916,74.71886495412133,142.60562868594903,0.0,417.0,417,5.0,1,,132.17525773195877,126.0,74.0,195.0,12821.0,36.22298139915182,0.21500927338723508,1.2914380190967505
ID174821,174821,92,11.462078094482422,39.95256632871172,148.1862370726442,0.0,712.0,712,5.0,1,,141.90721649484536,137.0,72.0,212.0,13765.0,40.00783321067336,0.26097644304367096,1.4681951341322228
ID157418,157418,92,9.742179870605469,27.302096706594924,152.64392648522718,0.0,639.0,639,5.0,1,,136.60824742268042,130.0,88.0,194.0,13251.0,34.11395019545734,0.2286808731037282,1.4906155530145733
ID170730,170730,92,9.95561408996582,33.05937477134644,133.91339780304597,0.0,697.0,697,5.0,1,,135.53608247422682,129.0,76.0,199.0,13147.0,34.441394019306586,0.23718917491600844,1.5089086773314246
ID98024,98024,92,10.105415344238281,64.0860793092787,138.08047032915397,0.0,397.0,397,5.0,1,,132.8556701030928,125.0,58.0,202.0,12887.0,39.07791087758787,0.22655747252981415,1.2559410060033693
ID162536,162536,92,9.22404670715332,24.971922598746627,129.1487427035837,0.0,660.0,660,5.0,1,,131.340206185567,125.0,67.0,198.0,12740.0,35.05943958656087,0.20421039117827508,1.2705687994864405
ID108269,108269,92,6.774859428405762,54.9597465842008,142.91272764133095,0.0,434.0,434,5.0,1,,108.94845360824742,97.0,62.0,195.0,10568.0,35.22557402359962,0.12354329276480665,0.680177635204645
ID57071,57071,92,9.917583465576172,43.394288118314165,114.45241594032255,0.0,224.0,224,5.0,1,,133.22680412371133,131.0,72.0,208.0,12923.0,38.21826165663455,0.2224780304464929,1.268810442832574
ID126705,126705,92,10.139629364013672,18.438552135319004,156.1289999136623,0.0,511.0,511,5.0,1,,140.09278350515464,133.0,83.0,201.0,13589.0,34.26796441108991,0.2366176623139374,1.5644769434925243
ID183026,183026,92,10.072550773620605,20.009748057394535,146.4478639935072,0.0,747.0,747,5.0,1,,136.06185567010309,134.0,72.0,199.0,13198.0,38.6401168996759,0.22328276186449544,1.285453270089449
ID120560,120560,92,10.431653022766113,32.606170286145904,157.90346534549107,0.0,487.0,487,5.0,1,,135.58762886597938,132.0,71.0,204.0,13152.0,38.02569103506414,0.24074860233721737,1.38373500073223
ID146164,146164,92,10.333439826965332,20.040539755956058,175.4109247728253,0.0,592.0,592,5.0,1,,131.0721649484536,125.0,74.0,205.0,12714.0,39.01742330428602,0.23979562041139713,1.2994902704866556
ID49912,49912,92,10.143505096435547,42.60252342229491,133.8565702714099,0.0,196.0,196,5.0,1,,132.1340206185567,129.0,76.0,206.0,12817.0,39.21060360040258,0.22685587991159378,1.246228300898614
ID136954,136954,92,10.00759220123291,15.422563407637048,179.77982862944307,0.0,553.0,553,5.0,1,,134.2680412371134,129.0,72.0,196.0,13024.0,36.514128391144,0.23741186747363824,1.4110092408201338
ID72440,72440,92,9.567031860351562,52.495294058550215,136.36431574025534,0.0,291.0,291,5.0,1,,133.18556701030928,125.0,80.0,203.0,12919.0,36.621467377103194,0.21411934677331693,1.2827615917924642
ID66299,66299,92,9.505331993103027,63.26114966355036,117.63272379708262,0.0,262.0,262,5.0,1,,135.02061855670104,131.0,73.0,200.0,13097.0,34.7556887973763,0.22144150793563802,1.40860927850683
ID166649,166649,92,9.561452865600586,36.200725026950785,129.5164892497928,0.0,679.0,679,5.0,1,,129.15463917525773,124.0,77.0,203.0,12528.0,36.99024088813426,0.2277003983119733,1.2951624365849794
ID142079,142079,92,8.53690242767334,23.491801202336124,170.44272744596535,0.0,574.0,574,5.0,1,,120.94845360824742,118.0,62.0,184.0,11732.0,36.68854587777267,0.19512110756894271,1.076445762097563
ID115457,115457,92,9.679617881774902,47.36773724565928,152.6386432830273,0.0,465.0,465,5.0,1,,133.88659793814432,128.0,78.0,194.0,12987.0,34.56331035477376,0.23159311082429304,1.45683429427753
ID111363,111363,92,9.653395652770996,51.64476851976966,149.95414177136198,0.0,450.0,450,5.0,1,,133.39175257731958,127.0,67.0,207.0,12939.0,36.76347731927451,0.2154561388535114,1.2863583577244728
ID92932,92932,92,9.039897918701172,75.89822396895437,125.65848287925088,0.0,373.0,373,5.0,1,,122.15463917525773,115.0,68.0,205.0,11849.0,38.83011615952494,0.19786962043890882,1.0392997936647141
ID61190,61190,92,9.193340301513672,56.564842767775936,116.69719257289121,0.0,241.0,241,5.0,1,,129.9278350515464,126.0,52.0,194.0,12603.0,38.66529651559878,0.20264784457603835,1.1324378176979875
ID151301,151301,92,10.577125549316406,19.77675761173118,167.6301618726122,0.0,614.0,614,5.0,1,,134.97938144329896,127.0,72.0,209.0,13093.0,37.38091630471448,0.25895472921033774,1.4854608820539361
ID132879,132879,92,9.629939079284668,14.992859083476501,172.5208605153662,0.0,535.0,535,5.0,1,,134.76288659793815,128.0,76.0,195.0,13072.0,36.219462193422416,0.21748815846929878,1.3293188810763408
ID88846,88846,92,10.003745079040527,90.28070304109623,129.81816792211384,0.0,359.0,359,5.0,1,,132.03092783505156,123.0,73.0,200.0,12807.0,37.61107261838134,0.23653649912139837,1.3430159684929381
ID140050,140050,92,11.260791778564453,11.244416057118832,170.15843262080884,0.0,566.0,566,5.0,1,,140.8556701030928,138.0,77.0,202.0,13663.0,36.760199744062426,0.2770768807687258,1.662683987077612
ID177938,177938,92,10.490559577941895,35.04215830537614,159.90706970059566,0.0,725.0,725,5.0,1,,138.06185567010309,129.0,77.0,208.0,13392.0,36.96333048694727,0.23918547872675588,1.4418865831310657
ID48918,48918,92,8.80964469909668,51.70511712521546,130.36929297430927,0.0,189.0,189,5.0,1,,123.28865979381443,115.0,63.0,195.0,11959.0,36.31888821114257,0.19686106156884184,1.1167003867092338
ID80663,80663,92,9.140175819396973,80.7222252252308,113.59434522159894,0.0,321.0,321,5.0,1,,133.09278350515464,128.0,69.0,194.0,12910.0,34.51330735933207,0.21022451317817556,1.33972399143926
ID107289,107289,92,9.890064239501953,56.34594145920452,151.11224408516452,0.0,431.0,431,5.0,1,,136.659793814433,133.0,86.0,203.0,13256.0,35.35560027478501,0.22661661601524166,1.428221111153583
ID173850,173850,92,10.763723373413086,40.41568835876255,146.47322465365525,0.0,709.0,709,5.0,1,,139.72164948453607,140.0,73.0,202.0,13553.0,37.024975317356514,0.2605035484374728,1.5597984802364488
ID181018,181018,92,9.841419219970703,24.75816259858143,142.61094175615546,0.0,739.0,739,5.0,1,,128.36082474226805,123.0,59.0,197.0,12451.0,40.07029905028638,0.22560465432320959,1.1793360231982102
ID192281,192281,92,10.586836814880371,0.0,142.0,0.0,786.0,786,5.0,1,,128.5463917525773,126.0,30.0,203.0,12469.0,43.495694379481556,0.3757491772327519,1.614367457408529
ID102173,102173,92,7.877769470214844,71.14844542386828,140.638311512988,0.0,414.0,414,5.0,1,,118.89690721649484,108.0,56.0,194.0,11533.0,35.458451195284674,0.16752727830404984,0.9622751886593176
ID56093,56093,92,9.592852592468262,40.55397111294641,116.03354368514171,0.0,221.0,221,5.0,1,,129.9278350515464,126.0,60.0,203.0,12603.0,38.952226996315744,0.209645854176176,1.156186628585574
ID153372,153372,92,10.708296775817871,19.986995292990947,156.46710032189893,0.0,622.0,622,5.0,1,,141.37113402061857,140.0,83.0,204.0,13713.0,37.75505473543379,0.24458963007916434,1.4717278060046342
ID84766,84766,92,10.161517143249512,91.58777317483836,122.87132197993087,0.0,337.0,337,5.0,1,,130.8041237113402,124.0,69.0,203.0,12688.0,39.146530065271456,0.23867748954255338,1.2876901538713925
ID125733,125733,92,9.276102066040039,19.79150022242938,156.60028077772108,0.0,507.0,507,5.0,1,,132.39175257731958,126.0,72.0,193.0,12842.0,34.70487378747848,0.21184473034287857,1.333739902033003
ID188199,188199,92,9.386096000671387,18.397616095976698,150.5808579169775,0.0,769.0,769,5.0,1,,136.27835051546393,135.0,81.0,196.0,13219.0,33.40806485342812,0.22013273498121258,1.4719162309839002
ID71463,71463,92,6.984055519104004,58.63831508688132,128.91928674075845,0.0,283.0,283,5.0,1,,113.52577319587628,103.0,66.0,180.0,11012.0,32.90171372927289,0.15082593306200628,0.9044245149146518
ID169770,169770,92,9.843169212341309,27.12007930339598,131.26123480629394,0.0,695.0,695,5.0,1,,130.75257731958763,127.0,68.0,204.0,12683.0,39.573515693325724,0.21694318141133503,1.1780163613120953
ID143144,143144,92,11.248462677001953,17.059618906663093,168.07785351746236,0.0,581.0,581,5.0,1,,136.77319587628867,131.0,69.0,207.0,13267.0,37.423117063142264,0.2787175551434889,1.5932382661857032
ID184109,184109,92,8.779216766357422,19.462409327579923,145.68244287110073,0.0,751.0,751,5.0,1,,133.49484536082474,130.0,85.0,187.0,12949.0,31.572048460406467,0.20550065610130794,1.4415758335832953
ID65329,65329,92,7.874233722686768,55.73315463309782,117.25309254487796,0.0,256.0,256,5.0,1,,119.11340206185567,114.0,64.0,184.0,11554.0,35.54629501575485,0.1625815438276367,0.9372255135001621
ID97072,97072,92,6.710751056671143,60.355920343311595,141.144763883953,0.0,389.0,389,5.0,1,,114.6082474226804,106.0,73.0,185.0,11117.0,31.64732634212266,0.13124521584875393,0.8403023295573094
ID165680,165680,92,9.24645709991455,39.70052384213834,126.77527723958512,0.0,677.0,677,5.0,1,,125.0618556701031,121.0,69.0,203.0,12131.0,36.9244201130808,0.2097319347644608,1.174401502942253
ID76597,76597,92,9.32660961151123,62.69406498820714,117.6802961344401,0.0,303.0,303,5.0,1,,131.31958762886597,129.0,60.0,197.0,12738.0,37.1114723927994,0.2072744479260991,1.2150414085245644
ID161589,161589,92,11.127009391784668,23.802452715840797,130.67704281447854,0.0,658.0,658,5.0,1,,139.70103092783506,141.0,76.0,207.0,13551.0,38.98027411088138,0.2682052277739986,1.5158716037051372
ID60216,60216,92,7.8546295166015625,52.46605567029881,109.26364378597836,0.0,235.0,235,5.0,1,,124.9381443298969,119.0,71.0,187.0,12119.0,32.350558480814804,0.17240059892603374,1.1358108238205957
ID191288,191288,92,8.689746856689453,11.542616603070032,138.9658332734947,0.0,781.0,781,5.0,1,,125.52577319587628,123.0,63.0,198.0,12176.0,36.75739516963026,0.18918881491209,1.086582771059717
ID91962,91962,92,8.834695816040039,81.06533335881919,126.41750235280418,0.0,371.0,371,5.0,1,,125.30927835051547,116.0,58.0,202.0,12155.0,37.32776023080942,0.18867194042518726,1.0656794663884992
ID110396,110396,92,9.664886474609375,53.99313680418761,146.78207858605515,0.0,447.0,447,5.0,1,,135.20618556701032,132.0,78.0,197.0,13115.0,34.0110086786647,0.2263131075510739,1.467288054656997
ID135997,135997,92,10.481950759887695,15.591702288185992,178.37901323036505,0.0,547.0,547,5.0,1,,133.69072164948454,132.0,72.0,202.0,12968.0,38.691989056936976,0.244171989104173,1.3562058973452753
ID148290,148290,92,10.528209686279297,21.180988617000143,172.63758574270082,0.0,599.0,599,5.0,1,,138.70103092783506,137.0,84.0,199.0,13454.0,35.670121994363626,0.2521922737987229,1.5662671796980205
ID145219,145219,92,10.7037353515625,22.016447192872057,168.74882567879663,0.0,586.0,586,5.0,1,,139.17525773195877,135.0,80.0,199.0,13500.0,36.24224351191068,0.2533683408094896,1.5525678286322475
ID156483,156483,92,9.365682601928711,35.6519610787933,153.09739634101228,0.0,636.0,636,5.0,1,,125.0721649484536,121.0,40.0,196.0,12132.0,40.82361638364706,0.20118745316196998,1.0262881029547417
ID158532,158532,92,8.79771614074707,21.534983395786693,143.79893665074076,0.0,645.0,645,5.0,1,,127.25773195876289,123.0,69.0,191.0,12344.0,35.731719787453166,0.19681466077989584,1.1713611080884188
ID119622,119622,92,10.425823211669922,28.791071176806923,161.18168539708645,0.0,481.0,481,5.0,1,,138.38144329896906,136.0,68.0,203.0,13423.0,37.38773286425004,0.23882505699757714,1.427081018517763
ID124745,124745,92,10.484830856323242,21.903315621335437,149.9888649195627,0.0,502.0,502,5.0,1,,140.42268041237114,137.0,72.0,201.0,13621.0,36.244779811358804,0.2426523602520416,1.513061774566106
ID114509,114509,92,10.319987297058105,52.154419767481606,152.79848203724197,0.0,460.0,460,5.0,1,,137.95876288659792,131.0,66.0,205.0,13382.0,36.30281139416444,0.2396640537707536,1.4693928430397434
ID87891,87891,92,8.8326416015625,94.86529853873515,124.95362597465179,0.0,355.0,355,5.0,1,,122.08247422680412,113.0,68.0,188.0,11842.0,35.15758278306071,0.20337793784110542,1.1737243229242056
ID47955,47955,92,8.524353981018066,55.33724804851933,131.5376667179042,0.0,187.0,187,5.0,1,,123.63917525773196,114.0,68.0,196.0,11993.0,38.01265840891314,0.1787873408845185,0.9866409893270957
ID106322,106322,92,9.432851791381836,60.89794827934369,147.14557866183787,0.0,428.0,428,5.0,1,,135.62886597938143,131.0,78.0,192.0,13156.0,32.19999986659836,0.22242541230067542,1.5328098796322758
ID131921,131921,92,10.749093055725098,14.787928561615757,169.036819593831,0.0,531.0,531,5.0,1,,141.5979381443299,138.0,85.0,213.0,13735.0,35.44234161335564,0.2507817428367211,1.602060455955565
ID172887,172887,92,11.22912883758545,39.543879997851064,147.64826342932886,0.0,708.0,708,5.0,1,,137.29896907216494,132.0,63.0,209.0,13318.0,41.911654342908605,0.2575545428729072,1.3418527247694585
ID101207,101207,92,6.389500141143799,62.86723296284917,142.29356366068777,0.0,407.0,407,5.0,1,,116.01030927835052,111.0,57.0,169.0,11253.0,29.801599106060575,0.13286440617481277,0.9130987138918342
ID79702,79702,92,9.550331115722656,79.68234303094847,114.97194574633671,0.0,317.0,317,5.0,1,,132.62886597938143,125.0,74.0,205.0,12865.0,36.557124131176785,0.2112320942674429,1.265402136894451
ID168789,168789,92,10.672157287597656,30.508867257177112,128.89293533840683,0.0,688.0,688,5.0,1,,134.5979381443299,130.0,61.0,208.0,13056.0,41.29256889204724,0.24330795200039235,1.2757750149740537
ID75610,75610,92,8.700127601623535,61.92535236187234,120.24099104113758,0.0,300.0,300,5.0,1,,124.85567010309278,115.0,67.0,200.0,12111.0,36.52538777193247,0.1830200480242833,1.057669524203218
ID64349,64349,92,8.906872749328613,63.744564253760565,117.04322922721065,0.0,253.0,253,5.0,1,,129.46391752577318,128.0,42.0,194.0,12558.0,37.2782504327451,0.19544964285276623,1.1356037372843646
ID70492,70492,92,8.96439266204834,64.61896034753413,125.36378641469715,0.0,280.0,280,5.0,1,,122.30927835051547,116.0,61.0,204.0,11864.0,40.53865460498326,0.18884934016108193,0.9585366409378916
ID118625,118625,92,7.481208801269531,35.24309428277262,163.45812631717766,0.0,477.0,477,5.0,1,,115.64948453608247,105.0,61.0,191.0,11218.0,36.137769149555005,0.14788438776679005,0.8245871001086044
ID164706,164706,92,10.230902671813965,30.696494667177905,122.56703107348534,0.0,670.0,670,5.0,1,,127.8659793814433,118.0,69.0,201.0,12403.0,39.21936938182337,0.24344247607853725,1.2766006365711995
ID180064,180064,92,10.836013793945312,24.27900496649391,147.39346902406848,0.0,732.0,732,5.0,1,,138.15463917525773,139.0,76.0,197.0,13401.0,37.168630424443485,0.26221431229881803,1.54433744737135
ID176999,176999,92,10.511436462402344,31.103510550943867,155.05784473301503,0.0,722.0,722,5.0,1,,139.1443298969072,133.0,81.0,200.0,13497.0,37.180020869951576,0.23910544654450638,1.4443321652237382
ID187239,187239,92,10.688530921936035,15.409046253422405,153.94627481129368,0.0,764.0,764,5.0,1,,140.340206185567,139.0,87.0,197.0,13613.0,35.75666796729963,0.25468501363091267,1.5933960791839055
ID190314,190314,92,8.117262840270996,12.950510486756569,143.435046491525,0.0,778.0,778,5.0,1,,120.20618556701031,112.0,71.0,190.0,11660.0,35.84426329749583,0.1681663383214394,0.9655428081864096
ID105323,105323,92,9.672748565673828,68.62583627315625,143.527653219349,0.0,423.0,423,5.0,1,,128.72164948453607,123.0,58.0,208.0,12486.0,39.63078093163014,0.2208789859647631,1.1752513072308148
ID55147,55147,92,8.41385269165039,42.659065918991914,125.83305673285875,0.0,216.0,216,5.0,1,,121.89690721649484,113.0,67.0,195.0,11824.0,37.16390625102603,0.17195170075147198,0.9624941281264129
ID59243,59243,92,8.869140625,55.92502961912802,111.43010672514609,0.0,232.0,232,5.0,1,,124.52577319587628,117.0,64.0,199.0,12079.0,39.53877126302347,0.1814483414799181,0.9673961170528877
ID139113,139113,92,11.172042846679688,12.442687769070082,171.65981562108368,0.0,560.0,560,5.0,1,,137.29896907216494,135.0,64.0,205.0,13318.0,38.964504399424655,0.2829638378951655,1.5543350384868118
ID96109,96109,92,6.518101215362549,56.1036067869471,139.79350921697417,0.0,388.0,388,5.0,1,,108.29896907216495,97.0,60.0,183.0,10505.0,32.96657554391695,0.12367851508750367,0.723157120657725
ID155504,155504,92,8.850552558898926,32.70010856191897,147.0483148857799,0.0,632.0,632,5.0,1,,123.96907216494846,116.0,61.0,198.0,12025.0,37.21683467874659,0.19255131861717037,1.075655824745104
ID150385,150385,92,11.105083465576172,16.964189240153882,169.62764248643566,0.0,610.0,610,5.0,1,,133.1237113402062,128.0,73.0,211.0,12913.0,38.905938313867644,0.2799402911214666,1.4967360464526795
ID160634,160634,92,10.060819625854492,27.602350583919712,132.89265890695637,0.0,654.0,654,5.0,1,,135.8556701030928,136.0,67.0,200.0,13178.0,36.98704437894483,0.234395834578493,1.394933738004019
ID83832,83832,92,9.364678382873535,93.71349020765327,126.34406180203787,0.0,335.0,335,5.0,1,,129.2164948453608,122.0,72.0,201.0,12534.0,36.58558083570508,0.2067045849293765,1.210004942934448
ID130936,130936,92,10.07967758178711,7.000769507318459,166.27989596618193,0.0,527.0,527,5.0,1,,136.08247422680412,130.0,80.0,200.0,13200.0,37.198977949415486,0.2302464092165543,1.3693105199828428
ID123771,123771,92,9.930505752563477,23.101784663209685,155.89681341794946,0.0,500.0,500,5.0,1,,136.61855670103094,128.0,77.0,201.0,13252.0,35.67662729848758,0.22458651013450148,1.4045916839394768
ID46972,46972,92,8.915414810180664,52.618235963568715,133.25131058672036,0.0,183.0,183,5.0,1,,121.90721649484536,116.0,62.0,192.0,11825.0,37.794698281810085,0.19768512797139554,1.0647799617370144
ID69501,69501,92,9.335247039794922,55.54715830443998,124.62249307422773,0.0,276.0,276,5.0,1,,131.70103092783506,126.0,68.0,209.0,12775.0,37.709460834465894,0.20355142056295217,1.1813493183782657
ID135039,135039,92,10.224696159362793,12.711957066255987,178.23322929639744,0.0,544.0,544,5.0,1,,140.2164948453608,137.0,73.0,199.0,13601.0,34.41633175910206,0.23909413540377736,1.5722773017234632
ID152447,152447,92,10.410751342773438,18.38637517388691,154.08248736385403,0.0,620.0,620,5.0,1,,139.31958762886597,135.0,80.0,202.0,13514.0,35.63108029742449,0.24347645164014858,1.5312023419890208
ID54143,54143,92,9.491829872131348,44.30856149519154,129.4055353598406,0.0,212.0,212,5.0,1,,129.75257731958763,125.0,61.0,208.0,12586.0,39.14636821379344,0.20254095105268075,1.1165225075664609
ID63363,63363,92,8.9546480178833,62.141499382587895,117.46411755445364,0.0,250.0,250,5.0,1,,129.1443298969072,121.0,62.0,198.0,12527.0,36.93744421617944,0.1916907685776394,1.1248021040214635
ID100229,100229,92,8.133089065551758,65.67387121371998,137.7501603318989,0.0,402.0,402,5.0,1,,119.68041237113403,110.0,57.0,207.0,11609.0,38.2931527799446,0.1637723029469562,0.8796388197124138
ID122758,122758,92,10.419548034667969,27.471178161337534,152.77632489208372,0.0,497.0,497,5.0,1,,140.2577319587629,135.0,86.0,210.0,13605.0,36.731366690732756,0.23823261476601923,1.4693278085822952
ID142213,142213,92,8.43414306640625,20.466731234181317,169.8243572545226,0.0,575.0,575,5.0,1,,117.62886597938144,110.0,59.0,191.0,11410.0,37.43642377073789,0.18605734490372894,0.9858042426374399
ID186245,186245,92,10.040976524353027,8.139571349686264,149.94182815715257,0.0,759.0,759,5.0,1,,139.04123711340208,137.0,74.0,201.0,13487.0,34.69687711865351,0.23311943891863976,1.5151532998169395
ID91017,91017,92,10.189788818359375,88.42202234931729,132.1648995988138,0.0,362.0,362,5.0,1,,135.97938144329896,131.0,79.0,202.0,13190.0,37.326258457642595,0.23522350101711686,1.3874705120687605
ID113549,113549,92,8.720197677612305,52.226269269012974,152.40975058995764,0.0,458.0,458,5.0,1,,129.89690721649484,123.0,79.0,199.0,12600.0,33.6193410777445,0.19315715467635242,1.2509868911598094
ID53133,53133,92,9.573298454284668,40.30511580702059,127.88062829993201,0.0,209.0,209,5.0,1,,129.8556701030928,119.0,70.0,210.0,12596.0,39.18837776548086,0.20246453850814705,1.1158615621483974
ID86926,86926,92,9.36072826385498,99.2561232313469,119.772860386509,0.0,349.0,349,5.0,1,,131.56701030927834,126.0,83.0,190.0,12762.0,31.89432656461505,0.23788738542121343,1.5854547111014905
ID183181,183181,92,9.347715377807617,18.860651060999245,148.42689240891758,0.0,748.0,748,5.0,1,,138.64948453608247,136.0,85.0,200.0,13449.0,32.6716751805984,0.2130063767835003,1.4904121195598148
ID171923,171923,92,11.124675750732422,39.09095150334916,140.8835580219153,0.0,703.0,703,5.0,1,,136.89690721649484,132.0,74.0,204.0,13279.0,38.77861431040376,0.2655008898901017,1.481272200087021
ID109460,109460,92,9.119367599487305,62.30271723449465,143.55917976464312,0.0,440.0,440,5.0,1,,140.29896907216494,138.0,89.0,192.0,13609.0,29.660989021936707,0.21917764946384535,1.7007015990908747
ID129944,129944,92,10.509835243225098,9.367113750680375,161.78162500864448,0.0,522.0,522,5.0,1,,141.55670103092783,135.0,89.0,211.0,13731.0,36.5427743291352,0.23896389727183764,1.4942819612379072
ID74651,74651,92,6.889526844024658,51.73953198183623,131.63277853371088,0.0,296.0,296,5.0,1,,107.81443298969072,100.0,50.0,184.0,10458.0,35.152148433899455,0.13922309513280084,0.7496482461684721
ID78748,78748,92,8.852174758911133,68.87712942743055,121.11559974417108,0.0,313.0,313,5.0,1,,126.73195876288659,125.0,57.0,197.0,12293.0,36.50956366257497,0.19132453024023932,1.114936342052974
ID104351,104351,92,10.085490226745605,67.09680924905294,144.9583520929329,0.0,422.0,422,5.0,1,,135.16494845360825,127.0,77.0,203.0,13111.0,36.148040637417665,0.23010321145079274,1.398912157797319
ID147357,147357,92,9.978466033935547,20.210462020446396,181.40066733716387,0.0,595.0,595,5.0,1,,129.20618556701032,127.0,66.0,191.0,12533.0,36.31457987283078,0.243588409765677,1.3938377782548395
ID167837,167837,92,11.182225227355957,31.174452858544278,132.35492647960857,0.0,685.0,685,5.0,1,,143.39175257731958,140.0,80.0,204.0,13909.0,36.925193720161815,0.2647565768758889,1.6258152652376283
ID95141,95141,92,9.943885803222656,63.04173599607268,144.09170394408494,0.0,382.0,382,5.0,1,,134.8041237113402,127.0,68.0,203.0,13076.0,37.40700668971706,0.22096714204708276,1.304379419775983
ID52133,52133,92,8.568031311035156,38.40255922433173,127.67600484660913,0.0,204.0,204,5.0,1,,126.61855670103093,119.0,78.0,193.0,12282.0,35.340145756092404,0.1867077381003885,1.1273987824789116
ID179109,179109,92,10.977349281311035,21.674601931636303,142.22411538292835,0.0,735.0,735,5.0,1,,141.9278350515464,140.0,66.0,206.0,13767.0,36.30061048117293,0.2592281129032148,1.609760744062986
ID58281,58281,92,7.969174861907959,52.21809314968477,113.22876334331559,0.0,231.0,231,5.0,1,,120.43298969072166,110.0,64.0,202.0,11682.0,36.29075502581398,0.16096605516596407,0.9202254467875126
ID68523,68523,92,8.665492057800293,61.31908937815211,126.18131447572497,0.0,271.0,271,5.0,1,,125.47422680412372,116.0,70.0,193.0,12171.0,35.65900213115463,0.1883395230798489,1.1153630749544046
ID117674,117674,92,8.020185470581055,32.112515883078814,156.4157597551438,0.0,475.0,475,5.0,1,,122.37113402061856,114.0,66.0,195.0,11870.0,34.44056462093696,0.17067153459002152,1.0360119209969318
ID128940,128940,92,10.34028148651123,8.371746688865413,165.85935847042242,0.0,520.0,520,5.0,1,,139.93814432989691,134.0,87.0,200.0,13574.0,35.84132113479197,0.24081987941184196,1.5155340156279529
ID144300,144300,92,10.668249130249023,21.62636267135313,165.5380489579174,0.0,584.0,584,5.0,1,,139.01030927835052,134.0,77.0,200.0,13484.0,38.17762620451518,0.25047952133337903,1.4586924147048255
ID99246,99246,92,8.564277648925781,65.67040397533074,136.1862696699426,0.0,399.0,399,5.0,1,,119.3917525773196,111.0,51.0,200.0,11581.0,39.2554552209602,0.17837463917424007,0.9207760734692364
ID121774,121774,92,9.643362998962402,32.96585512179852,159.09427867457188,0.0,490.0,490,5.0,1,,131.36082474226805,124.0,76.0,201.0,12742.0,37.58800383960351,0.21026804226016016,1.2143344197418748
ID82868,82868,92,9.490886688232422,88.4005953816936,130.60708970176503,0.0,331.0,331,5.0,1,,129.02061855670104,124.0,75.0,195.0,12515.0,36.129102818181565,0.23232538486975055,1.3464902373346934
ID189367,189367,92,7.733598709106445,21.10841559239398,148.06412905353727,0.0,773.0,773,5.0,1,,116.26804123711341,107.0,63.0,183.0,11278.0,34.61319457709177,0.1620552645455198,0.936882289962619
ID62390,62390,92,8.986598014831543,59.602604355231804,116.50174987056135,0.0,247.0,247,5.0,1,,128.7422680412371,125.0,65.0,199.0,12488.0,37.67854118242556,0.19583990932897505,1.1191420859795325
ID149435,149435,92,10.843494415283203,20.105677193919703,170.97878522084022,0.0,606.0,606,5.0,1,,135.95876288659792,125.0,83.0,202.0,13188.0,35.67822559751174,0.2718634914077574,1.6290872378790364
ID154555,154555,92,9.086053848266602,27.987694856864092,152.6340766855052,0.0,628.0,628,5.0,1,,128.15463917525773,121.0,72.0,202.0,12431.0,36.454692258046364,0.20174170064348845,1.180308235742101
ID73659,73659,92,9.731768608093262,53.900576016492394,137.0077521562506,0.0,293.0,293,5.0,1,,125.36082474226804,115.0,62.0,202.0,12160.0,41.30102540267874,0.20793433399001815,1.0449942049660428
ID112572,112572,92,9.441452026367188,50.223210246649266,149.4050632961863,0.0,451.0,451,5.0,1,,131.58762886597938,123.0,69.0,201.0,12764.0,37.4654709302778,0.2099911269137843,1.219081159996595
ID138172,138172,92,9.909305572509766,13.265409327373092,171.6112899952619,0.0,558.0,558,5.0,1,,134.56701030927834,133.0,79.0,196.0,13053.0,33.66498775201979,0.24330699664152533,1.5644668272536404
ID77763,77763,92,9.262331008911133,68.68469212109129,116.18316031913487,0.0,310.0,310,5.0,1,,126.0,120.0,63.0,209.0,12222.0,39.8622628559895,0.19471421748129278,1.0303202221801855
ID67522,67522,92,9.551313400268555,62.79453851276127,120.39901745710237,0.0,264.0,264,5.0,1,,133.2164948453608,130.0,67.0,199.0,12922.0,38.8654802931759,0.205782302266585,1.1699386150806985
ID90050,90050,92,8.81754207611084,93.6460672820894,124.63609934791174,0.0,356.0,356,5.0,1,,126.81443298969072,123.0,69.0,186.0,12301.0,33.7118086064646,0.21022365695055695,1.3068705632920314
ID127938,127938,92,9.643627166748047,14.176324874115615,161.30634334585574,0.0,514.0,514,5.0,1,,134.71134020618555,129.0,75.0,199.0,13067.0,35.391547591105294,0.21975300213825175,1.3715053937720405
ID185286,185286,92,10.066410064697266,13.196727713967599,147.90566295243292,0.0,757.0,757,5.0,1,,136.10309278350516,131.0,84.0,200.0,13202.0,36.28058610104103,0.2268421212318228,1.3872627245776352
ID103364,103364,92,5.821339130401611,64.65324835505936,136.03654858463904,0.0,412.0,412,5.0,1,,104.44329896907216,99.0,53.0,172.0,10131.0,33.339781378058994,0.10139733975458268,0.5768067937771091
ID141252,141252,92,9.878898620605469,19.015789934732677,171.69110145699787,0.0,571.0,571,5.0,1,,138.4536082474227,133.0,84.0,192.0,13430.0,33.10684112918756,0.23529643936416855,1.5931647727345848
ID94153,94153,92,9.947063446044922,71.5367356430835,134.678455082546,0.0,376.0,376,5.0,1,,130.03092783505156,125.0,62.0,205.0,12613.0,39.771601470209305,0.22562205064149402,1.203728531097774
ID159692,159692,92,10.079891204833984,25.427025880477597,136.68561961522428,0.0,648.0,648,5.0,1,,137.5257731958763,129.0,80.0,204.0,13340.0,35.886131485431676,0.23598137343517483,1.463366960781057
ID157645,157645,92,9.947199821472168,18.88096405892858,151.2907633458603,0.0,642.0,642,5.0,1,,133.43298969072166,131.0,74.0,202.0,12943.0,37.9181979223298,0.22114520075337527,1.2745466484925168
ID51152,51152,92,9.350401878356934,36.130047314449826,130.94123522685152,0.0,198.0,198,5.0,1,,130.27835051546393,121.0,71.0,199.0,12637.0,37.951652980041935,0.20054463284606824,1.146843832996395
ID85969,85969,92,9.689082145690918,95.71477055189573,123.67450779770896,0.0,347.0,347,5.0,1,,130.01030927835052,124.0,70.0,195.0,12611.0,38.491474934219966,0.22073776344889193,1.2215113098489663
ID175059,175059,92,10.295358657836914,35.297358796436484,145.20911351365675,0.0,714.0,714,5.0,1,,136.75257731958763,135.0,79.0,204.0,13265.0,36.56815296123888,0.23685544059378466,1.4322766507639169
ID162768,162768,92,9.392606735229492,23.07842906432203,127.26407826798237,0.0,663.0,663,5.0,1,,124.02061855670104,115.0,72.0,206.0,12030.0,37.498049777467116,0.21334672363755636,1.1630978783594912
ID81876,81876,92,9.019644737243652,83.93087268309894,126.37887934242953,0.0,326.0,326,5.0,1,,125.8659793814433,118.0,67.0,191.0,12209.0,35.60185764874127,0.20220371362745454,1.1892598525671363
ID116692,116692,92,9.36159610748291,39.19403892379612,152.7641213648947,0.0,469.0,469,5.0,1,,135.6701030927835,131.0,79.0,196.0,13160.0,32.956638699422314,0.2170657262009314,1.4684138188718474
ID182231,182231,92,10.334874153137207,23.288481881614633,148.0600775801938,0.0,744.0,744,5.0,1,,137.36082474226805,131.0,80.0,200.0,13324.0,36.810660131444465,0.23665969807945095,1.4282143031855818
ID134100,134100,92,10.471134185791016,16.482285633701533,169.72753600865786,0.0,540.0,540,5.0,1,,140.71134020618555,136.0,84.0,205.0,13649.0,36.67621810147284,0.24257350656991525,1.4979448533783755
ID170964,170964,92,9.859963417053223,26.72071753253552,132.32979078902113,0.0,696.0,696,5.0,1,,131.38144329896906,131.0,63.0,197.0,12744.0,37.542876404566044,0.22987485884169526,1.3081785756985298
ID45019,45019,92,6.8557515144348145,54.69121027959709,137.535172250761,0.0,175.0,175,5.0,1,,108.65979381443299,99.0,48.0,176.0,10540.0,35.86197109460632,0.13689216525168257,0.7296658745267836
ID151518,151518,92,10.014772415161133,22.001956206610558,163.2777477442799,0.0,616.0,616,5.0,1,,129.8556701030928,122.0,74.0,205.0,12596.0,37.91409964498741,0.2278776882903554,1.2712672630102846
ID98268,98268,92,9.740253448486328,62.54196267988209,137.36385020891646,0.0,393.0,393,5.0,1,,134.98969072164948,136.0,68.0,197.0,13094.0,37.54150337886081,0.21950051519253255,1.2944118897740413
ID108511,108511,92,7.1466522216796875,56.81479699345685,143.00964304719378,0.0,435.0,435,5.0,1,,117.28865979381443,108.0,69.0,182.0,11377.0,33.27535335490025,0.14300302223075267,0.8819849626639593
ID163810,163810,92,11.948344230651855,27.402785900326094,123.26156481934538,0.0,669.0,669,5.0,1,,135.31958762886597,128.0,48.0,219.0,13126.0,44.637322386408655,0.29393903335496785,1.3773235513064666
ID146400,146400,92,10.42422103881836,19.255845172553833,174.06233235303318,0.0,597.0,597,5.0,1,,131.06185567010309,125.0,76.0,202.0,12713.0,39.19045760582481,0.2442821313695074,1.3131030497025324
ID57318,57318,92,9.080110549926758,45.998381345313675,116.34040149934548,0.0,225.0,225,5.0,1,,128.35051546391753,119.0,69.0,208.0,12450.0,37.81975928585298,0.19003545924754492,1.0838859707927173
ID126952,126952,92,10.578862190246582,16.256686734836336,159.31500597475653,0.0,512.0,512,5.0,1,,140.94845360824743,138.0,79.0,199.0,13672.0,36.6567328780416,0.24455364950530803,1.5111134874809136
ID176104,176104,92,10.153346061706543,39.98000808732351,151.06579777705738,0.0,718.0,718,5.0,1,,134.75257731958763,128.0,73.0,206.0,13071.0,38.51623870953519,0.22252093807752354,1.2736138773959158
ID166889,166889,92,7.621358871459961,36.73833270683066,131.31513164095932,0.0,680.0,680,5.0,1,,114.5360824742268,108.0,61.0,184.0,11110.0,35.60783558890459,0.15691551623549013,0.872551337365205
ID137198,137198,92,10.975069999694824,16.59513705833443,176.59053749937195,0.0,551.0,551,5.0,1,,139.23711340206185,137.0,66.0,204.0,13506.0,39.536579369584096,0.25795009776234396,1.4443026168263473
ID50157,50157,92,9.739910125732422,43.51619303359076,129.22965487036709,0.0,195.0,195,5.0,1,,129.2164948453608,119.0,62.0,204.0,12534.0,41.41588533907302,0.20573824686694386,1.0647386020910106
ID72687,72687,92,9.252071380615234,55.35234447040659,133.29456373563573,0.0,287.0,287,5.0,1,,129.35051546391753,123.0,74.0,200.0,12547.0,36.74661017164072,0.20342898575932322,1.1900720168357868
ID93169,93169,92,8.981453895568848,76.49238370118552,124.05654179074473,0.0,372.0,372,5.0,1,,124.22680412371135,113.0,69.0,199.0,12050.0,37.30044267907532,0.20421434000988534,1.1295715952791552
ID120818,120818,92,9.851907730102539,33.06856322345119,161.97786677859432,0.0,485.0,485,5.0,1,,136.8762886597938,127.0,86.0,194.0,13277.0,33.904048962955365,0.2320874827971932,1.5209566038439766
ID66548,66548,92,9.77385139465332,57.988975603883844,119.56316079533133,0.0,260.0,260,5.0,1,,134.6701030927835,126.0,74.0,209.0,13063.0,37.02468817376131,0.21833104344933088,1.3036468475205854
ID115700,115700,92,10.753533363342285,45.34469353217658,157.0261306696144,0.0,462.0,462,5.0,1,,137.96907216494844,132.0,84.0,208.0,13383.0,38.08309270754966,0.2477312397755113,1.4385973524989477
ID111609,111609,92,10.511608123779297,53.54063200425096,149.99846965086155,0.0,449.0,449,5.0,1,,140.7835051546392,140.0,76.0,202.0,13656.0,36.976971100302116,0.24246689466790786,1.4859974363521584
ID89080,89080,92,9.382577896118164,96.94502298423912,125.30533471003257,0.0,353.0,353,5.0,1,,128.7319587628866,124.0,61.0,198.0,12487.0,35.73849332999758,0.22321133383129046,1.3146037895070315
ID133115,133115,92,10.239092826843262,14.706983551060903,172.04920839144242,0.0,538.0,538,5.0,1,,137.72164948453607,135.0,78.0,201.0,13359.0,37.198158071570234,0.23153668618261536,1.3921410361427333
ID178169,178169,92,10.654365539550781,34.66697682138835,155.96961679279286,0.0,726.0,726,5.0,1,,140.1443298969072,138.0,78.0,200.0,13594.0,36.73412063132452,0.24803136254342445,1.516411184808482
ID80892,80892,92,9.816394805908203,79.6365854913975,117.25884277721048,0.0,323.0,323,5.0,1,,131.96907216494844,126.0,70.0,203.0,12801.0,39.722855933393745,0.2132233275454162,1.167765547635601
ID61438,61438,92,8.445441246032715,57.26478323460021,123.37997043755088,0.0,244.0,244,5.0,1,,122.1340206185567,115.0,60.0,198.0,11847.0,37.87606677980045,0.17681620961662062,0.9689808873511164
ID176130,176130,145,10.593921661376953,164.22066660088745,161.34857240558065,0.0,718.0,718,5.0,1,,142.57731958762886,141.0,87.0,205.0,13830.0,34.88607501913263,0.2477638188755569,1.6230572134004324
ID90115,90115,145,9.139458656311035,201.46092892468786,177.56598154406896,0.0,356.0,356,5.0,1,,135.51546391752578,131.0,87.0,196.0,13145.0,31.628742664591574,0.22013929813399247,1.5460555227975639
ID103427,103427,145,9.964606285095215,203.7991777500067,188.32102089073425,0.0,412.0,412,5.0,1,,137.68041237113403,137.0,72.0,200.0,13355.0,34.11913758916217,0.23595276697210324,1.5407327320408226
ID86021,86021,145,8.805006980895996,198.95905278242762,172.80467658634555,0.0,347.0,347,5.0,1,,128.05154639175257,120.0,73.0,188.0,12421.0,33.382995650861375,0.20101931363377076,1.284036330228723
ID197639,197639,145,9.885736465454102,133.79690825637368,137.5285775409651,0.0,808.0,808,5.0,1,,138.15463917525773,136.0,73.0,200.0,13401.0,33.9568783551855,0.2361088811161734,1.5542586969145331
ID115720,115720,145,11.078941345214844,179.66636221010737,176.9489768756313,0.0,462.0,462,5.0,1,,140.77319587628867,139.0,69.0,209.0,13655.0,37.95790024121,0.2647997580680002,1.552900378913437
ID192521,192521,145,10.143009185791016,147.33782708557243,137.98823958723978,0.0,787.0,787,5.0,1,,139.30927835051546,131.0,86.0,198.0,13513.0,34.891009116707,0.23400947174177378,1.5142983562547967
ID178190,178190,145,10.205215454101562,166.7538668642517,172.57611993322143,0.0,726.0,726,5.0,1,,139.7835051546392,134.0,77.0,198.0,13559.0,35.989068596161864,0.23604302904035038,1.4834499710357374
ID98319,98319,145,7.662019729614258,203.68685049221904,180.400582214295,0.0,393.0,393,5.0,1,,124.09278350515464,124.0,66.0,183.0,12037.0,29.769280333027734,0.18074789113338094,1.2762161802866088
ID162829,162829,145,11.273491859436035,143.55066300713267,181.8804139759953,0.0,663.0,663,5.0,1,,142.4536082474227,141.0,69.0,206.0,13818.0,37.95694397893398,0.2684089708732278,1.588363625280412
ID108561,108561,145,8.927660942077637,198.88918393650113,183.50464640396416,0.0,435.0,435,5.0,1,,130.94845360824743,131.0,74.0,200.0,12702.0,31.778324352071014,0.21909446816800776,1.4811308510750543
ID233490,233490,145,9.5103178024292,152.72900409882112,114.38789200248324,0.0,959.0,959,5.0,1,,129.83505154639175,128.0,70.0,203.0,12594.0,36.24329834959467,0.21902744840827548,1.2872985956947705
ID184337,184337,145,9.928497314453125,157.72135950799432,143.377214108578,0.0,752.0,752,5.0,1,,140.75257731958763,140.0,67.0,194.0,13653.0,33.96782513393958,0.23574984249188227,1.5810276237921883
ID153623,153623,145,9.95430850982666,172.73396258922324,169.0666631333672,0.0,623.0,623,5.0,1,,130.51546391752578,125.0,50.0,196.0,12660.0,35.6318307492466,0.24194200771253865,1.4271308474410445
ID136218,136218,145,9.74526596069336,172.7866066066837,158.12047267591657,0.0,550.0,550,5.0,1,,134.1958762886598,129.0,70.0,201.0,13017.0,35.55237895675247,0.22256492351601018,1.3743118414824789
ID166939,166939,145,9.671496391296387,139.43694866594652,175.50233634397324,0.0,680.0,680,5.0,1,,134.53608247422682,129.0,86.0,202.0,13050.0,34.236634209471106,0.2359965712704482,1.5006041306134117
ID188440,188440,145,9.690181732177734,155.7985955190956,148.56587020037105,0.0,770.0,770,5.0,1,,135.83505154639175,130.0,71.0,204.0,13176.0,33.62250003481397,0.23077695241919294,1.5150428762164443
ID201753,201753,145,9.78294563293457,149.52382064137385,135.35870468789537,0.0,825.0,825,5.0,1,,133.44329896907217,137.0,67.0,193.0,12944.0,36.94110432842304,0.22871313342938027,1.3447993637189282
ID216095,216095,145,10.084001541137695,135.91614244070024,122.69306297771287,0.0,884.0,884,5.0,1,,143.18556701030928,140.0,83.0,199.0,13889.0,32.02451206267215,0.24131132561540294,1.7383759517780377
ID181279,181279,145,9.214442253112793,162.25028402168107,156.89177761618305,0.0,740.0,740,5.0,1,,137.01030927835052,133.0,78.0,195.0,13290.0,30.753554958926028,0.21777322814938962,1.5934042960962007
ID204835,204835,145,10.39780330657959,144.43929051721597,114.41907267152581,0.0,838.0,838,5.0,1,,131.88659793814432,133.0,67.0,201.0,12793.0,38.19818829927774,0.25155722599037417,1.3879505105762346
ID111651,111651,145,9.32855224609375,189.09038273298495,186.5209516143408,0.0,449.0,449,5.0,1,,128.41237113402062,126.0,70.0,191.0,12456.0,35.780800419976046,0.22324631468707382,1.3099574578475175
ID226337,226337,145,9.340404510498047,156.48224082520545,118.58644032752504,0.0,929.0,929,5.0,1,,133.93814432989691,128.0,84.0,192.0,12992.0,33.75086864097898,0.22452671597331397,1.4552884350914934
ID145441,145441,145,10.397274017333984,166.15478518171324,161.00886836209432,0.0,589.0,589,5.0,1,,140.8659793814433,137.0,88.0,207.0,13664.0,32.557202501257756,0.2538453874011882,1.7519202139767567
ID148513,148513,145,10.887789726257324,167.74377470814173,165.52195156617444,0.0,600.0,600,5.0,1,,137.659793814433,137.0,59.0,201.0,13353.0,38.664391078317074,0.2643876669165808,1.488973186180923
ID125990,125990,145,6.234394550323486,177.51881256262666,161.50368589840764,0.0,508.0,508,5.0,1,,107.61855670103093,102.0,51.0,181.0,10439.0,32.606058773309634,0.1270109607191047,0.7439297270229795
ID212011,212011,145,10.685965538024902,135.44920876503883,131.20705881620194,0.0,867.0,867,5.0,1,,141.15463917525773,137.0,80.0,201.0,13692.0,37.37404965519345,0.24797250924554826,1.5009060618328132
ID174121,174121,145,9.392231941223145,152.96505666706364,178.618513450917,0.0,710.0,710,5.0,1,,132.53608247422682,128.0,79.0,196.0,12856.0,34.7530160129035,0.21774760336242333,1.3638535071354898
ID191529,191529,145,10.091418266296387,151.5477091923717,131.6985047945124,0.0,782.0,782,5.0,1,,139.10309278350516,137.0,81.0,205.0,13493.0,36.07442669216498,0.2350049043313853,1.4674914761854103
ID220205,220205,145,9.85628604888916,145.04462393257484,131.08849917355892,0.0,902.0,902,5.0,1,,136.69072164948454,130.0,77.0,198.0,13259.0,34.17764889293582,0.23341504237832328,1.51372313323696
ID196659,196659,145,10.277520179748535,137.4926896837628,143.15531595301928,0.0,804.0,804,5.0,1,,140.8762886597938,137.0,81.0,204.0,13665.0,34.59144214131303,0.2397570465899927,1.5751939088201596
ID224307,224307,145,10.100887298583984,152.91757569208104,127.3173791701776,0.0,919.0,919,5.0,1,,134.97938144329896,128.0,74.0,202.0,13093.0,37.67790560058687,0.22726275131407217,1.326787534399764
ID93232,93232,145,9.942384719848633,196.24833555479486,176.7282829997359,0.0,372.0,372,5.0,1,,137.35051546391753,129.0,83.0,203.0,13323.0,32.7121413612723,0.2411273843826532,1.6314790154189927
ID139313,139313,145,8.298839569091797,178.4428298646604,143.96838500294447,0.0,562.0,562,5.0,1,,127.55670103092784,125.0,76.0,181.0,12373.0,29.984360184437868,0.19916086758567167,1.4130744696943436
ID102453,102453,145,8.667850494384766,207.39153936421468,186.25438603650457,0.0,410.0,410,5.0,1,,132.27835051546393,128.0,82.0,185.0,12831.0,31.041216641494454,0.204070306309423,1.4444682541232556
ID132150,132150,145,9.3506498336792,177.02259706056037,156.97458407963012,0.0,533.0,533,5.0,1,,135.2680412371134,130.0,83.0,197.0,13121.0,30.914706405931604,0.2253278163124039,1.6092465465287449
ID239670,239670,145,10.190414428710938,162.6529711180104,107.35916009948087,0.0,984.0,984,5.0,1,,136.659793814433,131.0,68.0,196.0,13256.0,35.944078846504205,0.24253404885729687,1.4842525955310248
ID228404,228404,145,11.073975563049316,159.23878696191215,117.82192766616448,0.0,936.0,936,5.0,1,,142.88659793814432,143.0,77.0,210.0,13860.0,35.37798170256577,0.271228683618413,1.7234566784018863
ID89144,89144,145,9.681140899658203,203.09080196268414,180.7517235193132,0.0,353.0,353,5.0,1,,133.62886597938143,128.0,81.0,202.0,12962.0,34.289612004351035,0.2274543143028969,1.4442971346878157
ID119864,119864,145,8.80095386505127,175.5339569426805,168.27207743512977,0.0,480.0,480,5.0,1,,129.8041237113402,129.0,70.0,192.0,12591.0,34.31673521987782,0.20042796348258396,1.2630912646478125
ID237626,237626,145,9.219001770019531,153.00139806776951,108.02428660438336,0.0,977.0,977,5.0,1,,127.41237113402062,119.0,70.0,188.0,12359.0,34.128968809905345,0.21772410461462893,1.3349839287303757
ID85059,85059,145,8.461434364318848,201.71928355733374,171.29581390797304,0.0,339.0,339,5.0,1,,125.97938144329896,124.0,66.0,188.0,12220.0,33.700265633672224,0.19004571829947475,1.1939622247268806
ID163915,163915,145,10.697640419006348,138.15264594297108,177.82094319858385,0.0,669.0,669,5.0,1,,141.56701030927834,138.0,89.0,201.0,13732.0,34.14549360716544,0.25799876325492976,1.7005760987767056
ID107596,107596,145,9.763819694519043,200.78356481289705,192.82075083664395,0.0,429.0,429,5.0,1,,128.2164948453608,121.0,65.0,209.0,12437.0,37.15262070279714,0.23176770992491946,1.298699150213121
ID156751,156751,145,10.015074729919434,170.6560171898192,170.48694763669008,0.0,637.0,637,5.0,1,,129.04123711340208,125.0,67.0,198.0,12517.0,39.0528268091689,0.23099719934005417,1.2400970882733715
ID195663,195663,145,10.255931854248047,144.5094667649002,138.72054339052494,0.0,800.0,800,5.0,1,,139.98969072164948,141.0,78.0,198.0,13579.0,36.220244927549615,0.24134235330535703,1.502853464444486
ID125007,125007,145,8.408555030822754,188.93046537748145,165.21795603944906,0.0,503.0,503,5.0,1,,125.0618556701031,117.0,65.0,188.0,12131.0,33.593406605373495,0.18955241055647873,1.1864420973349794
ID207949,207949,145,11.294116973876953,148.52035398614956,121.75711400113406,0.0,850.0,850,5.0,1,,138.1237113402062,139.0,55.0,209.0,13398.0,40.81468734106805,0.2709718924687604,1.4430123868827482
ID97360,97360,145,6.605864524841309,208.7883147451283,182.3413796081848,0.0,391.0,391,5.0,1,,120.79381443298969,120.0,70.0,171.0,11717.0,25.825914853241365,0.157518241986704,1.2729811962925413
ID114768,114768,145,9.392987251281738,180.84651491108562,170.44077093859426,0.0,466.0,466,5.0,1,,132.88659793814432,129.0,73.0,191.0,12890.0,34.99936793734631,0.2144534059692614,1.3409206172397437
ID230482,230482,145,10.294801712036133,157.7654453649134,121.91682632223669,0.0,946.0,946,5.0,1,,131.4020618556701,127.0,60.0,200.0,12746.0,39.269809171565036,0.2395820386727991,1.293458103616802
ID241746,241746,145,10.54338550567627,160.9380725839958,116.04253911891769,0.0,995.0,995,5.0,1,,139.69072164948454,134.0,81.0,197.0,13550.0,34.53541685258962,0.2553287693394746,1.6454137574260237
ID142422,142422,145,10.194052696228027,167.0347584117484,149.11121525767538,0.0,576.0,576,5.0,1,,139.7422680412371,135.0,75.0,197.0,13555.0,33.970354217107285,0.24141383679177666,1.5999384830991958
ID158805,158805,145,9.570833206176758,152.7221826647986,171.6083997159564,0.0,646.0,646,5.0,1,,131.2577319587629,129.0,77.0,200.0,12732.0,35.242989359148744,0.23009503724432548,1.3933195729717205
ID190549,190549,145,9.972844123840332,155.7796964535338,135.1124737200471,0.0,780.0,780,5.0,1,,137.95876288659792,135.0,68.0,204.0,13382.0,34.533774990873425,0.23315201320358966,1.5106288879297263
ID150618,150618,145,9.047420501708984,174.12171135260166,163.75490869479296,0.0,612.0,612,5.0,1,,122.95876288659794,115.0,64.0,191.0,11927.0,35.57969854360219,0.21593224574990552,1.2274260671501658
ID110680,110680,145,10.036075592041016,195.05930898149728,180.57943691220942,0.0,443.0,443,5.0,1,,136.09278350515464,133.0,75.0,194.0,13201.0,34.916890156671435,0.2431982168681727,1.5249287190488254
ID187481,187481,145,9.865581512451172,158.72140247071866,150.06613311074867,0.0,767.0,767,5.0,1,,138.22680412371133,138.0,67.0,204.0,13408.0,34.136827972952936,0.23230433940167114,1.5266463499917207
ID211039,211039,145,8.85321044921875,142.4722497811016,125.37400980471283,0.0,864.0,864,5.0,1,,128.46391752577318,123.0,77.0,203.0,12461.0,34.625695497127474,0.19996277456007686,1.2364997490947665
ID232543,232543,145,10.14911937713623,156.10075307317467,110.05090920282709,0.0,955.0,955,5.0,1,,131.02061855670104,125.0,70.0,192.0,12709.0,36.35931201833631,0.24375958788832205,1.4124700551628682
ID135260,135260,145,8.800980567932129,174.4018139543571,159.49248166611784,0.0,549.0,549,5.0,1,,131.1443298969072,132.0,78.0,188.0,12721.0,33.57733290812967,0.20314497792028993,1.3189290841787158
ID177245,177245,145,9.610011100769043,169.755462263218,165.01212234276454,0.0,723.0,723,5.0,1,,133.9278350515464,128.0,70.0,200.0,12991.0,34.74317901362091,0.22171849320632553,1.399142860628393
ID165986,165986,145,10.060773849487305,136.69000706089972,179.06763186323127,0.0,675.0,675,5.0,1,,137.6701030927835,135.0,63.0,195.0,13354.0,36.71248699054489,0.23187344741047772,1.4116945965562528
ID200803,200803,145,9.903676986694336,150.14325714197798,138.49970099696128,0.0,824.0,824,5.0,1,,134.4020618556701,133.0,66.0,198.0,13037.0,35.566153091168964,0.2400986707838648,1.4632972187641131
ID180323,180323,145,8.866405487060547,167.25137368244648,163.18221873383757,0.0,737.0,737,5.0,1,,129.63917525773195,123.0,82.0,189.0,12575.0,33.15908170189148,0.20318323562073573,1.3204436129874506
ID118883,118883,145,8.600067138671875,173.78111990039358,171.62387368690526,0.0,484.0,484,5.0,1,,129.20618556701032,126.0,69.0,188.0,12533.0,31.63856367378592,0.20651924225348323,1.3980503484942965
ID173153,173153,145,9.59760570526123,150.20795146158258,176.7297685720099,0.0,706.0,706,5.0,1,,137.62886597938143,133.0,82.0,193.0,13350.0,32.43240393098032,0.23152607621706908,1.5955730285853
ID161893,161893,145,10.850410461425781,140.29537517873817,178.51959528257768,0.0,659.0,659,5.0,1,,139.43298969072166,140.0,68.0,199.0,13525.0,36.414542429414695,0.27299102317790497,1.6422667617399336
ID131179,131179,145,10.522611618041992,188.9810233882829,159.85375264976565,0.0,529.0,529,5.0,1,,135.7319587628866,130.0,66.0,200.0,13166.0,36.4984347449533,0.25300753014454824,1.5018191519214297
ID147564,147564,145,10.430537223815918,165.83593500913207,160.41042685852727,0.0,598.0,598,5.0,1,,139.36082474226805,138.0,67.0,198.0,13518.0,35.96821095512974,0.24741616847650655,1.5369812694403282
ID183410,183410,145,9.91042423248291,157.88947015034785,143.98158514048748,0.0,753.0,753,5.0,1,,139.90721649484536,138.0,78.0,197.0,13571.0,32.51829051800015,0.23686853280362988,1.6478824722595786
ID88179,88179,145,9.341774940490723,200.71065485640713,175.5078719233577,0.0,351.0,351,5.0,1,,132.95876288659792,129.0,70.0,202.0,12897.0,34.91684094798585,0.2170564868175242,1.3582322887598275
ID215153,215153,145,9.502429008483887,138.6419301811163,128.14697745178233,0.0,880.0,880,5.0,1,,132.03092783505156,129.0,63.0,199.0,12807.0,36.443293166760995,0.2159489059111196,1.2868375879821914
ID92274,92274,145,9.220808982849121,202.94258453342204,177.94267356559604,0.0,370.0,370,5.0,1,,133.90721649484536,128.0,78.0,188.0,12989.0,30.87038847957254,0.22297751051381326,1.5817377328503988
ID219248,219248,145,9.790359497070312,136.80660764547258,129.1497048509184,0.0,899.0,899,5.0,1,,138.22680412371133,139.0,68.0,199.0,13408.0,33.452237454640446,0.22858524156672186,1.5375880138760891
ID106614,106614,145,9.823221206665039,201.70265641230742,191.41663074105713,0.0,427.0,427,5.0,1,,130.37113402061857,126.0,66.0,196.0,12646.0,36.35883649690863,0.23455628957903002,1.3625035683579083
ID169083,169083,145,8.186763763427734,143.00430186821848,176.2333000543511,0.0,689.0,689,5.0,1,,118.71134020618557,113.0,61.0,188.0,11515.0,35.23934790675717,0.18533011767570798,1.053418697349433
ID223353,223353,145,9.560969352722168,157.60876662169403,131.68929765333272,0.0,914.0,914,5.0,1,,134.23711340206185,131.0,78.0,199.0,13021.0,35.94810298537911,0.21772378277888718,1.3353149342739916
ID203896,203896,145,10.032827377319336,144.26889165964593,124.51742627996389,0.0,834.0,834,5.0,1,,138.79381443298968,135.0,83.0,198.0,13463.0,34.571465276152324,0.23686639925652614,1.5376694522534617
ID124029,124029,145,9.80467414855957,185.93754005698506,163.08956909012687,0.0,499.0,499,5.0,1,,137.1237113402062,130.0,81.0,194.0,13301.0,33.500391083525294,0.2279566844010691,1.5197143414268637
ID186495,186495,145,10.662238121032715,156.2741711477715,149.4895951970243,0.0,762.0,762,5.0,1,,142.2164948453608,143.0,76.0,204.0,13795.0,36.9749990996517,0.2511779308925776,1.5443089815817646
ID155778,155778,145,8.570633888244629,172.69859957886266,174.2552884846602,0.0,633.0,633,5.0,1,,128.46391752577318,123.0,69.0,192.0,12461.0,30.946883881792157,0.2013445368477776,1.3914464737589154
ID206979,206979,145,10.74282455444336,147.97229793083653,125.48621115947677,0.0,845.0,845,5.0,1,,136.46391752577318,133.0,59.0,213.0,13237.0,40.43592200828113,0.24528404546468535,1.3294786164185048
ID101506,101506,145,8.604803085327148,206.07163360041574,186.49812913081172,0.0,409.0,409,5.0,1,,129.62886597938143,126.0,72.0,188.0,12574.0,32.30528839177265,0.20046353739737213,1.3401225384164872
ID144519,144519,145,9.560347557067871,162.38242996097418,155.1686948691445,0.0,587.0,587,5.0,1,,137.96907216494844,138.0,83.0,190.0,13383.0,30.97191389261925,0.2352265653453045,1.6966155387131554
ID152712,152712,145,8.482845306396484,174.16665317594655,171.11160212267782,0.0,618.0,618,5.0,1,,118.28865979381443,107.0,54.0,191.0,11474.0,35.347371060567866,0.19217576403617273,1.0788829147673225
ID138377,138377,145,9.702651023864746,172.78688382299606,146.7473817233161,0.0,559.0,559,5.0,1,,138.41237113402062,137.0,77.0,199.0,13426.0,32.01944480094595,0.2310566235657303,1.62267483325909
ID194702,194702,145,10.262907028198242,138.29697728355492,138.15330735188087,0.0,796.0,796,5.0,1,,139.24742268041237,137.0,83.0,204.0,13507.0,35.73572877382751,0.23584250388902572,1.4872140078105738
ID199821,199821,145,10.562016487121582,143.9689317430615,137.41465029852856,0.0,817.0,817,5.0,1,,143.2164948453608,141.0,77.0,203.0,13892.0,35.25656759270879,0.25106366534634333,1.630374824983886
ID130193,130193,145,9.765605926513672,197.47968871081116,155.5633538713359,0.0,524.0,524,5.0,1,,132.1237113402062,125.0,78.0,194.0,12816.0,34.299920350963994,0.24207445638033143,1.501478035076562
ID143507,143507,145,10.656875610351562,156.5546612207853,149.17925713012806,0.0,579.0,579,5.0,1,,139.4020618556701,135.0,69.0,200.0,13522.0,37.873875064101036,0.2532045557229502,1.4873356961214632
ID227474,227474,145,10.408466339111328,155.37327587434993,114.43104126782686,0.0,933.0,933,5.0,1,,138.7835051546392,136.0,84.0,207.0,13462.0,36.802747520883685,0.24037858230011888,1.461601958133227
ID84115,84115,145,10.19644546508789,201.81305879492277,168.26034468871376,0.0,336.0,336,5.0,1,,135.98969072164948,132.0,64.0,206.0,13191.0,36.99816854852437,0.2350081563845915,1.3988426488437085
ID105621,105621,145,10.161561012268066,198.51965077816112,190.3974184013655,0.0,425.0,425,5.0,1,,132.57731958762886,130.0,67.0,199.0,12860.0,38.06048778248316,0.24236069005939861,1.359062280404578
ID113815,113815,145,9.98426342010498,185.1214502853131,181.37615763322464,0.0,459.0,459,5.0,1,,133.48453608247422,127.0,79.0,203.0,12948.0,35.6946288565888,0.23526682250201705,1.4244853640380697
ID218261,218261,145,10.678656578063965,137.1397151053556,129.02233899398928,0.0,891.0,891,5.0,1,,141.03092783505156,132.0,83.0,203.0,13680.0,36.125491233178934,0.24749925268934014,1.5490455742583182
ID165019,165019,145,11.174517631530762,141.00113094625752,177.1253455724094,0.0,672.0,672,5.0,1,,138.04123711340208,130.0,77.0,202.0,13390.0,38.61398643566355,0.26465726428511144,1.4962534841237225
ID234649,234649,145,8.694137573242188,151.67323722954868,121.30350325284833,0.0,964.0,964,5.0,1,,123.6701030927835,123.0,55.0,192.0,11996.0,34.90783151430245,0.20564690405254563,1.208575783113764
ID176281,176281,145,9.391185760498047,161.92702546098008,161.43875517912232,0.0,717.0,717,5.0,1,,133.82474226804123,130.0,72.0,201.0,12981.0,34.72181420149729,0.21667046995533099,1.3727478129524637
ID160924,160924,145,10.29890251159668,139.47119493581587,176.73510376583607,0.0,656.0,656,5.0,1,,142.22680412371133,142.0,82.0,198.0,13796.0,32.271796624735906,0.2558289221599496,1.7955911798547686
ID189596,189596,145,9.368968963623047,158.16358388214334,139.91118484644642,0.0,775.0,775,5.0,1,,128.84536082474227,124.0,75.0,194.0,12498.0,35.216396573597166,0.21608826365091455,1.300229300286171
ID123038,123038,145,9.55015754699707,174.96457251607285,171.78275652977774,0.0,493.0,493,5.0,1,,137.42268041237114,133.0,88.0,195.0,13330.0,30.766200018427416,0.22983010330402118,1.669461255828473
ID149661,149661,145,10.43665599822998,173.97436233132117,165.09757397032072,0.0,608.0,608,5.0,1,,137.340206185567,131.0,75.0,197.0,13322.0,35.42888610710726,0.24845891922843244,1.5429452928883516
ID238753,238753,145,9.741938591003418,160.1617332934235,103.62861005827227,0.0,983.0,983,5.0,1,,133.83505154639175,132.0,80.0,189.0,12982.0,33.62219022100928,0.23891822520677564,1.5352549401641717
ID236711,236711,145,9.89431381225586,150.00551267354672,114.41753761227146,0.0,972.0,972,5.0,1,,131.2577319587629,126.0,68.0,202.0,12732.0,36.806441451224345,0.2345199115764643,1.3549169735237054
ID129188,129188,145,8.053401947021484,197.65379204205118,162.7924980728937,0.0,519.0,519,5.0,1,,123.34020618556701,120.0,63.0,188.0,11964.0,32.03997717628782,0.18500318762646564,1.2019936145620502
ID134311,134311,145,10.48628044128418,179.2496046493585,154.27469033903438,0.0,543.0,543,5.0,1,,139.60824742268042,135.0,75.0,199.0,13542.0,34.42611554142404,0.2557055925818604,1.6516021784178465
ID172196,172196,145,8.516634941101074,140.0200568497589,179.65911581319685,0.0,702.0,702,5.0,1,,124.01030927835052,118.0,73.0,185.0,12029.0,34.50950800303712,0.19461923821332505,1.1708608439985344
ID214181,214181,145,8.6761474609375,137.82831531940758,132.323281045481,0.0,876.0,876,5.0,1,,135.8659793814433,135.0,79.0,191.0,13179.0,30.221621973479575,0.20294799524675106,1.5169136640637952
ID210084,210084,145,10.223945617675781,150.35012439178567,123.78088525579209,0.0,861.0,861,5.0,1,,139.84536082474227,138.0,85.0,200.0,13565.0,35.70374052713337,0.2393178709785628,1.5127137698128537
ID141482,141482,145,10.294697761535645,174.18923592082703,153.734899559133,0.0,569.0,569,5.0,1,,138.24742268041237,132.0,84.0,208.0,13410.0,34.75150803917095,0.24502635376453766,1.565840914496087
ID222379,222379,145,10.009008407592773,149.49471566381973,138.28153255712732,0.0,911.0,911,5.0,1,,138.96907216494844,133.0,77.0,195.0,13480.0,34.825593321174324,0.2370713927754063,1.5294455371695406
ID225448,225448,145,8.617728233337402,150.42172316946474,128.81515011493775,0.0,925.0,925,5.0,1,,123.9381443298969,119.0,57.0,195.0,12022.0,36.24621084592547,0.19539228553805052,1.1178134650013132
ID179374,179374,145,10.406625747680664,167.62075540861545,175.36400750276204,0.0,731.0,731,5.0,1,,141.61855670103094,139.0,70.0,202.0,13737.0,36.524091164533985,0.24036451700284225,1.5027673972828657
ID229551,229551,145,10.75240707397461,156.49683065272575,116.22429966280352,0.0,941.0,941,5.0,1,,139.0,133.0,75.0,199.0,13483.0,37.22258498994036,0.2578336034575905,1.5309273829925099
ID100524,100524,145,8.52828598022461,200.610042319495,181.14227391124757,0.0,403.0,403,5.0,1,,127.61855670103093,125.0,64.0,186.0,12379.0,33.71894969788535,0.19432582445393407,1.2316221244824068
ID117936,117936,145,9.57932186126709,183.462223371841,171.954317460196,0.0,474.0,474,5.0,1,,135.42268041237114,130.0,85.0,193.0,13136.0,33.45016039185088,0.22678162563772766,1.4968000814916405
ID143539,143539,145,9.731517791748047,159.6976169278597,151.5975903572344,0.0,580.0,580,5.0,1,,136.90721649484536,135.0,69.0,197.0,13280.0,34.58355897744464,0.22784411419408412,1.4692010617707272
ID122037,122037,145,10.053319931030273,177.62451933698057,173.2904763261665,0.0,489.0,489,5.0,1,,138.41237113402062,132.0,76.0,203.0,13426.0,34.040953453560775,0.2387235546332312,1.567198708784089
ID185524,185524,145,10.11075210571289,154.99231361557037,149.5156312801851,0.0,758.0,758,5.0,1,,138.61855670103094,130.0,79.0,201.0,13446.0,35.44727401924143,0.23643458064657807,1.4955756276297474
ID87227,87227,145,8.269949913024902,199.50755358042184,172.61533315150007,0.0,348.0,348,5.0,1,,124.6701030927835,121.0,68.0,187.0,12093.0,34.466082859785416,0.18477472119122187,1.1282547297709762
ID146616,146616,145,10.300090789794922,163.143256373809,152.45137113762777,0.0,594.0,594,5.0,1,,139.30927835051546,134.0,78.0,205.0,13513.0,35.85688010013509,0.24050826295534455,1.5064956411027108
ID104634,104634,145,9.03148078918457,197.52154871610986,185.36458998233127,0.0,421.0,421,5.0,1,,129.36082474226805,128.0,68.0,188.0,12548.0,33.21902867302688,0.2172849141060902,1.3902188627855532
ID157886,157886,145,10.522932052612305,164.79209174834153,166.28526739330295,0.0,641.0,641,5.0,1,,133.61855670103094,127.0,75.0,202.0,12961.0,35.447861741744816,0.2633814837425764,1.5716558783999095
ID231614,231614,145,10.055253982543945,160.11009888862492,115.1707770013784,0.0,951.0,951,5.0,1,,131.11340206185568,127.0,75.0,198.0,12718.0,36.15818149944876,0.24435682458321242,1.4241313291036524
ID193731,193731,145,10.048917770385742,138.57116187446815,134.4105634721424,0.0,792.0,792,5.0,1,,141.60824742268042,141.0,74.0,204.0,13736.0,34.56080291223201,0.23669259257268482,1.5684028662675782
ID91333,91333,145,9.756782531738281,205.59538531341536,184.467868711813,0.0,367.0,367,5.0,1,,133.37113402061857,130.0,70.0,199.0,12937.0,37.7296632824749,0.22130014269747192,1.281056240176768
ID128197,128197,145,8.423958778381348,194.02152353039367,165.7714562009993,0.0,516.0,516,5.0,1,,124.05154639175258,119.0,66.0,191.0,12033.0,33.694204228998046,0.19169564136097123,1.1844694439356775
ID198855,198855,145,10.14743709564209,140.52170655984506,142.85921275903752,0.0,814.0,814,5.0,1,,135.8659793814433,135.0,68.0,200.0,13179.0,37.32141612230933,0.23602401657097208,1.3903107875407736
ID240839,240839,145,10.141632080078125,161.00354351904622,116.06983145358005,0.0,994.0,994,5.0,1,,135.69072164948454,132.0,84.0,211.0,13162.0,34.04817690443152,0.24484528260337143,1.5676988804271739
ID154823,154823,145,10.598270416259766,169.32003592692527,175.25123539912786,0.0,629.0,629,5.0,1,,138.08247422680412,131.0,80.0,203.0,13394.0,35.623222208007796,0.2544632427576656,1.5725427942447787
ID202949,202949,145,11.351655960083008,140.21271513892754,134.935304361837,0.0,829.0,829,5.0,1,,143.1443298969072,140.0,77.0,207.0,13885.0,36.46859084961607,0.27635900276628256,1.6997534600284494
ID151749,151749,145,8.879860877990723,178.12213419747778,166.4051062106756,0.0,615.0,615,5.0,1,,122.41237113402062,115.0,65.0,189.0,11874.0,35.65627357648055,0.20944529958383212,1.1890599187249988
ID182469,182469,145,10.493672370910645,158.82508896455997,145.03160054969575,0.0,745.0,745,5.0,1,,142.8659793814433,143.0,73.0,196.0,13858.0,34.258705969547414,0.2508749352071368,1.6727508020835808
ID112843,112843,145,10.649109840393066,188.62983518790315,182.32484695249912,0.0,453.0,453,5.0,1,,141.15463917525773,143.0,73.0,196.0,13692.0,34.32089384464707,0.2672237176566147,1.7345557815704873
ID137423,137423,145,9.661519050598145,175.61778015428598,154.75631711611035,0.0,555.0,555,5.0,1,,132.48453608247422,131.0,63.0,201.0,12851.0,35.995402889947236,0.22900465078436708,1.3716361485081612
ID95439,95439,145,9.090792655944824,213.919127439923,181.45782164405782,0.0,381.0,381,5.0,1,,133.31958762886597,134.0,70.0,195.0,12932.0,33.1918496495979,0.21391823035289434,1.4156336140549006
ID175315,175315,145,10.06324577331543,162.55604347503586,160.2430104421207,0.0,716.0,716,5.0,1,,137.93814432989691,132.0,72.0,203.0,13380.0,36.89704550982304,0.2281041537698846,1.3887394621400087
ID116949,116949,145,9.373923301696777,179.84888040162625,168.29763869517998,0.0,471.0,471,5.0,1,,132.81443298969072,127.0,69.0,197.0,12883.0,35.41284192001869,0.21088980292691684,1.3063677376756593
ID99543,99543,145,7.472422122955322,208.4868918845131,181.4296506946642,0.0,400.0,400,5.0,1,,117.84536082474227,109.0,64.0,183.0,11431.0,32.974213475010025,0.16237217401730294,0.998468668817505
ID206037,206037,145,10.620180130004883,144.68740084035522,121.64999697922896,0.0,841.0,841,5.0,1,,137.4536082474227,136.0,58.0,202.0,13333.0,38.10949701697201,0.2534566802960103,1.4586373727492559
ID217300,217300,145,10.09386157989502,136.60424609410705,127.33008476889755,0.0,890.0,890,5.0,1,,137.91752577319588,135.0,75.0,197.0,13378.0,35.89906861114597,0.2337926598830457,1.455978499275725
ID159961,159961,145,10.058534622192383,145.4067717129022,170.77018797316595,0.0,652.0,652,5.0,1,,139.89690721649484,135.0,92.0,195.0,13570.0,32.377810217828475,0.24759628042888993,1.7149864014226823
ID164060,164060,145,10.59591007232666,142.29705733778138,176.68839095294896,0.0,671.0,671,5.0,1,,138.48453608247422,135.0,82.0,203.0,13433.0,34.292890845523,0.2668821864993183,1.7014160936099363
ID96480,96480,145,9.95261001586914,208.46249518089337,182.88725141957985,0.0,384.0,384,5.0,1,,137.30927835051546,130.0,91.0,202.0,13319.0,32.42952642035954,0.24186544995239703,1.649257864316689
ID127204,127204,145,7.315275192260742,191.9447151411875,164.95600388738714,0.0,515.0,515,5.0,1,,115.49484536082474,105.0,63.0,172.0,11203.0,32.29103452435244,0.15830627638823733,0.9776544075318527
ID133349,133349,145,10.289773941040039,176.24353134718464,161.46938251744083,0.0,537.0,537,5.0,1,,138.7835051546392,139.0,80.0,197.0,13462.0,34.18370311155952,0.2504494031728306,1.6263073215253023
ID140517,140517,145,10.511323928833008,173.54082186430722,147.60602622509984,0.0,568.0,568,5.0,1,,139.81443298969072,140.0,72.0,203.0,13562.0,37.016699468198134,0.25092142591887046,1.5152769749465218
ID209131,209131,145,9.951972007751465,153.36338958029236,133.27425270752155,0.0,855.0,855,5.0,1,,134.2164948453608,128.0,78.0,203.0,13019.0,34.48013522429851,0.24169383356367585,1.5153675179931396
ID213226,213226,145,8.864235877990723,134.50474820652377,137.92552082632403,0.0,873.0,873,5.0,1,,130.4536082474227,129.0,69.0,193.0,12654.0,33.98499074915176,0.20362955175759836,1.2988138127624327
ID221417,221417,145,10.647255897521973,145.91473865633134,140.85737037128473,0.0,906.0,906,5.0,1,,145.23711340206185,143.0,91.0,208.0,14088.0,32.14737327134867,0.2583474271442048,1.8550930002905093
ID94444,94444,145,8.79088306427002,198.521049456444,178.8571966775447,0.0,378.0,378,5.0,1,,126.03092783505154,120.0,62.0,197.0,12225.0,36.653346143362604,0.19364997015237498,1.1156653467220787
ID90351,90351,145,9.877788543701172,205.79879790424343,183.3409660215326,0.0,365.0,365,5.0,1,,134.05154639175257,133.0,65.0,197.0,13003.0,36.3754642393115,0.22825786406808846,1.3697126756559332
ID103663,103663,145,9.73196029663086,201.1376738513411,186.9690423489011,0.0,415.0,415,5.0,1,,137.71134020618555,130.0,90.0,199.0,13358.0,32.14808144965219,0.2282634707528909,1.5921703098632112
ID86261,86261,145,9.582438468933105,201.97573016636306,172.26336292008853,0.0,341.0,341,5.0,1,,134.10309278350516,131.0,79.0,198.0,13008.0,34.411264064281596,0.22038932171945969,1.4075385968171685
ID121077,121077,145,9.006404876708984,174.73198668106195,175.33980452377668,0.0,488.0,488,5.0,1,,132.49484536082474,129.0,75.0,192.0,12852.0,32.84849175613579,0.20778397643718496,1.3878302018051971
ID108793,108793,145,8.636417388916016,193.61683455812246,185.19077790709753,0.0,438.0,438,5.0,1,,132.29896907216494,130.0,73.0,186.0,12833.0,29.740952737924346,0.21316802402036314,1.5632652838194185
ID233721,233721,145,9.229381561279297,153.30443425539664,115.94757331199582,0.0,960.0,960,5.0,1,,130.89690721649484,123.0,74.0,197.0,12697.0,32.98468222021223,0.21863182381173135,1.4239277015105558
ID98554,98554,145,9.606168746948242,205.45196055220592,177.5582010180898,0.0,396.0,396,5.0,1,,134.1340206185567,130.0,83.0,200.0,13011.0,34.36587117147725,0.22829747927547328,1.450905530957091
ID197880,197880,145,9.324094772338867,133.22168162572476,137.33787511473807,0.0,809.0,809,5.0,1,,134.58762886597938,130.0,80.0,195.0,13055.0,33.3484609144234,0.2129194009071051,1.416911205938752
ID115964,115964,145,10.105268478393555,177.3663523962163,167.55501475067717,0.0,467.0,467,5.0,1,,140.91752577319588,139.0,93.0,197.0,13669.0,32.25441510575618,0.24928750590405838,1.7435883153109022
ID178431,178431,145,9.786468505859375,165.15368647167756,174.8095961980218,0.0,729.0,729,5.0,1,,136.61855670103094,134.0,77.0,195.0,13252.0,33.287398547526294,0.23078181316945717,1.539147863107175
ID184572,184572,145,10.3694486618042,158.78443045343494,144.42326614893275,0.0,754.0,754,5.0,1,,139.79381443298968,141.0,67.0,199.0,13560.0,36.76641870883728,0.24426777189725254,1.492859515356779
ID192765,192765,145,10.167253494262695,142.2626731553745,138.82375798600037,0.0,788.0,788,5.0,1,,140.69072164948454,136.0,88.0,195.0,13647.0,33.87703278794446,0.2401139004530656,1.6082213211126308
ID226556,226556,145,8.381953239440918,151.96596243376237,120.0248016704721,0.0,928.0,928,5.0,1,,127.37113402061856,123.0,70.0,188.0,12355.0,30.36764986092275,0.20162580972945507,1.4075593121211631
ID163074,163074,145,10.796215057373047,143.62699655291846,179.99248894684155,0.0,664.0,664,5.0,1,,140.06185567010309,136.0,61.0,204.0,13586.0,37.85686156238987,0.25262683496575183,1.4923236940255264
ID188672,188672,145,8.650148391723633,156.49033347242903,149.20938839614828,0.0,771.0,771,5.0,1,,130.28865979381445,126.0,72.0,185.0,12638.0,30.395640710911223,0.20818473221120615,1.4772052518769176
ID153861,153861,145,10.211298942565918,170.7792011101061,172.20444900189057,0.0,626.0,626,5.0,1,,135.01030927835052,136.0,70.0,197.0,13096.0,35.46227304161917,0.2466548610076345,1.5065161875023685
ID201995,201995,145,10.577310562133789,144.6531980712825,135.69790691957724,0.0,826.0,826,5.0,1,,136.8762886597938,136.0,72.0,198.0,13277.0,37.73130269085791,0.2548040768200902,1.4732853430058457
ID136457,136457,145,10.450347900390625,177.50889644281082,154.02576821633065,0.0,552.0,552,5.0,1,,134.29896907216494,132.0,47.0,206.0,13027.0,40.7285641341076,0.2416616727334804,1.2835360667351665
ID111885,111885,145,10.70660400390625,193.05235831104807,180.82262925704254,0.0,445.0,445,5.0,1,,141.64948453608247,138.0,87.0,202.0,13740.0,34.97053558506831,0.2591887658115847,1.6675084514707517
ID126221,126221,145,7.15149450302124,179.7433300174503,163.40939958505413,0.0,510.0,510,5.0,1,,114.88659793814433,110.0,62.0,172.0,11144.0,32.63621336307893,0.15536256048155064,0.9467333610139185
ID181521,181521,145,8.613304138183594,161.19509102635843,155.50394309243094,0.0,743.0,743,5.0,1,,127.24742268041237,121.0,72.0,190.0,12343.0,33.86093832618785,0.20105388727588874,1.2581429339601204
ID228624,228624,145,10.505914688110352,155.84992896486528,115.1360394165413,0.0,938.0,938,5.0,1,,135.22680412371133,134.0,58.0,199.0,13117.0,39.08257954709467,0.24693498770483446,1.370403240948092
ID224538,224538,145,9.67250919342041,152.95679753881228,127.55637580604333,0.0,921.0,921,5.0,1,,134.2577319587629,128.0,75.0,198.0,13023.0,35.18560262809783,0.22415677449496266,1.3973948446940385
ID235802,235802,145,10.002110481262207,149.2182253400568,118.19993242356497,0.0,971.0,971,5.0,1,,134.64948453608247,129.0,70.0,194.0,13061.0,35.55103175867797,0.2371573304445636,1.4520918966155232
ID145689,145689,145,9.96240234375,165.51935477371794,160.54850179623355,0.0,590.0,590,5.0,1,,137.63917525773195,136.0,73.0,197.0,13351.0,35.01225546356658,0.24098753400034856,1.5267893692956338
ID167193,167193,145,10.074786186218262,139.0855965510931,177.26456616395882,0.0,681.0,681,5.0,1,,132.98969072164948,127.0,78.0,206.0,12900.0,36.48843847866998,0.23216853750376454,1.3734913984490698
ID216344,216344,145,10.292410850524902,138.0292781782403,130.67918364494062,0.0,886.0,886,5.0,1,,143.4742268041237,140.0,94.0,208.0,13917.0,32.265530105511836,0.24570042418373308,1.754112235174885
ID174367,174367,145,10.386204719543457,152.43892324080323,170.25505561593812,0.0,713.0,713,5.0,1,,140.50515463917526,139.0,80.0,203.0,13629.0,35.59234576871251,0.24075802111743813,1.5320019380911176
ID139549,139549,145,10.290519714355469,176.5894684902067,141.16809791706902,0.0,565.0,565,5.0,1,,139.64948453608247,137.0,73.0,198.0,13546.0,35.76486906318166,0.24287333885557455,1.5260391116566574
ID191777,191777,145,10.006464958190918,147.33710018379008,132.04456574116878,0.0,784.0,784,5.0,1,,139.36082474226805,132.0,87.0,204.0,13518.0,34.31781169178354,0.22876362330239738,1.5120624809815744
ID89381,89381,145,9.805742263793945,198.90417726340115,181.23636178669838,0.0,361.0,361,5.0,1,,135.18556701030928,130.0,78.0,192.0,13113.0,34.49315448296324,0.23036343378097,1.4675994391725329
ID237863,237863,145,10.500202178955078,156.50418887556847,109.3165985875454,0.0,980.0,980,5.0,1,,134.56701030927834,134.0,67.0,202.0,13053.0,39.22316152917358,0.2466377844639788,1.3575171585107093
ID239911,239911,145,10.02694034576416,162.07637906015594,106.33850025653575,0.0,987.0,987,5.0,1,,135.46391752577318,132.0,71.0,193.0,13140.0,35.02947028802738,0.2383935333120341,1.4888668199776205
ID212262,212262,145,10.339090347290039,133.2549899621052,135.5125525884933,0.0,869.0,869,5.0,1,,142.83505154639175,146.0,89.0,198.0,13855.0,33.365301466109955,0.25222600663725586,1.7245543393466412
ID220454,220454,145,7.337000370025635,145.08333963345808,132.13317924252976,0.0,903.0,903,5.0,1,,130.16494845360825,130.0,73.0,180.0,12626.0,23.80024527725989,0.18971006036680668,1.7441821668386028
ID205092,205092,145,10.150440216064453,145.02136292715034,115.63212886882252,0.0,837.0,837,5.0,1,,134.8556701030928,134.0,75.0,196.0,13081.0,34.050816709099664,0.25392034760737364,1.603981032218468
ID132392,132392,145,9.973897933959961,177.05020394527614,159.13788109271013,0.0,534.0,534,5.0,1,,137.93814432989691,136.0,85.0,200.0,13380.0,32.372768402171275,0.24071691448376734,1.6533638569455615
ID93485,93485,145,9.530813217163086,193.74617611148437,177.04942597448735,0.0,375.0,375,5.0,1,,135.1443298969072,133.0,68.0,193.0,13109.0,33.64551409262015,0.22481066347228731,1.4745129966148045
ID120113,120113,145,10.338045120239258,173.10643915756427,170.31447574148743,0.0,486.0,486,5.0,1,,138.30927835051546,130.0,78.0,201.0,13416.0,35.961020802837766,0.23920021602928315,1.484804881896576
ID156978,156978,145,9.011013984680176,173.2611781845184,170.3991725200586,0.0,638.0,638,5.0,1,,128.20618556701032,123.0,74.0,187.0,12436.0,33.52826486225524,0.21241029282517218,1.3398427762967873
ID241971,241971,145,8.950345039367676,161.78910067777355,116.59294371707634,0.0,996.0,996,5.0,1,,132.22680412371133,131.0,67.0,191.0,12826.0,31.089422489355595,0.2203004734770154,1.5356261285712687
ID230709,230709,145,10.691865921020508,157.1776173944198,119.27828065357494,0.0,947.0,947,5.0,1,,137.90721649484536,133.0,71.0,202.0,13377.0,36.547937263449754,0.2562132436484341,1.539190324606261
ID115001,115001,145,10.70226764678955,179.55296534629943,174.10564465246307,0.0,461.0,461,5.0,1,,139.75257731958763,137.0,70.0,203.0,13556.0,37.13181220548266,0.2524497784430529,1.5172542051904332
ID85304,85304,145,9.373714447021484,200.5387222162329,174.0687337649311,0.0,340.0,340,5.0,1,,131.5463917525773,129.0,69.0,197.0,12760.0,35.82335731828139,0.21450934647067668,1.2971434567331437
ID208186,208186,145,10.90310287475586,151.78936625731856,128.36406053881984,0.0,852.0,852,5.0,1,,135.2577319587629,131.0,60.0,203.0,13120.0,38.822855797872535,0.26318633234227773,1.4517790722080728
ID97595,97595,145,8.813491821289062,200.7457086378934,180.5066303644094,0.0,390.0,390,5.0,1,,131.22680412371133,129.0,76.0,190.0,12729.0,33.10762284915136,0.2074334537272655,1.3618840781066388
ID107835,107835,145,10.108613967895508,198.98779233163032,187.74942839120348,0.0,433.0,433,5.0,1,,132.89690721649484,127.0,79.0,202.0,12891.0,36.229156230422824,0.24156452479750565,1.4274158378597097
ID159032,159032,145,10.002747535705566,148.33933076296395,161.2392505365843,0.0,649.0,649,5.0,1,,138.31958762886597,132.0,82.0,201.0,13417.0,34.90360129215196,0.229983743341483,1.4819761323140894
ID170296,170296,145,7.56229305267334,138.30246281821937,173.98503660466034,0.0,691.0,691,5.0,1,,113.16494845360825,102.0,62.0,191.0,10977.0,35.071557924588014,0.1601509700045608,0.8908445621304827
ID196921,196921,145,10.975820541381836,140.2914990920551,145.2474931090165,0.0,805.0,805,5.0,1,,145.39175257731958,144.0,80.0,201.0,14103.0,36.014914937261004,0.26112555236329826,1.671777286196835
ID150845,150845,145,8.925167083740234,172.54507351734262,163.06221491390377,0.0,611.0,611,5.0,1,,128.94845360824743,128.0,65.0,186.0,12508.0,33.51845608952521,0.21407623252689953,1.356702495179773
ID195904,195904,145,10.146421432495117,143.7628004507118,142.45707724288818,0.0,801.0,801,5.0,1,,138.62886597938143,133.0,68.0,198.0,13447.0,37.07096785997907,0.23171454869153674,1.406996356897371
ID142662,142662,145,9.481277465820312,160.00329126305368,151.60560463099233,0.0,578.0,578,5.0,1,,139.01030927835052,137.0,75.0,193.0,13484.0,31.285478142609296,0.2262769957687697,1.6397816846724163
ID187718,187718,145,10.771831512451172,158.075157516243,150.40475347142717,0.0,766.0,766,5.0,1,,142.38144329896906,136.0,79.0,211.0,13811.0,36.35371464827937,0.2536331112275474,1.5847840348628026
ID190790,190790,145,9.394603729248047,153.69544301541276,139.13597783372575,0.0,779.0,779,5.0,1,,133.61855670103094,129.0,70.0,196.0,12961.0,35.0304758088609,0.2131139525559733,1.3401734868274617
ID125252,125252,145,6.782618999481201,185.49440926765072,169.7554419524004,0.0,505.0,505,5.0,1,,113.20618556701031,106.0,69.0,181.0,10981.0,31.038933261419807,0.14807802103080972,0.9408330491829193
ID110919,110919,145,9.557780265808105,190.1840525792364,180.10737213813746,0.0,446.0,446,5.0,1,,134.93814432989691,130.0,83.0,188.0,13089.0,33.0882073759512,0.22628563977458185,1.5050704942268802
ID177480,177480,145,10.047640800476074,171.29653001573735,168.20763908072405,0.0,724.0,724,5.0,1,,140.17525773195877,139.0,83.0,191.0,13597.0,33.11564657544778,0.24225350624221145,1.6509273422796198
ID135503,135503,145,9.73134708404541,175.93422247924033,158.9943554541619,0.0,548.0,548,5.0,1,,133.63917525773195,125.0,73.0,204.0,12963.0,36.48949208533942,0.2189890319955831,1.31588679878242
ID119121,119121,145,10.001626968383789,172.10116583598412,169.2615132199864,0.0,482.0,482,5.0,1,,136.69072164948454,133.0,73.0,196.0,13259.0,34.16118680386847,0.23793738881237114,1.5381549699401702
ID232787,232787,145,9.638490676879883,150.65663501050597,117.30817370981839,0.0,957.0,957,5.0,1,,131.72164948453607,135.0,59.0,193.0,12777.0,36.37442504357778,0.23039122774269133,1.3561687471530104
ID173395,173395,145,8.115524291992188,147.32538190965545,179.1058789833791,0.0,704.0,704,5.0,1,,126.45360824742268,122.0,79.0,186.0,12266.0,30.78352529443736,0.18529041758446216,1.2843135222984245
ID162128,162128,145,9.83614444732666,143.75453265538107,181.20539336767865,0.0,661.0,661,5.0,1,,134.96907216494844,130.0,72.0,192.0,13092.0,33.926530181729774,0.23493588632407592,1.5136649768803179
ID166225,166225,145,10.07429027557373,137.40271610369047,179.86260969709164,0.0,676.0,676,5.0,1,,137.31958762886597,131.0,87.0,207.0,13320.0,33.77577608032387,0.2380987559392417,1.563719991510435
ID180566,180566,145,8.989742279052734,165.37549575967546,166.94393880126205,0.0,736.0,736,5.0,1,,129.77319587628867,123.0,84.0,190.0,12588.0,32.74507124319092,0.21198373643467944,1.386356128758971
ID211286,211286,145,9.18710708618164,136.90244128029605,129.17358692031698,0.0,865.0,865,5.0,1,,127.29896907216495,122.0,64.0,207.0,12348.0,38.878326478379314,0.19180625635763868,1.0539121901062178
ID215387,215387,145,10.109708786010742,138.19519200364053,126.6998067272623,0.0,885.0,885,5.0,1,,138.84536082474227,135.0,91.0,209.0,13468.0,34.05581821503534,0.23609648981615874,1.5574252346717112
ID131419,131419,145,9.55404281616211,179.21206523610894,158.30596177712087,0.0,532.0,532,5.0,1,,132.2577319587629,124.0,72.0,202.0,12829.0,34.98936694153056,0.2200966624502453,1.363748228494133
ID201050,201050,145,9.528279304504395,153.86839570550927,139.1077538929293,0.0,821.0,821,5.0,1,,130.05154639175257,125.0,70.0,199.0,12615.0,34.50313123894839,0.22571884297727401,1.3882380988962548
ID183640,183640,145,8.73324203491211,152.62724013048273,141.52999159516625,0.0,750.0,750,5.0,1,,129.15463917525773,127.0,67.0,195.0,12528.0,33.889938344030654,0.2025771475154768,1.2839459219065217
ID147804,147804,145,10.47275161743164,171.03954068608985,164.3751518899246,0.0,601.0,601,5.0,1,,136.61855670103094,134.0,76.0,197.0,13252.0,35.61408993729667,0.2554059853078516,1.5608627386698237
ID88414,88414,145,9.421210289001465,205.06867585394852,179.48064362333616,0.0,354.0,354,5.0,1,,133.11340206185568,130.0,74.0,197.0,12912.0,33.580399878705215,0.22467436337418098,1.4544500416484434
ID106849,106849,145,10.236236572265625,195.3557956953846,188.23005175104683,0.0,432.0,432,5.0,1,,139.1443298969072,137.0,87.0,200.0,13497.0,34.022967025575056,0.24331941076659017,1.6007273567608904
ID92514,92514,145,9.516901016235352,201.76742132127734,180.37696771861624,0.0,369.0,369,5.0,1,,132.60824742268042,130.0,66.0,200.0,12863.0,36.88821986223801,0.21708917930215027,1.2824150580694411
ID219495,219495,145,9.035049438476562,136.9602324758588,128.87274022858605,0.0,898.0,898,5.0,1,,128.88659793814432,122.0,69.0,197.0,12502.0,34.58409927525093,0.2059015659456049,1.272650279525511
ID152935,152935,145,9.994781494140625,174.02600321232205,169.95403759230462,0.0,621.0,621,5.0,1,,131.91752577319588,126.0,77.0,193.0,12796.0,33.49616585741966,0.25067077171296337,1.578694485973435
ID169317,169317,145,7.303205490112305,140.91317952138127,174.1431698983796,0.0,690.0,690,5.0,1,,112.57731958762886,101.0,67.0,183.0,10920.0,33.23584756815874,0.15639342254219568,0.9161930910153714
ID144746,144746,145,10.101749420166016,165.16197535330969,154.24644166088646,0.0,585.0,585,5.0,1,,136.8762886597938,132.0,80.0,197.0,13277.0,35.39045826324484,0.23461701739712593,1.469938893158706
ID204139,204139,145,10.258213996887207,144.4555435898476,121.92804954626794,0.0,835.0,835,5.0,1,,140.70103092783506,137.0,86.0,197.0,13648.0,34.71706021193975,0.24108722170100222,1.5745491456157201
ID223592,223592,145,10.332748413085938,155.69332509596282,129.8152042251094,0.0,916.0,916,5.0,1,,138.88659793814432,131.0,73.0,202.0,13472.0,36.45713130075392,0.2438795580114304,1.4938428466720783
ID124268,124268,145,9.966728210449219,186.4758876007276,163.17959828248377,0.0,501.0,501,5.0,1,,139.04123711340208,136.0,87.0,198.0,13487.0,32.96238940247316,0.23789182253549057,1.6212565840489626
ID101743,101743,145,9.04002571105957,203.69906386580436,186.27410823287525,0.0,408.0,408,5.0,1,,129.83505154639175,127.0,68.0,190.0,12594.0,35.040357807216125,0.2058886894075404,1.2652568158782187
ID138604,138604,145,8.893021583557129,178.3162589270696,143.38654183918416,0.0,561.0,561,5.0,1,,131.8659793814433,130.0,76.0,188.0,12791.0,31.682549371979267,0.2080823387822925,1.4337760620411462
ID186736,186736,145,10.021906852722168,154.67361101485008,150.44631918653815,0.0,765.0,765,5.0,1,,139.9278350515464,139.0,71.0,202.0,13573.0,34.52059995576325,0.2341902166657025,1.5383049035626366
ID207222,207222,145,11.590627670288086,146.59102700563716,122.11059757149386,0.0,848.0,848,5.0,1,,145.04123711340208,142.0,74.0,204.0,14069.0,36.44656977623009,0.284864920216722,1.7646002235043792
ID168309,168309,145,8.539496421813965,138.71659447832099,177.25799868038132,0.0,683.0,683,5.0,1,,120.78350515463917,115.0,62.0,198.0,11716.0,36.747796647135786,0.184845958870794,1.0255442140148945
ID84347,84347,145,9.038790702819824,198.11918215488618,168.32767888503022,0.0,333.0,333,5.0,1,,134.50515463917526,130.0,76.0,194.0,13047.0,32.1092288496561,0.20965622697253486,1.4520609586283868
ID227705,227705,145,11.115700721740723,155.78993153006448,114.48820890977822,0.0,934.0,934,5.0,1,,142.16494845360825,139.0,70.0,206.0,13790.0,37.862327476324,0.26508976022918485,1.5735727708588905
ID96634,96634,145,9.078372955322266,201.24402691077148,181.34124993837906,0.0,387.0,387,5.0,1,,133.71134020618555,126.0,78.0,193.0,12970.0,31.90675175507744,0.21371238421631983,1.4758069464195467
ID156025,156025,145,8.80319881439209,170.70143293237805,175.62891038743962,0.0,634.0,634,5.0,1,,127.6082474226804,123.0,74.0,197.0,12378.0,33.78903813277532,0.20444474539692475,1.282100242676732
ID114047,114047,145,10.158039093017578,185.49285542602462,177.36445098303338,0.0,457.0,457,5.0,1,,139.15463917525773,136.0,71.0,198.0,13498.0,33.21719566171814,0.24931045492448203,1.671994472353178
ID148861,148861,145,10.79726505279541,169.74629804141802,162.9801246257712,0.0,603.0,603,5.0,1,,137.95876288659792,135.0,66.0,204.0,13382.0,36.81709225056946,0.2602635171581331,1.5476819993957585
ID194945,194945,145,10.185680389404297,144.11767939387258,135.74745068891013,0.0,798.0,798,5.0,1,,139.340206185567,133.0,85.0,200.0,13516.0,35.391820676398915,0.23350291230992176,1.4905812778720355
ID234880,234880,145,10.106316566467285,150.6553676567035,124.42939986346038,0.0,966.0,966,5.0,1,,133.2680412371134,131.0,65.0,199.0,12927.0,40.26617569993806,0.228872020431328,1.2328256831588795
ID165254,165254,145,10.243236541748047,136.28934764057774,178.34952220295182,0.0,673.0,673,5.0,1,,139.95876288659792,140.0,82.0,196.0,13576.0,35.114965211244936,0.2392289015626226,1.5388630109833836
ID218501,218501,145,10.42300796508789,135.51318835667644,128.9840750317246,0.0,895.0,895,5.0,1,,137.7835051546392,134.0,73.0,202.0,13365.0,38.223091516593875,0.2398137278368265,1.3945015893839177
ID149893,149893,145,10.653971672058105,174.6282041559461,166.94348579693548,0.0,607.0,607,5.0,1,,137.98969072164948,138.0,72.0,200.0,13385.0,36.808766744871406,0.2580740928827337,1.5380255861980379
ID109961,109961,145,10.35395622253418,192.97011588772884,182.46432467147008,0.0,444.0,444,5.0,1,,141.90721649484536,141.0,77.0,202.0,13765.0,33.780875529600955,0.25108311874440636,1.686145027558685
ID134539,134539,145,9.44450569152832,177.96182053668556,154.41961785222423,0.0,542.0,542,5.0,1,,134.05154639175257,132.0,72.0,190.0,13003.0,34.236424053320206,0.22319769583627813,1.4289152775020293
ID161163,161163,145,10.87340259552002,143.98163002765486,176.4480693613012,0.0,655.0,655,5.0,1,,144.72164948453607,141.0,78.0,202.0,14038.0,35.879352891566,0.2566672423047927,1.6476654986297756
ID225672,225672,145,7.755300045013428,152.95642858194256,130.16473586985305,0.0,922.0,922,5.0,1,,121.43298969072166,119.0,71.0,185.0,11779.0,32.46405294594278,0.16965935703364526,1.0851314796949052
ID238984,238984,145,9.98687744140625,158.99473969879944,106.49168530256684,0.0,981.0,981,5.0,1,,134.96907216494844,129.0,77.0,194.0,13092.0,35.27258543834226,0.23906039713854574,1.4765294864618126
ID172431,172431,145,9.044026374816895,147.64760448946387,178.27467047470205,0.0,700.0,700,5.0,1,,128.4020618556701,124.0,63.0,195.0,12455.0,36.68664033456594,0.1994179592172597,1.1638252395339772
ID189839,189839,145,10.43051528930664,156.63287613512614,142.3745244115378,0.0,776.0,776,5.0,1,,134.95876288659792,130.0,59.0,202.0,13091.0,40.32418565146242,0.23777353119290628,1.2858425556200561
ID236942,236942,145,6.934798240661621,150.5313595144176,114.44993133518648,0.0,974.0,974,5.0,1,,121.45360824742268,119.0,60.0,168.0,11781.0,27.847434284327363,0.17132032801189534,1.2758171812291428
ID105870,105870,145,9.687030792236328,198.922974395357,187.90387322581006,0.0,424.0,424,5.0,1,,129.2680412371134,124.0,69.0,196.0,12539.0,35.75160703378636,0.23016605740149199,1.3530166295277357
ID200076,200076,145,9.443950653076172,147.14737897035772,135.88534300601037,0.0,818.0,818,5.0,1,,133.340206185567,128.0,74.0,196.0,12934.0,33.349439837230314,0.22399232760775886,1.4633796846641218
ID118163,118163,145,9.84151840209961,179.49207094766237,173.4231164972858,0.0,476.0,476,5.0,1,,139.16494845360825,138.0,78.0,200.0,13499.0,33.12372023074097,0.23541948467102383,1.6012115309663693
ID130451,130451,145,8.897604942321777,192.09719716942286,156.5378947426948,0.0,526.0,526,5.0,1,,124.45360824742268,118.0,74.0,189.0,12072.0,34.918959934204764,0.20956768360753922,1.2350095798879808
ID176528,176528,145,9.701739311218262,165.93677380109742,162.8347512016216,0.0,719.0,719,5.0,1,,135.31958762886597,130.0,82.0,196.0,13126.0,33.71094851570004,0.22876820612810841,1.4946702488808368
ID129426,129426,145,9.72219181060791,192.7974908592017,158.75967526206347,0.0,521.0,521,5.0,1,,135.35051546391753,129.0,77.0,197.0,13129.0,34.003382563697926,0.22885567187273806,1.4826156840513993
ID141713,141713,145,10.350418090820312,172.7700409305699,150.0274394418771,0.0,573.0,573,5.0,1,,141.11340206185568,140.0,76.0,199.0,13688.0,33.92358947223026,0.24775305511035403,1.6519117247913047
ID123284,123284,145,9.196481704711914,184.35007916219882,165.02809818689113,0.0,498.0,498,5.0,1,,132.68041237113403,126.0,74.0,190.0,12870.0,32.70338488844101,0.2180572764068942,1.4526031295799078
ID158106,158106,145,9.901432991027832,156.34303468734922,166.14645749721015,0.0,644.0,644,5.0,1,,131.60824742268042,125.0,83.0,199.0,12766.0,35.06260968522087,0.2381873175198167,1.444112896337212
ID100763,100763,145,8.869866371154785,206.99159143371352,180.33783900789794,0.0,405.0,405,5.0,1,,129.18556701030928,124.0,72.0,188.0,12531.0,34.02552041510754,0.20177350901426402,1.2749135452398475
ID214424,214424,145,10.026321411132812,143.646809457428,126.90185930942692,0.0,878.0,878,5.0,1,,137.24742268041237,133.0,79.0,199.0,13313.0,35.366542253895325,0.2337817521964917,1.4706653446681794
ID210334,210334,145,9.430925369262695,151.9588367861937,129.00710982323824,0.0,860.0,860,5.0,1,,131.08247422680412,125.0,68.0,192.0,12715.0,35.34875943812502,0.21618252766829346,1.3183243679256502
ID179612,179612,145,9.853302001953125,166.51570787393902,171.10091420976977,0.0,733.0,733,5.0,1,,137.77319587628867,136.0,73.0,195.0,13364.0,35.34959486880035,0.2272513344429777,1.4433884197445748
ID222621,222621,145,9.72041130065918,151.21947385687508,135.84664867915617,0.0,912.0,912,5.0,1,,137.659793814433,129.0,86.0,195.0,13353.0,34.31832801080269,0.22346356109345095,1.4653003919726393
ID229788,229788,145,9.409894943237305,155.5236410041681,118.37427986077823,0.0,943.0,943,5.0,1,,122.95876288659794,120.0,44.0,198.0,11927.0,42.27339527946163,0.2125988374144212,1.0199199524779092
ID168352,168352,145,9.247591018676758,141.13924675565337,174.23945584063037,0.0,686.0,686,5.0,1,,126.03092783505154,116.0,70.0,195.0,12225.0,36.27885449549302,0.21022301008389885,1.2068919977551815
ID104869,104869,145,8.72972583770752,199.41582304641747,183.1095387633793,0.0,418.0,418,5.0,1,,127.38144329896907,120.0,79.0,190.0,12356.0,32.99035316667367,0.20346501432005062,1.3055859568651769
ID171430,171430,145,7.839799880981445,139.48241796897454,178.14901310594033,0.0,701.0,701,5.0,1,,122.63917525773196,116.0,73.0,184.0,11896.0,30.992332911749557,0.18176047440514484,1.2172364132986053
ID241062,241062,145,10.341655731201172,164.30240965740202,109.40932223309282,0.0,991.0,991,5.0,1,,138.89690721649484,137.0,81.0,200.0,13473.0,35.976695158139776,0.24101153002904588,1.4995581385484464
ID91560,91560,145,9.543855667114258,206.3672673882039,187.10661745235464,0.0,364.0,364,5.0,1,,134.98969072164948,130.0,84.0,196.0,13094.0,32.795926717785406,0.22644602796870902,1.519941793559399
ID185771,185771,145,10.002708435058594,154.1649876977559,148.99084360342516,0.0,761.0,761,5.0,1,,138.41237113402062,133.0,85.0,201.0,13426.0,33.86300604928863,0.23240632025723826,1.5416060769725042
ID122284,122284,145,9.46012020111084,176.910356490356,170.06000439248814,0.0,491.0,491,5.0,1,,136.84536082474227,133.0,79.0,190.0,13274.0,30.629622170303254,0.23018295582218767,1.6719446352225862
ID231854,231854,145,10.463459014892578,161.527862645117,113.33222547209482,0.0,952.0,952,5.0,1,,132.36082474226805,134.0,48.0,205.0,12839.0,39.83590967095786,0.25512211065101364,1.3507557974890867
ID95665,95665,145,9.649225234985352,211.16842063084127,183.09046335733996,0.0,383.0,383,5.0,1,,136.16494845360825,132.0,80.0,199.0,13208.0,33.55240938081394,0.22448426112597047,1.4880046889272855
ID182704,182704,145,10.145355224609375,157.5905299184415,139.5893333551557,0.0,746.0,746,5.0,1,,138.37113402061857,139.0,73.0,200.0,13422.0,37.11618009362315,0.2384382804586748,1.4355351668036227
ID193969,193969,145,10.022464752197266,139.13671934737283,134.19139751583506,0.0,793.0,793,5.0,1,,140.09278350515464,137.0,85.0,197.0,13589.0,31.333249935913003,0.24310733483613664,1.748758145246367
ID146871,146871,145,10.066314697265625,159.31275396210802,156.9951027214041,0.0,596.0,596,5.0,1,,137.4020618556701,132.0,83.0,195.0,13328.0,34.31492016170907,0.2373832105934212,1.5363353837437248
ID128443,128443,145,7.442418575286865,194.2526419506263,166.82118794597915,0.0,518.0,518,5.0,1,,121.42268041237114,116.0,70.0,181.0,11778.0,28.71114586545122,0.17354087859862335,1.2507855503507963
ID155065,155065,145,10.435235023498535,172.2282797259593,174.5128465136872,0.0,630.0,630,5.0,1,,141.11340206185568,139.0,84.0,198.0,13688.0,32.428728354352906,0.26081496212108196,1.8003190917733587
ID203198,203198,145,9.866947174072266,143.26502313160844,130.4495609492703,0.0,832.0,832,5.0,1,,135.5463917525773,132.0,78.0,193.0,13148.0,36.40656437448149,0.22748419428566252,1.3799824967427763
ID199100,199100,145,9.318737030029297,142.23878111425392,143.3417528159279,0.0,815.0,815,5.0,1,,129.0721649484536,125.0,76.0,201.0,12520.0,34.1401057600272,0.217547494679471,1.3510328315511055
ID83393,83393,145,8.648351669311523,196.15894930644407,167.847137249969,0.0,332.0,332,5.0,1,,129.1237113402062,128.0,80.0,182.0,12525.0,28.791006166552677,0.21438309740226502,1.5834850990243368
ID102851,102851,145,9.960428237915039,207.47232310652038,185.43040077100935,0.0,411.0,411,5.0,1,,138.43298969072166,140.0,75.0,198.0,13428.0,34.86967020698134,0.23387042026360852,1.5049688023610255
ID152000,152000,145,9.131484031677246,171.95337217581132,168.83933255076295,0.0,619.0,619,5.0,1,,122.5360824742268,115.0,59.0,193.0,11886.0,35.9956773607581,0.21622394005336507,1.2104137984989825
ID206273,206273,145,7.985344886779785,144.24847527660899,125.74266980691145,0.0,844.0,844,5.0,1,,130.44329896907217,132.0,71.0,181.0,12653.0,27.204460829125722,0.20216375039196136,1.6126915259321484
ID217543,217543,145,9.842374801635742,135.6137207700591,128.3345331625897,0.0,896.0,896,5.0,1,,135.98969072164948,131.0,75.0,201.0,13191.0,33.96980731882874,0.23154432148042217,1.505313604807114
ID113094,113094,145,9.932263374328613,187.4944911967627,177.03708162927916,0.0,456.0,456,5.0,1,,133.63917525773195,128.0,77.0,201.0,12963.0,33.56994736336924,0.24476889027272813,1.5655992884529284
ID143819,143819,145,9.935588836669922,161.03080691430415,156.23534864562484,0.0,582.0,582,5.0,1,,136.4536082474227,133.0,80.0,194.0,13236.0,33.73055631846687,0.236365423434266,1.5467802252816643
ID137672,137672,145,10.381317138671875,174.68505699817698,154.4710207157971,0.0,556.0,556,5.0,1,,134.02061855670104,134.0,54.0,204.0,13000.0,39.7450152486246,0.2434550419086107,1.3204064321600109
ID160201,160201,145,9.672675132751465,148.39462843928564,170.39122013048225,0.0,651.0,651,5.0,1,,134.37113402061857,132.0,74.0,203.0,13034.0,35.094610100065246,0.223101985507424,1.396806735056752
ID164297,164297,145,10.22701644897461,136.00030462849904,183.27532341026304,0.0,667.0,667,5.0,1,,136.64948453608247,131.0,71.0,200.0,13255.0,35.41393359173565,0.2375859141921527,1.4815255859470746
ID99790,99790,145,9.319069862365723,209.1469885301585,179.37569207204257,0.0,398.0,398,5.0,1,,131.55670103092783,131.0,67.0,194.0,12761.0,33.55094666826511,0.22518246808879552,1.4413584306591063
ID175565,175565,145,10.44381332397461,161.00622018226787,162.1201072211278,0.0,715.0,715,5.0,1,,141.15463917525773,141.0,83.0,203.0,13692.0,34.33818944405096,0.2479930945481315,1.63371074405098
ID133586,133586,145,10.147909164428711,178.5429760828899,158.49856666387672,0.0,539.0,539,5.0,1,,136.9278350515464,135.0,61.0,199.0,13282.0,38.049104080199335,0.2350858200636874,1.3699559426079178
ID221651,221651,145,10.419536590576172,148.22680284601833,140.30243779801432,0.0,908.0,908,5.0,1,,138.70103092783506,135.0,76.0,199.0,13454.0,37.296158467409434,0.23863157578334002,1.4329510179438074
ID117200,117200,145,10.23109245300293,185.75965665208884,168.60566549804133,0.0,473.0,473,5.0,1,,135.56701030927834,131.0,69.0,204.0,13150.0,37.296086483843176,0.23917475785336056,1.4031481749454624
ID140758,140758,145,9.822667121887207,172.6715453429804,153.67620341169015,0.0,572.0,572,5.0,1,,136.63917525773195,131.0,74.0,199.0,13254.0,35.73752275474684,0.22843775764853003,1.4219866352822104
ID209365,209365,145,10.986861228942871,148.9409697156002,129.9837003478941,0.0,858.0,858,5.0,1,,142.7835051546392,142.0,70.0,208.0,13850.0,37.32604843474028,0.26219587669531697,1.5892606122287418
ID127450,127450,145,5.996819496154785,181.30348209640468,160.45271081706863,0.0,513.0,513,5.0,1,,110.19587628865979,104.0,47.0,162.0,10689.0,28.12310703824413,0.1307226846972729,0.905997276316694
ID226776,226776,145,9.453824996948242,153.1345591943961,118.48250822153095,0.0,930.0,930,5.0,1,,131.72164948453607,128.0,66.0,199.0,12777.0,35.28684311823401,0.22164125323762568,1.354507009597286
ID90592,90592,145,8.963537216186523,202.29705135470587,177.57527106308282,0.0,357.0,357,5.0,1,,135.05154639175257,132.0,89.0,187.0,13100.0,29.42800931015829,0.2215710207779808,1.6648032282055754
ID121312,121312,145,9.45407485961914,178.3702349500367,173.21572540009333,0.0,492.0,492,5.0,1,,137.95876288659792,135.0,82.0,198.0,13382.0,30.294704407210762,0.23140650094551865,1.7115385327553332
ID103907,103907,145,8.660709381103516,202.63826947816318,189.49774477815345,0.0,416.0,416,5.0,1,,129.39175257731958,132.0,60.0,195.0,12551.0,34.88778341012048,0.19246890775339054,1.1972276300260698
ID213473,213473,145,9.880194664001465,135.73061334876897,136.37619005733157,0.0,874.0,874,5.0,1,,136.03092783505156,136.0,60.0,199.0,13195.0,37.192476167971854,0.22440719210163088,1.34067484945328
ID188897,188897,145,9.882089614868164,156.81557516095805,145.64501862703383,0.0,774.0,774,5.0,1,,130.1443298969072,125.0,57.0,201.0,12624.0,37.65827423763204,0.2311423074529765,1.29767525154108
ID109029,109029,145,9.56149959564209,199.96483762650263,182.15531034627153,0.0,436.0,436,5.0,1,,131.04123711340208,126.0,65.0,195.0,12711.0,34.80059791325826,0.22564503315833107,1.3864759581875004
ID148966,148966,145,10.59858226776123,171.05461024673275,163.02045051064744,0.0,605.0,605,5.0,1,,135.83505154639175,131.0,81.0,202.0,13176.0,36.1108479812424,0.25407523986910086,1.5242033489653626
ID171494,171494,145,9.346173286437988,148.54607662994238,175.74144999484398,0.0,699.0,699,5.0,1,,132.15463917525773,132.0,64.0,195.0,12819.0,36.750946758265506,0.20966494790911097,1.246535385727578
ID184805,184805,145,8.12050724029541,154.68588976690916,140.9754293279971,0.0,755.0,755,5.0,1,,123.81443298969072,121.0,65.0,188.0,12010.0,33.58240173343126,0.18239384168343484,1.1374636528712845
ID233956,233956,145,10.030600547790527,155.8449953007952,121.45436294512952,0.0,963.0,963,5.0,1,,131.69072164948454,129.0,51.0,196.0,12774.0,37.331945888860346,0.24002751405313955,1.365633781249443
ID198121,198121,145,9.525833129882812,131.44267523377115,136.88324229165985,0.0,810.0,810,5.0,1,,140.89690721649484,136.0,85.0,197.0,13667.0,30.38759496628602,0.2278523488807965,1.720847920428424
ID86508,86508,145,10.055218696594238,204.54098873627387,174.145478155319,0.0,343.0,343,5.0,1,,134.38144329896906,128.0,62.0,204.0,13035.0,39.16722782372003,0.22349163620966186,1.253449186832707
ID116206,116206,145,10.151655197143555,177.06984841208222,167.2221760547705,0.0,468.0,468,5.0,1,,139.02061855670104,134.0,88.0,199.0,13485.0,33.15587535334779,0.24531046185457528,1.6519129105475656
ID163309,163309,145,10.373584747314453,139.04231770340547,177.446332310232,0.0,665.0,665,5.0,1,,137.58762886597938,134.0,70.0,199.0,13346.0,37.00978265307014,0.24248352333568102,1.4510569005818108
ID154098,154098,145,9.899876594543457,172.0168447825478,166.78202942096678,0.0,624.0,624,5.0,1,,129.68041237113403,129.0,59.0,197.0,12579.0,34.985576311219724,0.24799381624885755,1.4731391264756641
ID94704,94704,145,8.269023895263672,200.73964077817436,178.37160027798743,0.0,379.0,379,5.0,1,,125.0618556701031,124.0,59.0,179.0,12131.0,34.35865200140936,0.18668843345722397,1.145247755974968
ID178672,178672,145,10.431130409240723,169.16437305789458,177.25897884358076,0.0,728.0,728,5.0,1,,142.2577319587629,140.0,85.0,205.0,13799.0,33.48298023826043,0.248752136613605,1.692670186561284
ID98805,98805,145,8.252079010009766,204.36052268238734,181.2023213752627,0.0,394.0,394,5.0,1,,124.74226804123711,119.0,70.0,189.0,12100.0,32.64400096448154,0.1871793562294059,1.204985616380967
ID145910,145910,145,10.136190414428711,161.87145701105814,156.18887828688295,0.0,591.0,591,5.0,1,,137.60824742268042,135.0,74.0,197.0,13348.0,34.60688656811162,0.2404017259625321,1.5412998970965528
ID228859,228859,145,11.100456237792969,155.77139598438106,115.97918832793393,0.0,939.0,939,5.0,1,,136.91752577319588,131.0,66.0,206.0,13281.0,39.909969019629244,0.26245762097165354,1.4264285641275969
ID126459,126459,145,6.66423225402832,178.37579513608284,163.71801505701725,0.0,509.0,509,5.0,1,,115.16494845360825,111.0,68.0,181.0,11171.0,28.792244475281855,0.15061465722857345,1.0471577895345294
ID167416,167416,145,9.301494598388672,144.14147673640775,174.86462052689987,0.0,682.0,682,5.0,1,,126.12371134020619,114.0,79.0,196.0,12234.0,36.46152587887413,0.21475124310830246,1.2230387927833624
ID193016,193016,145,10.188165664672852,142.8734337312973,137.94861720053478,0.0,789.0,789,5.0,1,,137.95876288659792,132.0,73.0,208.0,13382.0,36.94588315072387,0.23259702032179919,1.4092766879982317
ID136697,136697,145,9.928839683532715,177.66518915588983,155.87640128734105,0.0,554.0,554,5.0,1,,129.90721649484536,126.0,47.0,198.0,12601.0,39.11337220030671,0.2340511600194477,1.2598407324115504
ID181756,181756,145,9.426568031311035,163.66225708932768,155.53464463809524,0.0,742.0,742,5.0,1,,132.2577319587629,128.0,65.0,197.0,12829.0,37.2967487274124,0.21328912119103885,1.2467646875079734
ID224764,224764,145,9.701108932495117,151.32778963947206,128.41355788749647,0.0,920.0,920,5.0,1,,135.8041237113402,131.0,74.0,198.0,13173.0,33.80385800690807,0.23054432901292984,1.5053374456010324
ID112131,112131,145,10.094595909118652,190.1686850920481,182.6987461491097,0.0,452.0,452,5.0,1,,134.91752577319588,129.0,73.0,202.0,13087.0,34.6748798673396,0.24635349185625616,1.5381577794936765
ID236032,236032,145,9.847813606262207,147.19523214842621,122.8832508630557,0.0,969.0,969,5.0,1,,133.09278350515464,128.0,81.0,200.0,12910.0,35.31704099835836,0.23142871684592406,1.41647255579468
ID240135,240135,145,9.765081405639648,159.59996306401564,106.4005416245014,0.0,988.0,988,5.0,1,,134.39175257731958,132.0,72.0,205.0,13036.0,35.037645439414796,0.23234037749958553,1.4463110757398603
ID202245,202245,145,10.10190200805664,147.07130729176944,136.30097677943223,0.0,827.0,827,5.0,1,,137.82474226804123,135.0,80.0,204.0,13369.0,33.21991443060371,0.24172631152847493,1.6153131061086976
ID139787,139787,145,8.939895629882812,175.71603442195018,144.1927596831876,0.0,563.0,563,5.0,1,,127.27835051546391,122.0,65.0,187.0,12346.0,35.13507929763157,0.20475533336488985,1.2313455955468966
ID216586,216586,145,10.24766731262207,135.89973587965616,128.59006837361972,0.0,888.0,888,5.0,1,,142.5463917525773,137.0,88.0,202.0,13827.0,32.54324706530165,0.24599358246910516,1.7295507608624316
ID89612,89612,145,9.731035232543945,200.5456636368449,174.85522387548963,0.0,358.0,358,5.0,1,,135.29896907216494,132.0,75.0,200.0,13124.0,35.41338169524033,0.2243811574007514,1.4003185088350203
ID238094,238094,145,10.13006591796875,155.50066948532543,108.64833360779589,0.0,978.0,978,5.0,1,,134.37113402061857,133.0,61.0,203.0,13034.0,37.08248676588813,0.24494140712359505,1.425871616909503
ID230925,230925,145,10.696697235107422,157.19024063931369,113.77905529058627,0.0,949.0,949,5.0,1,,136.11340206185568,133.0,70.0,199.0,13203.0,37.09556248412665,0.25997426570279075,1.5141803614689633
ID205330,205330,145,10.118097305297852,142.51765525901635,120.73740984143116,0.0,840.0,840,5.0,1,,131.20618556701032,129.0,41.0,198.0,12727.0,39.24255187939328,0.2451301243620273,1.316464067025553
ID93714,93714,145,8.831880569458008,197.3690420601917,175.43134190516486,0.0,374.0,374,5.0,1,,129.1958762886598,125.0,74.0,194.0,12532.0,34.74659431010762,0.19804842203453166,1.229315674044413
ID197142,197142,145,10.055728912353516,135.43611978672715,136.98192060874132,0.0,807.0,807,5.0,1,,138.69072164948454,134.0,83.0,203.0,13453.0,34.072643237385186,0.2363100434734602,1.556060076967148
ID220694,220694,145,10.172361373901367,142.88916512625744,137.37411999066916,0.0,904.0,904,5.0,1,,138.98969072164948,139.0,72.0,196.0,13482.0,36.15778352275414,0.2350903771730319,1.463345574802645
ID120344,120344,145,9.484114646911621,173.60280963485243,169.74977313753644,0.0,483.0,483,5.0,1,,133.75257731958763,132.0,73.0,196.0,12974.0,34.26521284038031,0.22261604372543892,1.4214941966677141
ID151067,151067,145,8.589500427246094,177.54588902195636,165.7333358744213,0.0,613.0,613,5.0,1,,124.84536082474227,121.0,65.0,194.0,12110.0,34.41878732556101,0.20331673286092683,1.2257446495071764
ID132633,132633,145,10.633381843566895,173.97311805644196,160.2598400806266,0.0,536.0,536,5.0,1,,141.56701030927834,140.0,77.0,203.0,13732.0,35.254700400707456,0.25026724033522546,1.607593274664871
ID157209,157209,145,11.063178062438965,168.26977690034207,169.64308489457403,0.0,640.0,640,5.0,1,,136.91752577319588,132.0,76.0,205.0,13281.0,38.74103931424359,0.2692261403726794,1.4993257085800815
ID192025,192025,145,9.947943687438965,148.07667401093636,133.6381035837945,0.0,785.0,785,5.0,1,,141.03092783505156,136.0,89.0,199.0,13680.0,32.99982752740517,0.23315206130779567,1.6160519400730187
ID212504,212504,145,9.871598243713379,131.60204690911922,136.41087096259776,0.0,871.0,871,5.0,1,,134.49484536082474,132.0,66.0,198.0,13046.0,36.76732123303139,0.22643254385637207,1.3507308703243088
ID242200,242200,145,9.141169548034668,162.48570208760754,118.7449233205378,0.0,997.0,997,5.0,1,,130.16494845360825,129.0,82.0,186.0,12626.0,32.96199845161696,0.22561545308593572,1.4538684967939064
ID174626,174626,145,8.880687713623047,152.62441502354983,177.94797799721974,0.0,711.0,711,5.0,1,,128.76288659793815,124.0,71.0,198.0,12490.0,34.47637270529035,0.20243848599196096,1.2575618250401024
ID170531,170531,145,7.933857440948486,144.47889128231057,169.32456343362645,0.0,694.0,694,5.0,1,,116.38144329896907,107.0,61.0,184.0,11289.0,35.29560976564256,0.17587534241038255,0.9863628749021782
ID208416,208416,145,10.637272834777832,153.5418039526728,128.4174713057228,0.0,853.0,853,5.0,1,,134.83505154639175,134.0,50.0,205.0,13079.0,40.36517693001066,0.25291413348260333,1.348583158930157
ID102949,102949,145,9.125926971435547,204.05379325037717,187.0059724791928,0.0,413.0,413,5.0,1,,133.08247422680412,124.0,81.0,191.0,12909.0,31.741360406905997,0.21472133502313231,1.4822582124430752
ID142887,142887,145,10.31258773803711,162.7009041779544,148.58061669533498,0.0,577.0,577,5.0,1,,139.61855670103094,137.0,75.0,199.0,13543.0,35.94452997877686,0.24421548181878802,1.5248176910605047
ID108071,108071,145,9.196334838867188,196.27211351572544,181.95703870103,0.0,437.0,437,5.0,1,,132.90721649484536,128.0,87.0,183.0,12892.0,30.618309634591608,0.22710069219077605,1.6067029994400062
ID85544,85544,145,9.043705940246582,205.40662897985433,174.57510753344803,0.0,342.0,342,5.0,1,,131.11340206185568,126.0,79.0,194.0,12718.0,33.12786977778296,0.21560069346242972,1.4039213738127634
ID115240,115240,145,9.757401466369629,179.51979719484265,172.1850893073292,0.0,464.0,464,5.0,1,,137.16494845360825,131.0,74.0,201.0,13305.0,35.04065508221936,0.22413226948047654,1.433431571743545
ID87594,87594,145,9.712339401245117,199.96143386202797,170.7706220389687,0.0,346.0,346,5.0,1,,133.70103092783506,125.0,77.0,195.0,12969.0,35.14587604673958,0.2245425570650935,1.395131548716157
ID159273,159273,145,10.874371528625488,149.40713235539653,169.54427084546109,0.0,647.0,647,5.0,1,,139.02061855670104,137.0,75.0,197.0,13485.0,37.19486394356173,0.2692805538224118,1.585891981125507
ID187950,187950,145,10.30172348022461,157.84974309693217,148.4461512032737,0.0,768.0,768,5.0,1,,140.42268041237114,140.0,76.0,197.0,13621.0,35.37060781082531,0.24478971658267878,1.561427806301986
ID97836,97836,145,9.299382209777832,209.32139198477483,180.46999568457787,0.0,392.0,392,5.0,1,,133.53608247422682,132.0,62.0,189.0,12953.0,33.99726148765212,0.22178350833494803,1.4260005130878315
ID177714,177714,145,9.644206047058105,170.67843403404999,174.27832847123062,0.0,727.0,727,5.0,1,,133.88659793814432,130.0,66.0,203.0,12987.0,35.889551720248775,0.22078242305870444,1.3493521204094896
ID162363,162363,145,10.101265907287598,142.63829555094293,182.3324772158748,0.0,662.0,662,5.0,1,,135.38144329896906,132.0,72.0,202.0,13132.0,36.12318141298174,0.23890957331183163,1.4454300758914795
ID111163,111163,145,9.02685260772705,192.87337151751694,183.59654369561662,0.0,448.0,448,5.0,1,,131.55670103092783,126.0,78.0,191.0,12761.0,31.74014580417208,0.21725134771704951,1.4795044230509515
ID125498,125498,145,7.124181747436523,187.6982310412574,167.06726304950422,0.0,506.0,506,5.0,1,,114.4020618556701,110.0,57.0,184.0,11097.0,31.799718222616395,0.1549070704368051,0.9650832461364142
ID215615,215615,145,11.133800506591797,140.72274205667355,122.2680422019581,0.0,882.0,882,5.0,1,,145.57731958762886,147.0,74.0,206.0,14121.0,36.72358320716925,0.2613525976708612,1.6427405584935308
ID211518,211518,145,10.189725875854492,137.36243489237515,130.08374538156278,0.0,866.0,866,5.0,1,,137.71134020618555,133.0,72.0,201.0,13358.0,36.3062663217633,0.23694950351076288,1.453188471689416
ID233020,233020,145,9.848809242248535,154.24603450299202,115.43797323005705,0.0,956.0,956,5.0,1,,129.96907216494844,123.0,74.0,202.0,12607.0,37.26578345934092,0.2288547786449003,1.299029999603483
ID166466,166466,145,10.163448333740234,138.73438033611026,179.1695583100997,0.0,678.0,678,5.0,1,,134.39175257731958,127.0,73.0,201.0,13036.0,36.42616867864106,0.23797398291820643,1.4184272970382623
ID196162,196162,145,10.55275821685791,140.91646378066787,144.44369448031478,0.0,802.0,802,5.0,1,,140.30927835051546,137.0,66.0,198.0,13610.0,37.345615769218895,0.24738210763761118,1.4902033555027125
ID135747,135747,145,8.93481731414795,175.65262967263422,159.9612254849816,0.0,546.0,546,5.0,1,,130.9278350515464,129.0,73.0,196.0,12700.0,33.91571889216721,0.2066114764931268,1.3220501961141025
ID183872,183872,145,8.402070999145508,154.9012136242035,141.72599820044977,0.0,749.0,749,5.0,1,,125.63917525773196,121.0,70.0,190.0,12187.0,33.8486784475561,0.18786147612186826,1.1740464723891737
ID191040,191040,145,10.12851619720459,147.66856634293094,133.00005614358741,0.0,783.0,783,5.0,1,,138.5979381443299,133.0,73.0,209.0,13444.0,36.58570411655989,0.22755905149643801,1.4045172238165855
ID180804,180804,145,9.194313049316406,165.2390673102751,162.14542791905268,0.0,738.0,738,5.0,1,,131.1340206185567,127.0,78.0,190.0,12720.0,33.721169434662805,0.21296935286133717,1.3655576154396427
ID201284,201284,145,10.154748916625977,152.08932120361936,139.8050885490408,0.0,822.0,822,5.0,1,,136.2577319587629,133.0,80.0,194.0,13217.0,33.20055168671758,0.254621964374485,1.665822903887938
ID131659,131659,145,10.420574188232422,185.90101297965018,155.86038536628175,0.0,530.0,530,5.0,1,,134.76288659793815,127.0,71.0,210.0,13072.0,38.13566058490954,0.23980612811674926,1.367022067624594
ID173643,173643,145,8.876558303833008,150.36746012306256,177.47867908603124,0.0,707.0,707,5.0,1,,131.5257731958763,131.0,62.0,194.0,12758.0,33.500961672610096,0.20639194972814104,1.3433460679718014
ID223823,223823,145,10.298554420471191,152.92661994316055,128.25642282827462,0.0,917.0,917,5.0,1,,138.0721649484536,135.0,73.0,197.0,13393.0,36.33101505104385,0.23913768083295406,1.4668545353690519
ID119372,119372,145,9.298795700073242,177.20169857098182,165.10700082011326,0.0,479.0,479,5.0,1,,128.43298969072166,122.0,72.0,191.0,12458.0,35.85529575497845,0.21263422763641507,1.2561937559723417
ID148044,148044,145,10.285704612731934,169.4534802426257,162.49561256021008,0.0,602.0,602,5.0,1,,138.60824742268042,137.0,79.0,196.0,13445.0,33.65002374350046,0.2570898081026728,1.6848151059374312
ID92750,92750,145,9.405069351196289,202.26670273129463,181.9888776596365,0.0,368.0,368,5.0,1,,133.8659793814433,130.0,82.0,193.0,12985.0,32.90473270986871,0.2212909435316393,1.474301651292659
ID153170,153170,145,10.58603286743164,172.42105476857216,169.1359505128475,0.0,625.0,625,5.0,1,,137.05154639175257,130.0,79.0,202.0,13294.0,35.96420996804225,0.2574437214318966,1.5604043748138514
ID107088,107088,145,9.678739547729492,199.2106505768481,190.58025288568095,0.0,430.0,430,5.0,1,,132.31958762886597,127.0,74.0,190.0,12835.0,35.24957044411811,0.23311306756852188,1.419266737790688
ID88658,88658,145,9.360421180725098,200.58653301809258,176.96908955388412,0.0,352.0,352,5.0,1,,131.08247422680412,129.0,60.0,199.0,12715.0,36.21828213045312,0.21422786201155997,1.2770930396767062
ID101970,101970,145,8.931377410888672,205.48559826489677,182.01212740253266,0.0,406.0,406,5.0,1,,132.01030927835052,127.0,81.0,195.0,12805.0,31.56293146416669,0.21287326422636363,1.4681357319396617
ID144977,144977,145,10.502589225769043,163.87614001708516,157.44810157044117,0.0,588.0,588,5.0,1,,139.2680412371134,138.0,78.0,203.0,13509.0,36.91163870874536,0.2420818147151762,1.4707203433010776
ID219735,219735,145,10.721699714660645,142.81956041855366,131.01860401461082,0.0,901.0,901,5.0,1,,141.4742268041237,135.0,78.0,203.0,13723.0,36.761929124975076,0.24800562486914265,1.5295159825877447
ID204372,204372,145,9.69209098815918,146.45656594733384,120.56051666008445,0.0,836.0,836,5.0,1,,136.7835051546392,133.0,87.0,198.0,13268.0,31.437181676361785,0.23953446135622805,1.6816264018548661
ID169565,169565,145,8.49644660949707,143.63238201675705,168.0270266181735,0.0,693.0,693,5.0,1,,120.19587628865979,114.0,65.0,183.0,11659.0,35.80114033776768,0.1938845651103229,1.090444592055795
ID225891,225891,145,8.0198974609375,151.00784193006797,125.19803373001228,0.0,926.0,926,5.0,1,,117.23711340206185,108.0,56.0,185.0,11372.0,36.75900490465916,0.16782736195855902,0.9166752123279461
ID138851,138851,145,9.98133659362793,178.83531817938675,145.03544675883168,0.0,564.0,564,5.0,1,,134.62886597938143,132.0,69.0,204.0,13059.0,35.943914525395456,0.23121725555726566,1.40678704062226
ID207458,207458,145,12.013407707214355,147.8755876597388,121.43446026860026,0.0,849.0,849,5.0,1,,142.91752577319588,139.0,58.0,210.0,13863.0,40.52202850073566,0.2935700902104772,1.6008334407378357
ID227937,227937,145,11.280271530151367,157.32623364255494,117.14562018547147,0.0,937.0,937,5.0,1,,141.7319587628866,137.0,75.0,207.0,13748.0,37.51708373747817,0.27136913939942275,1.6127145501489633
ID124516,124516,145,7.388040542602539,186.231158248082,166.61580158967527,0.0,504.0,504,5.0,1,,115.31958762886597,107.0,59.0,189.0,11186.0,33.06481841012961,0.16347067938218046,0.9800570540699164
ID195172,195172,145,9.503911018371582,139.2285307207869,136.11822070332516,0.0,797.0,797,5.0,1,,139.83505154639175,138.0,81.0,199.0,13564.0,31.495595066470255,0.22372348843225692,1.6233961466004112
ID237156,237156,145,8.32143497467041,152.7420006435756,107.6932060261117,0.0,976.0,976,5.0,1,,127.0,125.0,70.0,181.0,12319.0,31.501653395761096,0.20016220314180436,1.3447529171344301
ID239211,239211,145,9.699604034423828,160.9413038039141,106.73896291203506,0.0,986.0,986,5.0,1,,132.10309278350516,128.0,79.0,196.0,12814.0,34.60325265783143,0.2311601665255054,1.4335884726594246
ID84587,84587,145,8.038491249084473,203.95339658264967,172.7390456530575,0.0,338.0,338,5.0,1,,124.31958762886597,119.0,69.0,177.0,12059.0,31.5183631633187,0.18488769676256062,1.230939543659962
ID156269,156269,145,10.06047248840332,169.6223843017419,173.46329416059933,0.0,635.0,635,5.0,1,,130.6701030927835,128.0,56.0,197.0,12675.0,40.610631215207604,0.22764638406477483,1.1933118599435977
ID235116,235116,145,9.324106216430664,151.95133015971362,124.51272328119387,0.0,965.0,965,5.0,1,,127.43298969072166,121.0,68.0,197.0,12361.0,34.69837508698319,0.22698914774621282,1.3588361842009462
ID186995,186995,145,10.263566970825195,154.6791330707289,151.96961549959707,0.0,763.0,763,5.0,1,,139.31958762886597,137.0,78.0,205.0,13514.0,34.56170399678685,0.24198739821144313,1.570806141029521
ID96883,96883,145,10.156394004821777,200.7899179624518,183.15345791183728,0.0,386.0,386,5.0,1,,137.06185567010309,134.0,74.0,208.0,13295.0,35.771501236141674,0.23276966987897574,1.4469512062814323
ID114291,114291,145,10.153082847595215,181.4079915095089,174.33880464937863,0.0,463.0,463,5.0,1,,140.35051546391753,134.0,82.0,205.0,13614.0,33.96905492414916,0.24054605008932928,1.6023075647647285
ID190069,190069,145,9.77705192565918,154.8712247078493,139.59476166174562,0.0,777.0,777,5.0,1,,133.6701030927835,127.0,72.0,196.0,12966.0,36.336598185542826,0.22713803470069754,1.3618098115825361
ID165498,165498,145,10.678844451904297,138.90419615984342,179.81953994938573,0.0,674.0,674,5.0,1,,140.3298969072165,134.0,82.0,207.0,13612.0,36.17743358823187,0.2502710965185861,1.5529195303159418
ID200314,200314,145,9.990249633789062,148.29615677851274,137.0007572116559,0.0,819.0,819,5.0,1,,133.98969072164948,129.0,84.0,201.0,12997.0,34.94504460737865,0.2418200642301791,1.4933081688319596
ID118394,118394,145,9.284929275512695,179.36082786170218,166.75714241854868,0.0,478.0,478,5.0,1,,134.27835051546393,128.0,87.0,201.0,13025.0,32.76232028694233,0.21665542618839742,1.4596990144781408
ID161401,161401,145,10.32772159576416,138.7787995089626,174.44324920200347,0.0,657.0,657,5.0,1,,137.9278350515464,132.0,74.0,200.0,13379.0,37.36343115898897,0.2350440988518333,1.4050832309950794
ID172665,172665,145,9.913715362548828,149.33519672267076,177.99246861226584,0.0,705.0,705,5.0,1,,134.10309278350516,131.0,77.0,198.0,13008.0,36.10617575754945,0.23206175746031882,1.3991310579996858
ID110205,110205,145,9.598705291748047,192.3239793375354,182.05315076191513,0.0,441.0,441,5.0,1,,138.4020618556701,133.0,88.0,197.0,13425.0,30.58106024493702,0.23190039613306743,1.7039071019420906
ID176766,176766,145,9.882722854614258,168.93607361979377,163.6540841373775,0.0,721.0,721,5.0,1,,135.03092783505156,131.0,73.0,200.0,13098.0,35.32806179472377,0.23210346363514794,1.4400510198592085
ID218754,218754,145,10.433232307434082,134.779076075928,129.12519153281048,0.0,894.0,894,5.0,1,,141.81443298969072,140.0,77.0,202.0,13756.0,34.69549979731619,0.24467336595194714,1.6069730029214397
ID134785,134785,145,8.701300621032715,174.3237385851646,154.26955571421462,0.0,545.0,545,5.0,1,,129.58762886597938,124.0,76.0,193.0,12570.0,32.89274000992962,0.19743455628583298,1.2991666623436922
ID150148,150148,145,10.62144660949707,173.00761945525934,167.83556007310312,0.0,609.0,609,5.0,1,,136.5463917525773,132.0,65.0,203.0,13245.0,36.64498050511054,0.2521098307796664,1.5005244784445035
ID106120,106120,145,9.715457916259766,198.31410014111472,191.1012836085438,0.0,426.0,426,5.0,1,,132.71134020618555,125.0,77.0,202.0,12873.0,33.872296559678446,0.23614083553243287,1.496912895477428
ID210570,210570,145,10.180365562438965,145.7725261121853,124.45651580700385,0.0,863.0,863,5.0,1,,140.04123711340208,135.0,74.0,203.0,13584.0,35.6919451480808,0.23432939991377866,1.4897432434047817
ID101003,101003,145,8.54544448852539,200.66898794131734,180.0717869088751,0.0,404.0,404,5.0,1,,125.85567010309278,121.0,67.0,192.0,12208.0,34.000609581153604,0.194818493527134,1.2071029835306666
ID123531,123531,145,9.61193561553955,176.42485450167314,164.87801236705013,0.0,496.0,496,5.0,1,,136.75257731958763,134.0,87.0,192.0,13265.0,31.847629074441794,0.23352511562714856,1.625825790721919
ID241289,241289,145,9.689593315124512,167.6117505761608,112.51701533234893,0.0,993.0,993,5.0,1,,135.659793814433,132.0,70.0,203.0,13159.0,33.79746249040566,0.23543276082164788,1.52983585523658
ID130698,130698,145,9.872024536132812,188.55599466731016,160.93239758715978,0.0,528.0,528,5.0,1,,128.4536082474227,122.0,55.0,199.0,12460.0,38.47700087350795,0.23065878211850524,1.2514325011907454
ID179849,179849,145,9.635676383972168,167.82034328456237,169.10580460266752,0.0,734.0,734,5.0,1,,135.60824742268042,129.0,73.0,202.0,13154.0,34.86627928631729,0.2179086822070188,1.3917790731827506
ID230024,230024,145,9.658984184265137,157.46532964382754,122.80166084004733,0.0,944.0,944,5.0,1,,127.6082474226804,125.0,70.0,197.0,12378.0,38.202191445929884,0.22654008739914872,1.2339108408392423
ID214671,214671,145,9.599769592285156,138.40671738154822,128.0453504624175,0.0,881.0,881,5.0,1,,134.5463917525773,127.0,76.0,204.0,13051.0,35.55307670071042,0.21715340024484572,1.3503494711269861
ID129678,129678,145,9.473610877990723,194.38967285599313,155.42266925145924,0.0,525.0,525,5.0,1,,129.0721649484536,128.0,61.0,193.0,12520.0,36.745818192539616,0.22249588294445985,1.2785839320128778
ID222867,222867,145,9.581650733947754,157.1574825862,131.598141784219,0.0,913.0,913,5.0,1,,137.9278350515464,136.0,77.0,186.0,13379.0,30.918659220162002,0.24234963774047633,1.7404429806149078
ID186003,186003,145,10.188517570495605,154.14259015823936,147.05573158571545,0.0,760.0,760,5.0,1,,139.7835051546392,136.0,81.0,201.0,13559.0,34.14620122970114,0.2433039792575784,1.6021951584289416
ID91797,91797,145,9.167826652526855,205.59250148676443,183.90750300401024,0.0,366.0,366,5.0,1,,131.15463917525773,129.0,70.0,194.0,12722.0,34.90085368051713,0.2101626809101271,1.305237210631062
ID232087,232087,145,11.059040069580078,158.75196867493685,112.52373537880403,0.0,953.0,953,5.0,1,,138.28865979381445,140.0,53.0,202.0,13414.0,37.752747902991175,0.2811064916617385,1.6075098342801526
ID168602,168602,145,8.411311149597168,140.5304216566651,173.93675968290694,0.0,687.0,687,5.0,1,,119.29896907216495,113.0,54.0,185.0,11572.0,37.13633804096445,0.18667719434451716,1.0107093396669178
ID147096,147096,145,10.05932903289795,159.38744642812676,150.3537330595179,0.0,593.0,593,5.0,1,,138.2680412371134,136.0,79.0,198.0,13412.0,34.86985190913418,0.2404699090582648,1.5373622353089729
ID158360,158360,145,9.624649047851562,158.3039939013301,164.8903965230198,0.0,643.0,643,5.0,1,,130.18556701030928,124.0,80.0,203.0,12628.0,34.6131387315891,0.23504061874940013,1.4315731097474327
ID122524,122524,145,10.349190711975098,177.61071389166764,169.0516873356391,0.0,495.0,495,5.0,1,,139.1237113402062,133.0,74.0,203.0,13495.0,35.57159966531082,0.24362291060220295,1.5323471592864861
ID199331,199331,145,10.382099151611328,145.54170090998096,140.76583146921647,0.0,816.0,816,5.0,1,,138.04123711340208,136.0,76.0,201.0,13390.0,35.40389500869843,0.24757682541183548,1.5474993854957961
ID87712,87712,145,9.482343673706055,198.28800976888635,173.4917292741389,0.0,350.0,350,5.0,1,,131.94845360824743,131.0,72.0,196.0,12799.0,36.64252172852504,0.21460716052416612,1.2724986132589586
ID105122,105122,145,9.464583396911621,195.9919608728717,184.6654541750425,0.0,420.0,420,5.0,1,,127.18556701030928,120.0,79.0,200.0,12337.0,35.50831179013678,0.22933951439409322,1.33642579256355
ID152225,152225,145,7.99285888671875,172.1016531704974,165.57114730741327,0.0,617.0,617,5.0,1,,120.37113402061856,113.0,70.0,175.0,11676.0,30.988680590536088,0.19376779086799503,1.2609881142583867
ID95909,95909,145,8.96884536743164,203.75011832696222,186.27596539273785,0.0,385.0,385,5.0,1,,129.7422680412371,125.0,68.0,193.0,12585.0,33.71148368586594,0.2080804470010124,1.3257725763428527
ID203430,203430,145,9.767017364501953,144.12067911430026,129.72468342121047,0.0,831.0,831,5.0,1,,133.29896907216494,128.0,67.0,200.0,12930.0,36.570469914392,0.2261557531029499,1.3445849483375623
ID206506,206506,145,10.714701652526855,147.71440908058062,123.92559598929962,0.0,846.0,846,5.0,1,,137.30927835051546,132.0,71.0,203.0,13319.0,39.56122913302194,0.24664048931141774,1.3733563794878674
ID128683,128683,145,10.216404914855957,196.80781160205595,157.94729334677464,0.0,523.0,523,5.0,1,,136.58762886597938,132.0,77.0,204.0,13249.0,34.87500076980871,0.24161127919916844,1.5242587301786321
ID140974,140974,145,10.700390815734863,173.0754642032754,149.31727532697283,0.0,570.0,570,5.0,1,,140.51546391752578,139.0,72.0,204.0,13630.0,37.166044483411945,0.24865062571997965,1.5057622055135111
ID194222,194222,145,10.388420104980469,135.95943610310934,137.49856560900534,0.0,794.0,794,5.0,1,,139.42268041237114,139.0,75.0,206.0,13524.0,36.205384915882554,0.24206713045582098,1.5010010894698755
ID155311,155311,145,10.19419002532959,172.1449878501356,176.30842557961728,0.0,631.0,631,5.0,1,,137.79381443298968,134.0,80.0,201.0,13366.0,33.175649373300985,0.2513606291164063,1.6686108128861776
ID217779,217779,145,10.251754760742188,133.6888989902747,127.72648226041628,0.0,893.0,893,5.0,1,,138.55670103092783,136.0,77.0,197.0,13440.0,34.218650212081265,0.24515706283671534,1.5944647739187634
ID144051,144051,145,10.387995719909668,162.05495803189794,154.83531279684846,0.0,583.0,583,5.0,1,,139.7319587628866,139.0,71.0,200.0,13554.0,34.72976493103499,0.2465650989967347,1.5916242160595082
ID160435,160435,145,10.563274383544922,142.89167726383195,173.00631501184566,0.0,653.0,653,5.0,1,,141.63917525773195,135.0,77.0,199.0,13739.0,34.99261397275213,0.2500736725029774,1.6194567815976064
ID164529,164529,145,10.186737060546875,135.7153857447474,179.49571341021246,0.0,668.0,668,5.0,1,,138.96907216494844,136.0,75.0,203.0,13480.0,36.31702241151507,0.23383377513401304,1.450402388408472
ID83639,83639,145,9.840296745300293,199.61526370662105,168.67918543307735,0.0,334.0,334,5.0,1,,135.82474226804123,134.0,73.0,200.0,13175.0,35.812884759212466,0.22812503369526543,1.4089641469965684
ID113335,113335,145,10.061371803283691,187.03568936002708,179.37020077402374,0.0,455.0,455,5.0,1,,135.77319587628867,132.0,75.0,200.0,13170.0,34.725262524397365,0.23856161559448716,1.506195859161903
ID175802,175802,145,10.176097869873047,166.79649529977763,162.34789299565125,0.0,720.0,720,5.0,1,,138.46391752577318,138.0,73.0,197.0,13431.0,36.06477443886847,0.23662837347227603,1.4693017703071711
ID137915,137915,145,10.906092643737793,172.4668767561687,153.99242161744107,0.0,557.0,557,5.0,1,,141.69072164948454,136.0,87.0,201.0,13744.0,34.85217617091933,0.2661478980417702,1.7091497250845862
ID227001,227001,145,10.203995704650879,151.47292992306052,113.5585849574919,0.0,931.0,931,5.0,1,,140.659793814433,137.0,89.0,204.0,13644.0,33.85012512222633,0.24708660920515363,1.6466158344209483
ID117437,117437,145,9.313142776489258,183.271172513274,166.98889220337026,0.0,472.0,472,5.0,1,,132.46391752577318,125.0,83.0,194.0,12849.0,33.332935994195395,0.21609102852057463,1.4122925695017818
ID100032,100032,145,7.594465255737305,202.19317846014073,178.1060357363941,0.0,401.0,401,5.0,1,,119.15463917525773,113.0,63.0,175.0,11558.0,31.6324399042428,0.17237621860579103,1.107690953955372
ID209607,209607,145,10.856687545776367,152.82032312566727,130.57063459404432,0.0,859.0,859,5.0,1,,140.97938144329896,141.0,71.0,204.0,13675.0,38.262519569156304,0.2598888070521321,1.5200833065650876
ID213700,213700,145,9.88852310180664,139.61506975032378,128.8576505151445,0.0,877.0,877,5.0,1,,136.38144329896906,132.0,75.0,207.0,13229.0,36.30037973256647,0.2262866833532533,1.3865677496240314
ID121547,121547,145,10.33859920501709,173.81274833695895,170.16321146179143,0.0,494.0,494,5.0,1,,138.98969072164948,134.0,77.0,195.0,13482.0,35.321881451564124,0.24387529698959312,1.5429779646997488
ID149199,149199,145,11.023038864135742,171.79183936294496,164.00968750286052,0.0,604.0,604,5.0,1,,138.340206185567,134.0,58.0,198.0,13419.0,37.700267074081104,0.26886834142982724,1.5550956045801911
ID133836,133836,145,10.299796104431152,178.21204445649613,157.58793062550865,0.0,541.0,541,5.0,1,,138.29896907216494,135.0,73.0,198.0,13415.0,34.94554244000395,0.24727576256098088,1.5691924828222685
ID104142,104142,145,8.154632568359375,193.79973354101864,184.17234990638747,0.0,419.0,419,5.0,1,,118.6701030927835,115.0,60.0,181.0,11511.0,34.32920332648178,0.18361859597831462,1.0725374682879425
ID189133,189133,145,7.975053787231445,157.96221917879848,149.20600798117422,0.0,772.0,772,5.0,1,,118.84536082474227,113.0,59.0,180.0,11528.0,35.04887664812573,0.17314242090032442,1.000900422681133
ID234195,234195,145,9.231901168823242,153.87639355275664,124.97356744332883,0.0,961.0,961,5.0,1,,128.0721649484536,121.0,60.0,193.0,12423.0,35.8803705105244,0.20996701755750397,1.2388119182620383
ID171728,171728,145,9.040963172912598,149.92155579406665,176.26962136616,0.0,698.0,698,5.0,1,,128.05154639175257,128.0,61.0,193.0,12421.0,37.11787842301105,0.20080919025422103,1.1538284949009057
ID185040,185040,145,8.984869956970215,152.63917695817324,142.5742706241385,0.0,756.0,756,5.0,1,,129.44329896907217,126.0,66.0,202.0,12556.0,36.28187365159222,0.20229160164690335,1.2005711455023393
ID90834,90834,145,8.452052116394043,200.51059144979882,182.4263741403964,0.0,360.0,360,5.0,1,,129.01030927835052,127.0,72.0,186.0,12514.0,32.116809865629826,0.1980216535028739,1.3279142342678218
ID109269,109269,145,10.404764175415039,190.2425030382465,179.858453925353,0.0,442.0,442,5.0,1,,139.90721649484536,134.0,90.0,202.0,13571.0,34.072863858889114,0.2466145951155843,1.6246059596905267
ID86742,86742,145,9.762359619140625,205.8774592963476,171.92814792650003,0.0,344.0,344,5.0,1,,133.43298969072166,130.0,70.0,195.0,12943.0,35.402126588812564,0.2273481579820777,1.396328256346696
ID198362,198362,145,10.954957962036133,138.27490919034514,137.22789745295603,0.0,812.0,812,5.0,1,,144.04123711340208,139.0,78.0,216.0,13972.0,37.201007358048905,0.24866230092910316,1.5421516619211837
ID167641,167641,145,7.801374435424805,140.2649320087705,175.7654280293375,0.0,684.0,684,5.0,1,,120.88659793814433,114.0,68.0,184.0,11726.0,30.98180793111357,0.1855398578929687,1.2213002727145161
ID221912,221912,145,9.983561515808105,146.8456916203971,139.58875471960403,0.0,910.0,910,5.0,1,,139.43298969072166,136.0,79.0,197.0,13525.0,33.65570383075716,0.23718764826147945,1.5885224301306058
ID127709,127709,145,7.78377103805542,192.69343502705544,164.94173936306026,0.0,517.0,517,5.0,1,,117.71134020618557,111.0,56.0,178.0,11418.0,34.46403885540411,0.16978827571693408,0.9914768136558119
ID146140,146140,145,9.1156005859375,161.56932953547434,152.72479487479606,0.0,592.0,592,5.0,1,,129.8041237113402,127.0,62.0,186.0,12591.0,34.99840448007884,0.2150398443314682,1.3128002672884365
ID94942,94942,145,9.096368789672852,206.95391221052446,180.0760400439644,0.0,380.0,380,5.0,1,,129.28865979381445,123.0,70.0,198.0,12541.0,33.198568858112,0.2123986876034948,1.364512248021085
ID142045,142045,145,9.571414947509766,167.21384703321854,151.3272520657452,0.0,574.0,574,5.0,1,,136.53608247422682,131.0,77.0,194.0,13244.0,31.990253025879515,0.22764741253200005,1.582883033213876
ID183010,183010,145,8.959638595581055,157.22793581954517,136.6673984172656,0.0,747.0,747,5.0,1,,127.58762886597938,120.0,80.0,199.0,12376.0,35.04572982110885,0.2045794654045965,1.2366022647322965
ID236259,236259,145,9.695423126220703,151.84807475074675,120.02226277033374,0.0,970.0,970,5.0,1,,134.68041237113403,130.0,78.0,192.0,13064.0,32.85560149849913,0.23257583611994512,1.5469488440659198
ID229090,229090,145,10.674869537353516,154.4137536581115,117.28323553607459,0.0,940.0,940,5.0,1,,136.8762886597938,135.0,68.0,198.0,13277.0,37.96908219524329,0.25736319661446133,1.4757534772521834
ID178918,178918,145,10.25002384185791,165.98570472551953,177.16735011108725,0.0,730.0,730,5.0,1,,142.659793814433,139.0,88.0,197.0,13838.0,32.34639553526345,0.24379237237330903,1.7289320266488184
ID193254,193254,145,9.915398597717285,143.42656572917838,137.04164156281237,0.0,791.0,791,5.0,1,,139.46391752577318,134.0,83.0,194.0,13528.0,32.24905097300995,0.23909711940569883,1.6689522592786428
ID136932,136932,145,9.769570350646973,178.57701008129752,154.2429174994661,0.0,553.0,553,5.0,1,,130.8556701030928,128.0,57.0,196.0,12693.0,38.1455517532084,0.22480132269112343,1.259249699453215
ID116454,116454,145,9.777847290039062,176.96946416480725,171.30045538996728,0.0,470.0,470,5.0,1,,138.44329896907217,138.0,81.0,189.0,13429.0,32.22058382985586,0.23973955965995947,1.6617962455452013
ID154341,154341,145,10.27431869506836,171.2837009406977,170.73629798328787,0.0,627.0,627,5.0,1,,135.659793814433,134.0,78.0,198.0,13159.0,34.95052652140897,0.25239181839279534,1.5644528415718595
ID202468,202468,145,11.330391883850098,142.84555874142362,132.89852064194758,0.0,828.0,828,5.0,1,,145.77319587628867,145.0,79.0,203.0,14140.0,35.51246997964212,0.2717976048581439,1.7545042065944412
ID224996,224996,145,8.433055877685547,149.56583820378754,132.24601631266728,0.0,923.0,923,5.0,1,,122.56701030927834,122.0,59.0,191.0,11889.0,36.75932625892795,0.18013879053119083,1.0179119256530769
ID99050,99050,145,9.014740943908691,203.83568598544989,179.4452100787601,0.0,395.0,395,5.0,1,,128.77319587628867,123.0,70.0,198.0,12491.0,35.26462614842693,0.20358819849425103,1.2353524029731242
ID140014,140014,145,9.84855842590332,174.5869189487791,141.14323378108182,0.0,566.0,566,5.0,1,,137.91752577319588,133.0,80.0,198.0,13378.0,33.86851724656837,0.23342211384776496,1.5412870744448441
ID163564,163564,145,10.142038345336914,133.55830727059677,182.558866672745,0.0,666.0,666,5.0,1,,135.8659793814433,133.0,60.0,195.0,13179.0,36.83483090827536,0.24287990788821526,1.4415989621491443
ID231155,231155,145,10.799181938171387,158.4655784723356,117.60278824731684,0.0,948.0,948,5.0,1,,140.7422680412371,137.0,80.0,206.0,13652.0,36.70328049328932,0.2651005696129547,1.607071753857383
ID182000,182000,145,9.869403839111328,163.66699747685172,157.78735210378642,0.0,741.0,741,5.0,1,,135.83505154639175,134.0,65.0,199.0,13176.0,35.898491267151215,0.2301530981765964,1.415869777968474
ID240369,240369,145,10.66421890258789,158.28298472393257,108.93822505595732,0.0,989.0,989,5.0,1,,142.28865979381445,140.0,85.0,200.0,13802.0,34.30681381630775,0.25603208896623453,1.6908830227764053
ID112374,112374,145,10.884669303894043,186.2267705712302,183.08478348752374,0.0,454.0,454,5.0,1,,142.28865979381445,143.0,84.0,205.0,13802.0,34.429565408625244,0.2637117143217331,1.7248453186780675
ID238324,238324,145,10.271442413330078,155.82984316338712,109.94132696820628,0.0,979.0,979,5.0,1,,133.37113402061857,124.0,70.0,197.0,12937.0,37.306534165061954,0.24134111195308489,1.3901034001527626
ID242427,242427,145,9.223496437072754,161.61609927127222,116.6434381318648,0.0,998.0,998,5.0,1,,126.25773195876289,123.0,59.0,195.0,12247.0,37.216785625607244,0.2150831608489674,1.2010180276146905
ID126712,126712,145,6.735841274261475,177.96990995629758,164.31405830356215,0.0,511.0,511,5.0,1,,110.97938144329896,104.0,54.0,177.0,10765.0,32.05300927807042,0.14005036340088292,0.8506750377035496
ID205562,205562,145,9.957906723022461,144.1391425278845,120.71537226684354,0.0,842.0,842,5.0,1,,133.48453608247422,129.0,67.0,199.0,12948.0,34.358439466060666,0.2461315869139205,1.5347264182728158
ID216826,216826,145,10.36153507232666,136.0566800783725,127.39984743542453,0.0,887.0,887,5.0,1,,138.64948453608247,134.0,78.0,205.0,13449.0,35.88785810140429,0.24126951164641952,1.5018863589959799
ID157437,157437,145,9.791017532348633,169.99801406466665,170.3246648883442,0.0,639.0,639,5.0,1,,133.42268041237114,127.0,75.0,196.0,12942.0,33.726792963071404,0.23323756968938447,1.4963609669924036
ID93952,93952,145,9.471308708190918,196.53504972262667,174.56958105868858,0.0,377.0,377,5.0,1,,132.37113402061857,132.0,62.0,201.0,12840.0,36.685691916726,0.21773930565093086,1.2903546166859636
ID120576,120576,145,9.26505184173584,176.11733695717814,171.86130940527352,0.0,487.0,487,5.0,1,,131.69072164948454,127.0,78.0,191.0,12774.0,32.98622213160313,0.21809361271823874,1.429601103508984
ID174848,174848,145,9.506181716918945,151.70764817689522,172.9085755716923,0.0,712.0,712,5.0,1,,135.50515463917526,131.0,74.0,192.0,13144.0,32.90267330556775,0.22324709536320725,1.5032328242885555
ID89861,89861,145,9.4721040725708,206.13156456234324,182.48900401471678,0.0,363.0,363,5.0,1,,131.10309278350516,126.0,60.0,198.0,12717.0,35.424357361873454,0.2211822423577485,1.3406355406777684
ID151302,151302,145,9.100136756896973,177.46589480108503,167.6174022696788,0.0,614.0,614,5.0,1,,126.02061855670104,122.0,69.0,191.0,12224.0,34.54465087072192,0.22116698587172806,1.321405284979477
ID132868,132868,145,10.40207290649414,171.36626730791923,159.71815552905494,0.0,535.0,535,5.0,1,,142.68041237113403,138.0,88.0,201.0,13840.0,32.670242063609585,0.25428494037689553,1.7707874355365887
ID159492,159492,145,9.933364868164062,145.02359433138818,166.077886127276,0.0,650.0,650,5.0,1,,139.31958762886597,134.0,82.0,195.0,13514.0,32.24210058026894,0.23727500046546174,1.6573132118866214
ID197391,197391,145,10.32878303527832,137.77989837560688,141.92507216420583,0.0,806.0,806,5.0,1,,136.35051546391753,132.0,70.0,204.0,13226.0,39.262217110599636,0.23030743211875565,1.300188334096035
ID212751,212751,145,11.13168716430664,131.61614043122307,138.55591440294913,0.0,870.0,870,5.0,1,,139.51546391752578,138.0,71.0,209.0,13533.0,39.717783958108186,0.26559320995915003,1.4743145981006116
ID220943,220943,145,9.237110137939453,144.47854978059215,141.6781797378731,0.0,905.0,905,5.0,1,,139.340206185567,137.0,86.0,198.0,13516.0,29.968346703208557,0.224382955997377,1.7041830827351292
ID208654,208654,145,10.68211841583252,154.59681083492362,131.63603047562455,0.0,854.0,854,5.0,1,,136.5257731958763,132.0,66.0,202.0,13243.0,39.138134851527575,0.2529394860903511,1.4084163266941672
ID85781,85781,145,9.835185050964355,203.24954152980374,168.17872242125048,0.0,345.0,345,5.0,1,,136.24742268041237,131.0,82.0,198.0,13216.0,34.4531780488133,0.22893508470794868,1.4733720059620206
ID98071,98071,145,9.568540573120117,208.8227841356397,178.52026034324578,0.0,397.0,397,5.0,1,,135.23711340206185,138.0,77.0,197.0,13118.0,34.5370493081573,0.2298549483517621,1.4636614085599726
ID115479,115479,145,10.057439804077148,178.4312919174032,170.0629179788213,0.0,465.0,465,5.0,1,,138.46391752577318,131.0,76.0,200.0,13431.0,34.14187978607008,0.23991330443481157,1.5694308821481429
ID103190,103190,145,8.717376708984375,203.5486153652506,188.1481402275003,0.0,417.0,417,5.0,1,,129.8556701030928,131.0,61.0,190.0,12596.0,33.82953273728988,0.19997682322483498,1.279386374429966
ID192277,192277,145,10.226272583007812,147.54988697645314,135.09815625385832,0.0,786.0,786,5.0,1,,139.30927835051546,133.0,66.0,208.0,13513.0,36.24924160837204,0.2330924453984321,1.4529265984305555
ID170777,170777,145,8.30604362487793,148.51907433361004,173.98157736863917,0.0,697.0,697,5.0,1,,126.41237113402062,121.0,63.0,186.0,12262.0,33.488727138558495,0.18490495692922823,1.178110345815857
ID177945,177945,145,10.256961822509766,166.6398760181693,171.05705094207536,0.0,725.0,725,5.0,1,,139.8556701030928,136.0,72.0,195.0,13566.0,34.678580592204675,0.24206323177331016,1.571932460616827
ID188190,188190,145,11.064743995666504,157.62243154390825,147.70385469103624,0.0,769.0,769,5.0,1,,142.75257731958763,145.0,67.0,201.0,13847.0,37.964355795885226,0.2635956707415486,1.568801741008249
ID162591,162591,145,11.21941089630127,142.56114328686044,178.8106191907131,0.0,660.0,660,5.0,1,,142.02061855670104,139.0,74.0,207.0,13776.0,36.65179036709397,0.27158865059406473,1.6552026609654213
ID143132,143132,145,10.10106372833252,160.7178334599882,156.0446545613492,0.0,581.0,581,5.0,1,,137.64948453608247,135.0,76.0,200.0,13352.0,35.34238521152558,0.23638514652794282,1.4892758043331882
ID108322,108322,145,9.76285171508789,198.52451600786787,186.41580185830873,0.0,434.0,434,5.0,1,,127.65979381443299,123.0,57.0,194.0,12383.0,39.963495477627795,0.22215231257016665,1.1613046671659122
ID135974,135974,145,9.22325325012207,176.72889669289788,160.07782020169552,0.0,547.0,547,5.0,1,,131.8762886597938,129.0,67.0,197.0,12792.0,34.85842130794902,0.20981528756375928,1.3122212247504728
ID111401,111401,145,10.111894607543945,185.08530562273185,185.1370104685826,0.0,450.0,450,5.0,1,,134.44329896907217,129.0,73.0,200.0,13041.0,35.94902904117767,0.24000845124541453,1.4477176887897378
ID166698,166698,145,10.428821563720703,139.5505157994359,177.90969510198647,0.0,679.0,679,5.0,1,,133.55670103092783,130.0,63.0,204.0,12955.0,39.295612846772585,0.24734100169105286,1.3479150712996741
ID184107,184107,145,9.81308650970459,156.79386170010565,140.69379059758575,0.0,751.0,751,5.0,1,,138.3298969072165,132.0,76.0,196.0,13418.0,34.352256612401185,0.22708767732040783,1.4904202792257946
ID215849,215849,145,10.026204109191895,140.59819588851116,122.45837304996041,0.0,883.0,883,5.0,1,,138.22680412371133,138.0,65.0,202.0,13408.0,37.3710296538417,0.23027852544366498,1.3846410259346402
ID153385,153385,145,8.818621635437012,175.14499848913317,169.59090584793333,0.0,622.0,622,5.0,1,,127.69072164948453,123.0,59.0,185.0,12386.0,31.987094020069993,0.21368437313472402,1.405664099432551
ID233263,233263,145,9.51121711730957,149.5463789820774,118.86933173760818,0.0,958.0,958,5.0,1,,133.5979381443299,129.0,63.0,199.0,12959.0,34.59577882301732,0.22675583016078116,1.427601418459461
ID181039,181039,145,9.859970092773438,161.71626317883567,158.42830505120992,0.0,739.0,739,5.0,1,,134.63917525773195,129.0,68.0,197.0,13060.0,38.04717071363801,0.22290775311035113,1.2900618939027797
ID125743,125743,145,7.653794288635254,181.44144204875596,164.5405070081552,0.0,507.0,507,5.0,1,,120.16494845360825,113.0,71.0,186.0,11656.0,31.607844626364493,0.1768778269973681,1.1427597408548693
ID191282,191282,145,10.250447273254395,156.80670549907134,134.3345757849563,0.0,781.0,781,5.0,1,,140.98969072164948,139.0,71.0,196.0,13676.0,34.08582759170861,0.24594296732277657,1.632975827356291
ID148277,148277,145,9.575296401977539,166.93987557919016,162.30352764110657,0.0,599.0,599,5.0,1,,133.63917525773195,132.0,72.0,189.0,12963.0,32.433966752660936,0.23681650985513142,1.5778670885629233
ID201524,201524,145,10.64919662475586,148.92587205337009,136.37684935135798,0.0,823.0,823,5.0,1,,139.8659793814433,134.0,78.0,202.0,13567.0,35.657405982131834,0.2571783818023648,1.60483318291136
ID226107,226107,145,8.808897018432617,150.83142986978984,122.06423500769432,0.0,927.0,927,5.0,1,,125.10309278350516,117.0,69.0,198.0,12135.0,36.300678522148665,0.19150822597102363,1.1078314433565102
ID219962,219962,145,10.452874183654785,139.30792071617978,130.31049129086702,0.0,900.0,900,5.0,1,,140.7422680412371,139.0,76.0,204.0,13652.0,36.41293221236661,0.2449943972910996,1.5212046492034015
ID92989,92989,145,9.512041091918945,195.1043855430467,174.64251337481537,0.0,373.0,373,5.0,1,,132.96907216494844,126.0,78.0,201.0,12898.0,34.70094067176212,0.2220183362991163,1.3923566956684486
ID173887,173887,145,10.012320518493652,152.86347742049384,179.24506653803007,0.0,709.0,709,5.0,1,,137.27835051546393,134.0,81.0,195.0,13316.0,35.90257136451639,0.2278144059408155,1.4189103366086364
ID145212,145212,145,10.213135719299316,163.033400663312,156.63594041224258,0.0,586.0,586,5.0,1,,139.91752577319588,133.0,82.0,205.0,13572.0,34.20181223972057,0.24083258992916198,1.5880166752736762
ID196416,196416,145,10.19350814819336,138.05077487844954,147.40418060694486,0.0,803.0,803,5.0,1,,140.27835051546393,133.0,79.0,203.0,13607.0,34.87260812229076,0.23456082106435236,1.5285484163249752
ID204608,204608,145,9.659074783325195,144.08311430631377,117.47648817644301,0.0,839.0,839,5.0,1,,124.34020618556701,118.0,50.0,197.0,12061.0,39.30831299852968,0.22775335449764392,1.1735749372762945
ID211776,211776,145,10.500737190246582,134.31138785379102,133.48698077262299,0.0,868.0,868,5.0,1,,144.1237113402062,141.0,83.0,203.0,13980.0,35.058955623575095,0.24540718207279003,1.620102010007979
ID224071,224071,145,10.100720405578613,153.2591506293367,126.57455782814264,0.0,918.0,918,5.0,1,,136.48453608247422,133.0,75.0,206.0,13239.0,35.96384567696131,0.23544921222115744,1.446504080308508
ID131908,131908,145,10.919902801513672,184.817216556469,156.8821569538927,0.0,531.0,531,5.0,1,,137.91752577319588,132.0,72.0,206.0,13378.0,38.953677111167565,0.2515689975817269,1.4233225022108607
ID228171,228171,145,10.576041221618652,160.25516632950183,119.05080623161861,0.0,935.0,935,5.0,1,,139.96907216494844,137.0,81.0,201.0,13577.0,33.478056746250296,0.25748023305281703,1.7121608601139988
ID88904,88904,145,9.885537147521973,201.33556725567306,176.03029331957867,0.0,359.0,359,5.0,1,,137.8762886597938,133.0,81.0,196.0,13374.0,33.21873772560412,0.23662391780847436,1.5883911302450537
ID107336,107336,145,9.733592987060547,198.69100319428608,190.75433956863867,0.0,431.0,431,5.0,1,,135.0,131.0,73.0,198.0,13095.0,35.48209642434712,0.2272935429705388,1.4092665423504118
ID195403,195403,145,10.665359497070312,144.26382508705566,136.72046049308042,0.0,799.0,799,5.0,1,,142.72164948453607,139.0,85.0,206.0,13844.0,35.004387304796424,0.25359782540752496,1.6496228613127384
ID119631,119631,145,9.832080841064453,179.21320554142775,167.48633110553524,0.0,481.0,481,5.0,1,,137.75257731958763,135.0,78.0,197.0,13362.0,33.519282674254285,0.2326298837921942,1.5512000999042028
ID139085,139085,145,9.70479679107666,174.15109670412858,145.73845986747077,0.0,560.0,560,5.0,1,,138.72164948453607,140.0,80.0,192.0,13456.0,32.28155506246344,0.23450618920574584,1.6326039023256502
ID84816,84816,145,8.380868911743164,201.84809956059712,172.0311984650981,0.0,337.0,337,5.0,1,,127.01030927835052,122.0,70.0,184.0,12320.0,31.875243412587203,0.19390766322413944,1.294314129653835
ID102224,102224,145,9.590888023376465,204.19450189503672,185.59485368881053,0.0,414.0,414,5.0,1,,136.62886597938143,135.0,83.0,195.0,13253.0,32.47862104126756,0.2310037358450152,1.5788268733937434
ID239441,239441,145,10.363969802856445,160.35656372305556,108.07818051040115,0.0,985.0,985,5.0,1,,137.68041237113403,132.0,82.0,198.0,13355.0,34.92955601151426,0.2504661988170473,1.5790150023655545
ID169809,169809,145,8.701468467712402,146.92380050706063,167.29598845839686,0.0,695.0,695,5.0,1,,126.37113402061856,120.0,64.0,194.0,12258.0,35.468389561348864,0.190201646101717,1.138754570944789
ID124756,124756,145,9.632598876953125,187.25046520787214,161.7043711361709,0.0,502.0,502,5.0,1,,133.4742268041237,132.0,83.0,193.0,12947.0,34.14066880310085,0.22975232855952266,1.460823184897221
ID237403,237403,145,9.446398735046387,152.53505258691365,111.50024536361478,0.0,975.0,975,5.0,1,,128.7835051546392,128.0,62.0,197.0,12492.0,36.2868280751098,0.2292402120567289,1.3237173845896653
ID207704,207704,145,9.619674682617188,153.86253422398127,124.1339356774106,0.0,851.0,851,5.0,1,,129.5463917525773,123.0,62.0,201.0,12566.0,36.74943894655534,0.21985063414203007,1.270649207783281
ID156508,156508,145,10.385770797729492,168.79970632296056,172.58906861588343,0.0,636.0,636,5.0,1,,135.42268041237114,134.0,81.0,201.0,13136.0,35.057344407516325,0.25834211290574804,1.5861303008833945
ID97121,97121,145,9.422269821166992,201.09326634782792,180.9541761052215,0.0,389.0,389,5.0,1,,132.98969072164948,126.0,79.0,198.0,12900.0,33.63792962235266,0.21916578549389493,1.4214405620121209
ID110434,110434,145,8.793399810791016,189.6625383929949,182.8585462597615,0.0,447.0,447,5.0,1,,130.35051546391753,127.0,69.0,182.0,12644.0,31.93027600527743,0.2132801607494384,1.4352562250524101
ID135014,135014,145,9.719541549682617,181.3077557878778,152.16683463909544,0.0,544.0,544,5.0,1,,134.93814432989691,130.0,66.0,194.0,13089.0,33.49185673195728,0.23100257072115127,1.5121099022906968
ID190310,190310,145,10.243778228759766,156.59555803292898,140.9558034709075,0.0,778.0,778,5.0,1,,136.5979381443299,133.0,65.0,203.0,13250.0,36.97483936009009,0.23738699827197912,1.4174874559893988
ID187236,187236,145,9.987217903137207,153.5926279020194,150.3619369666241,0.0,764.0,764,5.0,1,,135.2577319587629,132.0,68.0,202.0,13120.0,38.155733063797086,0.228655656442138,1.3194230279918862
ID114534,114534,145,9.993916511535645,183.4274308158485,180.25237957584002,0.0,460.0,460,5.0,1,,135.31958762886597,129.0,79.0,205.0,13126.0,34.653206438868615,0.23935023888483534,1.5082976207439893
ID158565,158565,145,9.348774909973145,155.10735664323337,169.90497782483607,0.0,645.0,645,5.0,1,,127.3298969072165,119.0,69.0,204.0,12351.0,35.231295761452316,0.2209002017579127,1.30781921493635
ID210795,210795,145,9.740352630615234,147.1148344763478,125.22554894382374,0.0,862.0,862,5.0,1,,137.35051546391753,134.0,78.0,199.0,13323.0,33.92793871978073,0.22176596680572183,1.4696356859633743
ID230250,230250,145,9.76019287109375,161.2238843349053,122.59949788426322,0.0,945.0,945,5.0,1,,133.56701030927834,128.0,80.0,201.0,12956.0,35.241106211501204,0.23364238274126842,1.4356283088455368
ID241514,241514,145,9.722481727600098,163.29462818626715,110.53653848763688,0.0,992.0,992,5.0,1,,136.5463917525773,133.0,82.0,191.0,13245.0,32.48012873876269,0.24189042223595622,1.6376755944675891
ID118635,118635,145,9.951560020446777,182.07250743823315,171.01389376370236,0.0,477.0,477,5.0,1,,137.61855670103094,131.0,86.0,192.0,13349.0,33.66422535464796,0.23441706879031662,1.5526218079204277
ID165737,165737,145,10.566620826721191,137.36335659055135,180.90615545054627,0.0,677.0,677,5.0,1,,135.8659793814433,129.0,82.0,201.0,13179.0,37.08173092024207,0.2515090778533756,1.4726528492516135
ID150382,150382,145,10.39797592163086,172.2203924494212,168.18398462862575,0.0,610.0,610,5.0,1,,134.42268041237114,126.0,65.0,196.0,13039.0,35.30428298248268,0.25777191885289047,1.5606620186575693
ID92015,92015,145,10.081307411193848,201.89598805322504,174.67018356901173,0.0,371.0,371,5.0,1,,134.93814432989691,129.0,69.0,199.0,13089.0,35.971868184558964,0.2382947876639032,1.4437507865912382
ID142195,142195,145,9.64621353149414,168.41375448223718,150.9180468456327,0.0,575.0,575,5.0,1,,136.88659793814432,135.0,88.0,194.0,13278.0,33.308493751800675,0.2263772302481459,1.5172061530628536
ID177008,177008,145,9.086891174316406,168.06741060321337,165.27271287950109,0.0,722.0,722,5.0,1,,132.9278350515464,130.0,72.0,192.0,12894.0,31.930669498762082,0.21478777988722866,1.4721330306689622
ID161649,161649,145,10.509584426879883,144.18681348649167,177.68266548203596,0.0,658.0,658,5.0,1,,140.29896907216494,142.0,81.0,199.0,13609.0,34.34147302838727,0.25513389438836,1.6609006548777263
ID130933,130933,145,9.584214210510254,188.9913360919935,160.82889739439852,0.0,527.0,527,5.0,1,,127.44329896907216,118.0,64.0,197.0,12362.0,36.00693482747599,0.22572848265868956,1.3036257557244273
ID232311,232311,145,10.482730865478516,156.48868003138557,110.72429480294507,0.0,954.0,954,5.0,1,,136.18556701030928,133.0,84.0,196.0,13210.0,35.25896159634077,0.25924305559260663,1.590336872473897
ID200565,200565,145,10.017340660095215,151.82534187470273,138.052862146572,0.0,820.0,820,5.0,1,,135.08247422680412,130.0,76.0,198.0,13103.0,33.685948511920614,0.24523308643945332,1.5794600094556992
ID219002,219002,145,10.714922904968262,132.74973771961814,128.0135489478157,0.0,897.0,897,5.0,1,,137.6701030927835,133.0,73.0,199.0,13354.0,36.2001731261642,0.25472603204381283,1.5441283896148308
ID223097,223097,145,10.066963195800781,156.10334627103114,127.70350923331866,0.0,915.0,915,5.0,1,,134.01030927835052,123.0,75.0,202.0,12999.0,37.10640523249794,0.2308267382702091,1.354592025465529
ID180089,180089,145,9.9751615524292,169.6694009241399,171.05661256489392,0.0,732.0,732,5.0,1,,140.63917525773195,137.0,75.0,200.0,13642.0,32.92927571800987,0.23603765394450896,1.6311868679828307
ID172925,172925,145,9.66220760345459,154.76963308803462,179.73429332989437,0.0,708.0,708,5.0,1,,134.2164948453608,133.0,80.0,193.0,13019.0,34.990542413904414,0.22576275283105432,1.4129639620199002
ID214918,214918,145,10.52170467376709,139.69910370191036,127.79635301006408,0.0,879.0,879,5.0,1,,140.44329896907217,138.0,71.0,203.0,13623.0,35.46799292794517,0.2489688892157777,1.5786573135251445
ID147332,147332,145,9.828150749206543,161.6922695319122,155.5679688534291,0.0,595.0,595,5.0,1,,135.8041237113402,130.0,69.0,192.0,13173.0,34.81787112223457,0.23610280513885637,1.4900035213204708
ID186244,186244,145,9.594141006469727,152.8730416947203,148.28321822154442,0.0,759.0,759,5.0,1,,136.31958762886597,133.0,72.0,206.0,13223.0,34.19872877503166,0.22119444147223688,1.4440016408078065
ID123782,123782,145,9.89181137084961,189.37046662953105,166.69558449797466,0.0,500.0,500,5.0,1,,137.62886597938143,133.0,84.0,199.0,13350.0,33.5150213796083,0.23897225350415344,1.5841121491525694
ID106377,106377,145,10.915454864501953,202.9812351967234,193.85594211944817,0.0,428.0,428,5.0,1,,135.69072164948454,132.0,77.0,203.0,13162.0,38.29147011866739,0.26306977127240083,1.4761201653150435
ID168840,168840,145,8.028843879699707,141.73683284492367,173.29456298080046,0.0,688.0,688,5.0,1,,114.30927835051547,106.0,58.0,187.0,11088.0,37.60772328279743,0.1683588354565554,0.8759798209798447
ID183176,183176,145,7.803990840911865,157.4284397966776,141.84634978598768,0.0,748.0,748,5.0,1,,127.63917525773196,124.0,83.0,182.0,12381.0,29.146606994858164,0.18112398906481378,1.3430941704880126
ID203657,203657,145,9.07973861694336,142.89226094403475,125.46693501661746,0.0,833.0,833,5.0,1,,131.56701030927834,122.0,77.0,201.0,12762.0,34.08167494432029,0.2072442789235873,1.3253893183071528
ID101258,101258,145,9.260986328125,203.93431857150992,182.5435813203911,0.0,407.0,407,5.0,1,,131.76288659793815,125.0,76.0,201.0,12781.0,34.63403107129493,0.21468742431050078,1.3448136989275272
ID155533,155533,145,9.009299278259277,172.72371265981596,174.1842039362364,0.0,632.0,632,5.0,1,,130.48453608247422,124.0,76.0,186.0,12657.0,32.37833425625262,0.2123188420041197,1.411582355487589
ID152466,152466,145,9.209880828857422,171.95402291096792,171.23390321724557,0.0,620.0,620,5.0,1,,127.08247422680412,122.0,63.0,185.0,12327.0,33.50425038430844,0.22473488185696788,1.3920157544518812
ID87954,87954,145,9.192866325378418,205.62100881295194,179.53046691781523,0.0,355.0,355,5.0,1,,132.8041237113402,131.0,61.0,196.0,12882.0,34.50502353983454,0.2157124639036635,1.3658518598778455
ID129938,129938,145,9.9807767868042,196.11046039374932,155.5402387861985,0.0,522.0,522,5.0,1,,134.02061855670104,129.0,77.0,194.0,13000.0,34.98868250992124,0.24064177216632296,1.4859309948492663
ID122772,122772,145,9.294756889343262,180.2939407875435,166.82075451027174,0.0,497.0,497,5.0,1,,135.97938144329896,134.0,91.0,193.0,13190.0,30.677414120381822,0.22307678068526024,1.6169066785424284
ID206740,206740,145,11.437000274658203,147.34854561840584,121.15390990798966,0.0,847.0,847,5.0,1,,145.60824742268042,139.0,91.0,207.0,14124.0,35.57198004897691,0.2751990502454903,1.7667572428158165
ID199577,199577,145,10.237354278564453,140.0969986856328,141.95013027999715,0.0,813.0,813,5.0,1,,138.7319587628866,134.0,84.0,201.0,13457.0,34.16153888266181,0.2414251511001564,1.5795415683270488
ID144287,144287,145,10.045291900634766,163.4388576655227,153.84821045145395,0.0,584.0,584,5.0,1,,139.51546391752578,133.0,83.0,196.0,13533.0,33.93962574743995,0.24029903880384476,1.5928354790714363
ID164767,164767,145,10.58130168914795,142.23692543431224,178.43994216496128,0.0,670.0,670,5.0,1,,137.77319587628867,133.0,77.0,199.0,13364.0,35.65824622797626,0.25734115612973435,1.5815789100811193
ID105375,105375,145,9.443194389343262,199.11797102622333,186.83777105244923,0.0,423.0,423,5.0,1,,125.91752577319588,119.0,77.0,196.0,12214.0,35.15550872643479,0.23023496915441438,1.3406209737173005
ID194460,194460,145,10.397150039672852,136.43136645702654,134.2544699615391,0.0,795.0,795,5.0,1,,140.659793814433,137.0,75.0,204.0,13644.0,36.053168665047714,0.24457505374784994,1.533372244098646
ID218013,218013,145,9.98842716217041,134.59555126859004,127.15872850906972,0.0,892.0,892,5.0,1,,134.49484536082474,124.0,72.0,205.0,13046.0,37.15343291432957,0.22480723619414247,1.3288600045737509
ID227234,227234,145,9.586343765258789,155.30674550517674,115.06167652221629,0.0,932.0,932,5.0,1,,134.29896907216494,126.0,83.0,203.0,13027.0,33.62667745148361,0.22546979601922987,1.469618047413103
ID96162,96162,145,9.323477745056152,202.6646035595996,181.40203144553897,0.0,388.0,388,5.0,1,,131.0,126.0,67.0,197.0,12707.0,36.28102120944227,0.2114352754438329,1.260372790399784
ID83876,83876,145,9.538533210754395,200.1692151171564,168.79829909252211,0.0,335.0,335,5.0,1,,136.43298969072166,130.0,88.0,194.0,13234.0,32.830342677828426,0.22394108593475007,1.52071294211227
ID234411,234411,145,10.23420524597168,156.25122852437056,121.35341918609176,0.0,962.0,962,5.0,1,,132.46391752577318,126.0,71.0,207.0,12849.0,39.652937537166906,0.2308909837849894,1.2532554684700383
ID128936,128936,145,8.147019386291504,197.98023121481498,160.14746306917692,0.0,520.0,520,5.0,1,,123.81443298969072,117.0,68.0,187.0,12010.0,32.36649820702831,0.18332148607455373,1.185266945067504
ID160683,160683,145,10.787179946899414,142.4722315572862,175.73607101237363,0.0,654.0,654,5.0,1,,144.23711340206185,142.0,89.0,204.0,13991.0,34.96271025317435,0.25755007024608095,1.6898117038506004
ID138152,138152,145,10.139102935791016,174.25276979875727,152.40221329589508,0.0,558.0,558,5.0,1,,138.76288659793815,137.0,79.0,199.0,13460.0,34.52799986842692,0.24092939670124858,1.560538976724331
ID235439,235439,145,9.621313095092773,151.98837521733245,121.2622275475487,0.0,968.0,968,5.0,1,,129.0721649484536,126.0,67.0,193.0,12520.0,35.85016487138995,0.2271362955285464,1.3328005699205498
ID113582,113582,145,9.446924209594727,186.65378111036358,179.6775113713072,0.0,458.0,458,5.0,1,,128.24742268041237,124.0,71.0,197.0,12440.0,36.912630778590724,0.22322300947231738,1.26805169898911
ID209842,209842,145,10.048858642578125,148.93834870487012,129.64511280326533,0.0,857.0,857,5.0,1,,134.06185567010309,132.0,55.0,193.0,13004.0,37.84392686663589,0.23564461467741737,1.351148134618424
ID141232,141232,145,9.510286331176758,171.36071619333936,150.8777045115491,0.0,571.0,571,5.0,1,,138.37113402061857,134.0,86.0,191.0,13422.0,31.2814240629952,0.22938531861915387,1.6506940121960914
ID100274,100274,145,7.169155597686768,199.70474672768313,180.2751927919217,0.0,402.0,402,5.0,1,,111.31958762886597,106.0,58.0,185.0,10798.0,34.49110585587989,0.1477648074171143,0.8310220997471791
ID117685,117685,145,10.089662551879883,179.69135828070372,170.6058930507825,0.0,475.0,475,5.0,1,,140.30927835051546,140.0,81.0,203.0,13610.0,33.164162643564474,0.2440599860193835,1.6599790640162937
ID149430,149430,145,10.25123119354248,172.9309384874983,166.72843323015843,0.0,606.0,606,5.0,1,,133.61855670103094,127.0,71.0,201.0,12961.0,36.571118869884046,0.24435034775771067,1.4349237124234917
ID171959,171959,145,8.539289474487305,142.0976622325801,179.51626381855056,0.0,703.0,703,5.0,1,,125.62886597938144,119.0,68.0,197.0,12186.0,33.14749851912813,0.19928810528814825,1.2595822361571627
ID121785,121785,145,10.501116752624512,177.97462879238543,169.39070744034984,0.0,490.0,490,5.0,1,,140.9278350515464,140.0,77.0,205.0,13670.0,35.14886420126793,0.247670978527878,1.5918074277128302
ID189371,189371,145,8.221291542053223,158.51371746953322,149.20291134857072,0.0,773.0,773,5.0,1,,119.1340206185567,115.0,48.0,196.0,11556.0,37.290981054958,0.17626562645098182,0.9574678683922055
ID109498,109498,145,9.757095336914062,195.09283391268895,182.40705405083523,0.0,440.0,440,5.0,1,,139.50515463917526,135.0,84.0,201.0,13532.0,31.267702889503322,0.23520370897350815,1.6991426954286692
ID91070,91070,145,10.162677764892578,200.3823839717407,181.40540042215258,0.0,362.0,362,5.0,1,,138.4536082474227,136.0,81.0,208.0,13430.0,35.37802419892794,0.23886400407259287,1.509133893724333
ID236483,236483,145,8.607138633728027,152.45421051397082,113.89884902043799,0.0,973.0,973,5.0,1,,122.25773195876289,115.0,67.0,194.0,11859.0,35.171093229654836,0.19858171006364353,1.1518397519667898
ID179139,179139,145,8.541145324707031,166.48812335009944,168.49541239841855,0.0,735.0,735,5.0,1,,130.68041237113403,126.0,71.0,190.0,12676.0,31.511752566751642,0.20072478200606553,1.3865178177072959
ID127940,127940,145,7.050998210906982,188.58368339111408,161.38131239556157,0.0,514.0,514,5.0,1,,113.91752577319588,113.0,59.0,168.0,11050.0,31.003249192320137,0.16355572476763958,1.0329799476744168
ID134087,134087,145,10.249862670898438,179.54475007557318,157.71578075176797,0.0,540.0,540,5.0,1,,136.41237113402062,135.0,69.0,199.0,13232.0,37.026666228915225,0.24149134009993053,1.4332666955170767
ID185287,185287,145,9.52763557434082,152.45630959092964,148.08902030196285,0.0,757.0,757,5.0,1,,135.1958762886598,130.0,85.0,197.0,13114.0,33.73908440001303,0.22160496948987235,1.4538140193449103
ID222149,222149,145,10.760156631469727,149.3959924858681,140.32473102942566,0.0,909.0,909,5.0,1,,140.95876288659792,136.0,69.0,204.0,13673.0,37.43575539223085,0.25168088245667153,1.514230826464389
ID146378,146378,145,10.027433395385742,161.29076412152793,154.7953801642629,0.0,597.0,597,5.0,1,,138.76288659793815,135.0,91.0,198.0,13460.0,32.12306193760835,0.2456262299474751,1.7036225647291705
ID198603,198603,145,10.872254371643066,136.3035171596526,137.84093367091606,0.0,811.0,811,5.0,1,,143.70103092783506,141.0,84.0,200.0,13939.0,36.12165928856883,0.25225836469857865,1.6027796595961745
ID213962,213962,145,9.663529396057129,133.9279289072905,139.16959946980032,0.0,875.0,875,5.0,1,,136.48453608247422,130.0,79.0,193.0,13239.0,33.311695081601925,0.22518653778685108,1.50611078552898
ID229327,229327,145,9.668084144592285,158.1306074121024,116.03832413705807,0.0,942.0,942,5.0,1,,131.83505154639175,124.0,74.0,190.0,12788.0,34.575003137012125,0.23071287918384453,1.4295974155840023
ID104396,104396,145,9.088767051696777,197.52260769677048,186.15203989800867,0.0,422.0,422,5.0,1,,125.89690721649484,120.0,61.0,203.0,12212.0,37.424503040588945,0.19988436761200604,1.1208008462714731
ID225229,225229,145,9.549030303955078,149.70850205764756,132.74944865305514,0.0,924.0,924,5.0,1,,129.16494845360825,122.0,52.0,196.0,12529.0,39.32918774385081,0.2112206762699157,1.1454413222368354
ID167885,167885,145,9.994942665100098,140.23293604004607,175.39338432184894,0.0,685.0,685,5.0,1,,134.0721649484536,132.0,72.0,202.0,13005.0,36.59156534830363,0.2301811472393775,1.3711605595314145
ID86994,86994,145,8.209160804748535,197.20737229045008,175.28589682125832,0.0,349.0,349,5.0,1,,126.08247422680412,119.0,72.0,188.0,12230.0,32.13729340109037,0.18694821940022477,1.2358477762681022
ID154577,154577,145,9.917104721069336,170.1402684731405,173.57446497087844,0.0,628.0,628,5.0,1,,134.16494845360825,136.0,68.0,187.0,13014.0,34.38043302894442,0.24910379920374712,1.5564656598109274
ID238544,238544,145,10.199199676513672,160.45283798601923,105.62142470922619,0.0,982.0,982,5.0,1,,137.43298969072166,136.0,79.0,199.0,13331.0,34.53407351699154,0.25083255609425464,1.5960919532930484
ID231383,231383,145,10.641925811767578,157.19333339021927,113.40036063540569,0.0,950.0,950,5.0,1,,136.8041237113402,133.0,79.0,200.0,13270.0,35.66763214481541,0.25897316987691205,1.577949874079873
ID95188,95188,145,9.457427024841309,213.9685345966424,184.6800212738569,0.0,382.0,382,5.0,1,,135.27835051546393,132.0,75.0,195.0,13122.0,31.85472958998176,0.229165297702517,1.5835177466333163
ID137175,137175,145,9.634591102600098,174.35988289573265,157.49805305629943,0.0,551.0,551,5.0,1,,135.94845360824743,135.0,77.0,206.0,13187.0,34.634812428519986,0.22173841724385346,1.4248007677661165
ID240601,240601,145,10.21474552154541,161.57219654162228,110.44438233853464,0.0,990.0,990,5.0,1,,137.11340206185568,133.0,65.0,200.0,13300.0,37.02107403466858,0.23989502426202963,1.4331683587276816
ID202712,202712,145,10.077428817749023,141.30307367409557,134.62556436081337,0.0,830.0,830,5.0,1,,133.8762886597938,125.0,75.0,205.0,12986.0,36.62855720266826,0.23991986698175483,1.4144462254962968
ID193502,193502,145,10.081408500671387,144.73919263130333,138.22168878100416,0.0,790.0,790,5.0,1,,138.1237113402062,136.0,73.0,198.0,13398.0,36.155698528481985,0.2351371084045169,1.4545460713260898
ID112606,112606,145,10.086892127990723,184.88411063422157,180.7114169722384,0.0,451.0,451,5.0,1,,131.48453608247422,127.0,58.0,197.0,12754.0,37.535292670715755,0.23867917109538897,1.3499589224246507
ID157667,157667,145,10.138858795166016,161.65952429297823,167.56403725975605,0.0,642.0,642,5.0,1,,131.35051546391753,130.0,65.0,204.0,12741.0,37.99836653208305,0.24973734964056113,1.3815340669355725
ID182241,182241,145,9.331122398376465,160.60910392566896,153.9577252839123,0.0,744.0,744,5.0,1,,134.2680412371134,132.0,69.0,195.0,13024.0,34.26991983501394,0.2135620504574198,1.3789599577347085
ID116709,116709,145,9.697959899902344,175.94896951078354,169.4871820603294,0.0,469.0,469,5.0,1,,138.4536082474227,136.0,74.0,195.0,13430.0,32.70385445509338,0.23152451473676255,1.5918027622965811
ID99303,99303,145,8.971332550048828,208.93793496192188,183.56225712635654,0.0,399.0,399,5.0,1,,124.57731958762886,121.0,51.0,194.0,12084.0,35.974769819609456,0.21067883185346442,1.2052105003397129
ID151524,151524,145,8.990238189697266,176.44125728080203,165.32623766952102,0.0,616.0,616,5.0,1,,121.75257731958763,114.0,57.0,192.0,11810.0,36.67453445734834,0.21323213738117142,1.1669501487132161
ID205797,205797,145,9.99626636505127,143.2765136261134,124.28893825507838,0.0,843.0,843,5.0,1,,134.11340206185568,125.0,77.0,200.0,13009.0,35.54893232358855,0.23260516519323648,1.423872113637353
ID159717,159717,145,11.152936935424805,147.85140927774992,162.77211316637232,0.0,648.0,648,5.0,1,,144.61855670103094,140.0,76.0,204.0,14028.0,36.43185513707095,0.2643673444816369,1.659996874403389
ID126955,126955,145,6.965551376342773,178.2223389128861,160.5776218996703,0.0,512.0,512,5.0,1,,116.91752577319588,111.0,67.0,185.0,11341.0,29.377099252327476,0.1593361082900641,1.093970332158681
ID175080,175080,145,9.801539421081543,161.97570265229902,167.09165990877372,0.0,714.0,714,5.0,1,,139.72164948453607,130.0,83.0,196.0,13553.0,31.494954049564697,0.23422505502645768,1.6838046784769434
ID217064,217064,145,9.442821502685547,136.51776537817693,124.88404425418035,0.0,889.0,889,5.0,1,,135.1443298969072,133.0,82.0,196.0,13109.0,33.782080336918774,0.21891617377788294,1.4369625299599915
ID242664,242664,145,8.872051239013672,163.69751218953746,117.48940577460351,0.0,999.0,999,5.0,1,,127.37113402061856,125.0,61.0,186.0,12355.0,34.422110017772034,0.20885997385964525,1.2786236823562218
ID208883,208883,145,9.680667877197266,152.8225693313971,130.2954119298524,0.0,856.0,856,5.0,1,,126.9381443298969,124.0,45.0,200.0,12313.0,40.54031286699638,0.21821149928713657,1.1217342577480207
ID221171,221171,145,10.547232627868652,147.36362557565872,139.45841344690982,0.0,907.0,907,5.0,1,,140.91752577319588,137.0,73.0,209.0,13669.0,37.36522171504449,0.24170908326092305,1.46825184237708
ID133104,133104,145,10.408432960510254,176.97011053912266,160.11860839393188,0.0,538.0,538,5.0,1,,140.1958762886598,139.0,78.0,204.0,13599.0,33.838661067156146,0.24907532565810223,1.6523199333491394
ID140273,140273,145,10.41042423248291,175.3491303806714,146.75693975222387,0.0,567.0,567,5.0,1,,140.77319587628867,136.0,91.0,198.0,13655.0,34.28055363304852,0.24944796308407305,1.6396982278103636
ID235510,235510,145,9.791257858276367,149.73108477795807,122.04488085564397,0.0,967.0,967,5.0,1,,131.38144329896906,128.0,55.0,195.0,12744.0,36.636571920170915,0.23017564459748335,1.341965768403474
ID120825,120825,145,9.744673728942871,173.5770000149655,168.4689886678593,0.0,485.0,485,5.0,1,,134.6701030927835,131.0,71.0,202.0,13063.0,37.447385770316835,0.22233344587599801,1.3082621819225877
ID212991,212991,145,9.35106372833252,132.4692876311989,134.6404575787545,0.0,872.0,872,5.0,1,,133.50515463917526,131.0,84.0,191.0,12950.0,34.2320889028543,0.2222994098230173,1.418584910965802
ID171007,171007,145,8.182976722717285,144.01745771949064,171.44959624940464,0.0,696.0,696,5.0,1,,123.24742268041237,121.0,67.0,185.0,11955.0,33.89691201761448,0.18321815143814107,1.12603367680285
ID94206,94206,145,9.16225814819336,193.6568834365254,175.62063572129966,0.0,376.0,376,5.0,1,,131.76288659793815,131.0,63.0,197.0,12781.0,34.36894588986919,0.2135603260623101,1.349323515625056
ID231427,231427,153,10.190159797668457,205.52871595718847,151.80012269254382,0.0,950.0,950,5.0,1,,136.03092783505156,133.0,73.0,206.0,13195.0,37.60885689353624,0.2345239830370165,1.3742484398285777
ID217090,217090,153,10.037768363952637,190.9921804472111,153.31505083330129,0.0,889.0,889,5.0,1,,136.37113402061857,129.0,75.0,207.0,13228.0,36.55854881431886,0.22516148675291964,1.371084657065758
ID156672,156672,153,9.860920906066895,187.9772393505659,99.28472641781211,0.0,637.0,637,5.0,1,,137.4742268041237,137.0,75.0,196.0,13335.0,32.96528880994407,0.23416918275634505,1.5825208435344658
ID169991,169991,153,10.41606330871582,171.4913921596427,120.30108210802527,0.0,692.0,692,5.0,1,,140.9278350515464,138.0,82.0,206.0,13670.0,36.042292120588584,0.24305131782148773,1.5290556629432794
ID242693,242693,153,10.842815399169922,184.82798360959623,141.0777474534361,0.0,999.0,999,5.0,1,,139.91752577319588,133.0,70.0,207.0,13572.0,36.59624015953596,0.2539866082233038,1.5487580023511711
ID150533,150533,153,7.966924667358398,177.75210681134703,88.45229487314748,0.0,612.0,612,5.0,1,,118.62886597938144,115.0,57.0,190.0,11507.0,36.58845434572134,0.16780131735102932,0.9317571118041039
ID142347,142347,153,9.43595027923584,162.27881338772508,72.36259817836485,0.0,576.0,576,5.0,1,,135.43298969072166,136.0,77.0,198.0,13137.0,33.73422693660415,0.2186005073469782,1.440368151905347
ID158728,158728,153,10.098111152648926,179.48881065670832,101.86168012711903,0.0,646.0,646,5.0,1,,137.91752577319588,135.0,85.0,200.0,13378.0,35.056403986734,0.23794559888956893,1.5123705232834408
ID188424,188424,153,9.598344802856445,200.3017705764021,133.73383711121755,0.0,770.0,770,5.0,1,,138.43298969072166,138.0,88.0,194.0,13428.0,32.37279825733805,0.22693352534939287,1.5818561215077844
ID99338,99338,153,7.292965412139893,220.6472826449902,5.109655386000615,0.0,400.0,400,5.0,1,,119.8659793814433,110.0,64.0,189.0,11627.0,35.927771542933705,0.15994275547620848,0.9200759320517198
ID143373,143373,153,8.481907844543457,163.23546344674375,70.96261965630367,0.0,579.0,579,5.0,1,,127.43298969072166,122.0,77.0,198.0,12361.0,33.00154895875307,0.19193845776329213,1.243614313293016
ID205836,205836,153,9.570718765258789,198.45118977290647,155.1579917865212,0.0,843.0,843,5.0,1,,136.70103092783506,131.0,84.0,192.0,13260.0,33.11475154307291,0.22655435930234052,1.5249861779828255
ID221203,221203,153,10.378828048706055,211.24439264540865,166.1845273091225,0.0,907.0,907,5.0,1,,141.22680412371133,136.0,82.0,207.0,13699.0,33.95324762161909,0.24457986346115473,1.634796632373899
ID197648,197648,153,10.525556564331055,196.50318884633924,144.62423959064733,0.0,808.0,808,5.0,1,,137.96907216494844,139.0,73.0,195.0,13383.0,34.802554266966595,0.2640466901386113,1.656220790975214
ID130069,130069,153,9.466975212097168,169.43163207142513,54.776897019711804,0.0,524.0,524,5.0,1,,135.76288659793815,132.0,86.0,193.0,13169.0,34.787381930532746,0.21902292119214659,1.4023841965187098
ID161812,161812,153,9.994458198547363,174.7015026200086,105.9213644775387,0.0,659.0,659,5.0,1,,136.23711340206185,131.0,69.0,205.0,13215.0,37.03229817669197,0.22634012463473338,1.3579862629126267
ID117785,117785,153,7.968377113342285,183.57063589033643,44.5064294461351,0.0,474.0,474,5.0,1,,119.94845360824742,110.0,62.0,187.0,11635.0,33.77849757797747,0.181536955190581,1.0911942215414672
ID121880,121880,153,9.545672416687012,180.74981463343687,42.09517305903102,0.0,489.0,489,5.0,1,,129.15463917525773,122.0,75.0,201.0,12528.0,34.8339334695667,0.2249631690589448,1.3618393485839098
ID208920,208920,153,10.400922775268555,186.0566775912458,159.37062799627398,0.0,856.0,856,5.0,1,,139.77319587628867,134.0,79.0,207.0,13558.0,36.131849164621826,0.2382963075804219,1.4888688284646008
ID129052,129052,153,9.24349308013916,181.5123943756,49.61128981026322,0.0,519.0,519,5.0,1,,129.97938144329896,128.0,62.0,200.0,12608.0,38.19712559578363,0.20446003364987017,1.1552868046048301
ID213021,213021,153,10.101207733154297,180.75808857784085,163.59067214297937,0.0,872.0,872,5.0,1,,137.7422680412371,137.0,71.0,200.0,13361.0,34.79382079674117,0.2423845678107459,1.544699551638623
ID173090,173090,153,9.690086364746094,173.14933570975535,112.55916523364667,0.0,706.0,706,5.0,1,,134.79381443298968,129.0,78.0,197.0,13075.0,34.7517799736964,0.22744386680021975,1.4374590951022959
ID191520,191520,153,9.570240020751953,195.3075070037323,124.0719545106058,0.0,782.0,782,5.0,1,,132.83505154639175,125.0,83.0,199.0,12885.0,32.83344344705662,0.23029861243231572,1.514631689930457
ID147492,147492,153,10.049772262573242,159.73189146608254,91.0615672524594,0.0,598.0,598,5.0,1,,136.05154639175257,135.0,76.0,197.0,13197.0,35.723000041412575,0.2334053471571976,1.44141994903906
ID155685,155685,153,6.450933456420898,190.59822387200444,95.09077249985432,0.0,633.0,633,5.0,1,,116.79381443298969,115.0,65.0,176.0,11329.0,28.71589939400946,0.13720099600578906,0.9814031504916529
ID165925,165925,153,8.94062614440918,172.21534520925505,125.53322879541463,0.0,675.0,675,5.0,1,,131.22680412371133,125.0,73.0,193.0,12729.0,33.3758598998585,0.20836689542018308,1.35596970402467
ID112681,112681,153,8.554506301879883,179.67431379162883,33.14717784861008,0.0,453.0,453,5.0,1,,125.6701030927835,123.0,64.0,188.0,12190.0,34.170748226579136,0.1941933076016816,1.1960989369938835
ID177193,177193,153,10.045303344726562,174.68712179926214,119.79626261308398,0.0,723.0,723,5.0,1,,134.28865979381445,132.0,69.0,195.0,13026.0,34.921327879871214,0.2428904749248732,1.502990412288923
ID180271,180271,153,10.27451229095459,176.96861964944395,117.85996141887885,0.0,737.0,737,5.0,1,,136.35051546391753,132.0,73.0,201.0,13226.0,33.681733809883696,0.25727182745361493,1.6567439288073764
ID94255,94255,153,7.034875869750977,231.0,5.0,0.0,378.0,378,5.0,1,,123.79381443298969,122.0,42.0,185.0,12008.0,37.73590745351444,0.29128200951084143,1.4800170010763045
ID144434,144434,153,9.64639663696289,157.9624332167056,77.34935769108351,0.0,587.0,587,5.0,1,,132.79381443298968,131.0,72.0,192.0,12881.0,37.13038348855116,0.2185475346628334,1.2828676193576882
ID152626,152626,153,8.984782218933105,180.78224146167815,99.17896177874907,0.0,618.0,618,5.0,1,,128.05154639175257,123.0,65.0,192.0,12421.0,35.86211183536318,0.20032618539236807,1.191838481108858
ID169011,169011,153,9.602334022521973,175.40950961741964,119.39077057837898,0.0,689.0,689,5.0,1,,140.27835051546393,140.0,89.0,192.0,13607.0,30.502302600255053,0.23769042805594917,1.7663944093083033
ID201778,201778,153,9.924111366271973,195.76831608937687,158.86927938066324,0.0,825.0,825,5.0,1,,137.03092783505156,133.0,71.0,198.0,13292.0,35.872590978421876,0.22751270971875892,1.4160073700486444
ID233522,233522,153,8.362456321716309,204.25788077164214,145.74281487402368,0.0,959.0,959,5.0,1,,124.55670103092784,121.0,79.0,181.0,12082.0,31.168550212301653,0.20157943183574534,1.3408315553059975
ID196656,196656,153,10.213677406311035,198.26294269349012,141.38117916497,0.0,804.0,804,5.0,1,,139.0721649484536,138.0,79.0,193.0,13490.0,33.63909166390359,0.24907428984837782,1.6487946983641442
ID98356,98356,153,7.654937744140625,220.3126835612651,4.569823321464434,0.0,396.0,396,5.0,1,,127.29896907216495,122.0,74.0,190.0,12348.0,34.238491055527696,0.179078635491925,1.1293830675694072
ID103479,103479,153,8.717568397521973,218.66444214015158,30.04341269942998,0.0,415.0,415,5.0,1,,127.83505154639175,122.0,68.0,196.0,12400.0,35.04095235470062,0.18867241544587382,1.15811122347148
ID235573,235573,153,7.97078800201416,187.4268797459857,148.37552483876655,0.0,967.0,967,5.0,1,,115.02061855670104,104.0,54.0,189.0,11157.0,36.78965530027976,0.1731543592562469,0.922907651633756
ID134202,134202,153,9.417152404785156,161.4999182583723,53.346407122218764,0.0,543.0,543,5.0,1,,131.79381443298968,129.0,64.0,198.0,12784.0,35.89827588255746,0.22164806560884287,1.3321994999346267
ID138298,138298,153,10.212227821350098,167.72997070614812,68.07083761971475,0.0,559.0,559,5.0,1,,135.71134020618555,131.0,71.0,203.0,13164.0,38.31692368775801,0.22702496654155102,1.3106167734649656
ID187455,187455,153,9.280059814453125,196.3009291039006,129.9163750722072,0.0,767.0,767,5.0,1,,137.31958762886597,131.0,85.0,195.0,13320.0,31.700600149337525,0.21919011303540167,1.5575590854910533
ID216126,216126,153,6.8350396156311035,183.66249379475116,149.38985606045622,0.0,884.0,884,5.0,1,,112.49484536082474,106.0,58.0,181.0,10912.0,34.16111450152432,0.13354268330380686,0.775912606407872
ID128062,128062,153,10.22304916381836,180.99975952182848,52.21715500120254,0.0,516.0,516,5.0,1,,135.77319587628867,128.0,70.0,201.0,13170.0,38.59363752470498,0.22595925903927694,1.296828142909194
ID116801,116801,153,7.960577964782715,182.51916964559402,42.43971889839618,0.0,471.0,471,5.0,1,,119.75257731958763,108.0,54.0,195.0,11616.0,36.48316704540918,0.1650586592136956,0.930064041725493
ID160842,160842,153,9.500913619995117,172.08769152818726,101.40905098120865,0.0,656.0,656,5.0,1,,134.71134020618555,131.0,74.0,192.0,13067.0,34.28616058353774,0.22202378335221176,1.4276940124884638
ID190538,190538,153,9.114739418029785,196.01567708537428,124.51632026428462,0.0,780.0,780,5.0,1,,128.23711340206185,121.0,76.0,195.0,12439.0,34.31647235532944,0.21660314780570705,1.330628803088459
ID183369,183369,153,9.310140609741211,179.88005287738514,113.87796713187964,0.0,753.0,753,5.0,1,,125.65979381443299,116.0,56.0,200.0,12189.0,35.90957584624253,0.21592732990092878,1.242842389987023
ID220232,220232,153,10.217841148376465,204.5023991738086,159.7714720887286,0.0,902.0,902,5.0,1,,139.60824742268042,137.0,71.0,199.0,13542.0,35.347547269055944,0.24382918827106237,1.54848404834693
ID141389,141389,153,8.244341850280762,170.0537615265112,75.76454878565988,0.0,569.0,569,5.0,1,,123.12371134020619,116.0,60.0,185.0,11943.0,36.02090184067867,0.17366710742565217,1.0115555778472582
ID149581,149581,153,8.23770809173584,164.7815295615923,88.37818398422316,0.0,608.0,608,5.0,1,,120.72164948453609,115.0,60.0,185.0,11710.0,36.27606599284887,0.17652152967893162,0.9986027932290343
ID195666,195666,153,10.091045379638672,202.63861873975256,141.3860868408268,0.0,800.0,800,5.0,1,,137.62886597938143,135.0,73.0,206.0,13350.0,37.10916317311582,0.22855214521899783,1.3799078127807083
ID164947,164947,153,9.896717071533203,171.02676694118446,113.40893954531467,0.0,672.0,672,5.0,1,,138.23711340206185,134.0,77.0,196.0,13409.0,33.93890748949878,0.23322157986426578,1.5405805528927647
ID226385,226385,153,10.90967845916748,193.9448025387124,163.8681334967524,0.0,929.0,929,5.0,1,,137.48453608247422,133.0,83.0,202.0,13336.0,36.359923393890995,0.2696086450164711,1.6059234192499774
ID96340,96340,153,7.571516036987305,224.28615702882033,6.4236029222075235,0.0,387.0,387,5.0,1,,117.9278350515464,109.0,65.0,191.0,11439.0,33.85146704805926,0.17867010849724999,1.0561569419269161
ID120921,120921,153,9.00223159790039,182.3211173440522,41.89890121088918,0.0,488.0,488,5.0,1,,128.17525773195877,121.0,82.0,190.0,12433.0,30.565166144539425,0.23511391384526992,1.596536129709047
ID239706,239706,153,10.381885528564453,185.8875137864691,137.7626148399062,0.0,984.0,984,5.0,1,,138.5257731958763,134.0,70.0,204.0,13437.0,34.92196443008837,0.24953603664169818,1.5843327517445283
ID204888,204888,153,10.056976318359375,204.20656238852357,158.4935604462039,0.0,838.0,838,5.0,1,,139.79381443298968,137.0,84.0,202.0,13560.0,33.64611732934732,0.23824308282348639,1.5988119492785824
ID212056,212056,153,10.480067253112793,177.22650240342077,162.72813937174803,0.0,867.0,867,5.0,1,,132.61855670103094,127.0,79.0,201.0,12864.0,36.356006868125505,0.2613132789681059,1.5114598930678158
ID137310,137310,153,8.881317138671875,166.85971845889873,62.059811523388696,0.0,555.0,555,5.0,1,,127.62886597938144,120.0,70.0,203.0,12380.0,35.411956428240465,0.195241140181024,1.1774562708214
ID108642,108642,153,7.479426860809326,178.97560930628572,47.684575636291605,0.0,438.0,438,5.0,1,,127.31958762886597,123.0,75.0,182.0,12350.0,28.296991297571644,0.17307623808223405,1.3276884186655589
ID228448,228448,153,10.352025032043457,211.41505996776786,154.68627591723293,0.0,936.0,936,5.0,1,,142.2164948453608,139.0,89.0,205.0,13795.0,34.23577162003573,0.24439681308988606,1.6316856489581355
ID172135,172135,153,10.322099685668945,170.2580385299442,115.57649073270001,0.0,702.0,702,5.0,1,,136.84536082474227,131.0,82.0,200.0,13274.0,34.829148534365096,0.2501647736367804,1.5724473586183063
ID186471,186471,153,9.98025131225586,192.82129651381607,129.38250228388284,0.0,762.0,762,5.0,1,,135.22680412371133,138.0,73.0,200.0,13117.0,36.83507871655743,0.23090487381964148,1.3773356424910626
ID241766,241766,153,10.638879776000977,185.32215324973862,136.7382073808166,0.0,995.0,995,5.0,1,,139.02061855670104,135.0,80.0,206.0,13485.0,35.968151242176305,0.25442992543493975,1.5678802200690218
ID115815,115815,153,8.913116455078125,186.39723057451653,39.896818107461776,0.0,467.0,467,5.0,1,,130.90721649484536,128.0,84.0,200.0,12698.0,33.156850245659015,0.20042612032960827,1.3183757299088483
ID224356,224356,153,9.090816497802734,194.83493746454997,172.92021817885023,0.0,919.0,919,5.0,1,,133.8659793814433,133.0,79.0,192.0,12985.0,31.101523564630035,0.2169823874009426,1.5348245646976804
ID127081,127081,153,9.519583702087402,179.80969411406173,52.6635164556619,0.0,515.0,515,5.0,1,,132.7422680412371,128.0,68.0,197.0,12876.0,36.005577794314114,0.21532425823168116,1.306382150825199
ID237675,237675,153,9.47133731842041,185.00773019817854,149.6219090774732,0.0,977.0,977,5.0,1,,133.8762886597938,131.0,78.0,190.0,12986.0,32.634739201488046,0.22740674489533927,1.5200866670665454
ID133224,133224,153,9.193202018737793,173.55103998042944,50.27417357540273,0.0,537.0,537,5.0,1,,129.6701030927835,125.0,63.0,197.0,12578.0,37.353804371588815,0.20350594013681655,1.1739885575626516
ID154728,154728,153,8.378117561340332,187.2427449415241,96.43195226200383,0.0,629.0,629,5.0,1,,128.8659793814433,125.0,73.0,183.0,12500.0,32.17874196900655,0.19237789338504344,1.292231912979749
ID207982,207982,153,9.92599105834961,189.4630031228076,153.40739822877697,0.0,850.0,850,5.0,1,,140.7319587628866,140.0,83.0,200.0,13651.0,32.65332916408803,0.24037434306372596,1.6704389106730422
ID111726,111726,153,9.770618438720703,168.7965332729228,41.95378920268169,0.0,445.0,445,5.0,1,,133.16494845360825,124.0,78.0,207.0,12917.0,35.97877858670393,0.21987593529973196,1.334244868172218
ID146541,146541,153,8.479016304016113,154.18487206521684,85.74447637464297,0.0,594.0,594,5.0,1,,124.4020618556701,116.0,77.0,187.0,12067.0,33.67109906687239,0.1936522231798309,1.198795095540778
ID151665,151665,153,8.22509479522705,181.32256820806532,87.91271431836178,0.0,615.0,615,5.0,1,,125.75257731958763,119.0,79.0,192.0,12198.0,31.902530897457495,0.18691557397717673,1.241501969195944
ID176241,176241,153,9.94760513305664,173.39432230469274,126.28211416497068,0.0,717.0,717,5.0,1,,133.15463917525773,125.0,74.0,205.0,12916.0,36.11161522689802,0.23403370886257813,1.398591149317938
ID179319,179319,153,9.826258659362793,173.32980678884218,120.24413646682821,0.0,731.0,731,5.0,1,,136.8041237113402,133.0,77.0,200.0,13270.0,32.245684199355054,0.2434101301445213,1.6610466711380447
ID157812,157812,153,9.909135818481445,187.408704391328,96.13210970852154,0.0,641.0,641,5.0,1,,137.81443298969072,135.0,81.0,194.0,13368.0,33.14247334643117,0.2375721143632501,1.5964845882801753
ID97402,97402,153,7.050566673278809,225.85497729546415,8.079789433949074,0.0,390.0,390,5.0,1,,122.79381443298969,118.0,69.0,193.0,11911.0,33.24120752931326,0.15872298820513164,1.0120218806340644
ID102522,102522,153,8.896166801452637,218.84675010232218,31.335541195327625,0.0,411.0,411,5.0,1,,128.01030927835052,126.0,70.0,199.0,12417.0,35.60211102277996,0.19396886698828697,1.168256534113286
ID230520,230520,153,9.222809791564941,205.23963906895366,154.15055277992377,0.0,946.0,946,5.0,1,,128.5463917525773,120.0,72.0,193.0,12469.0,35.72727151005608,0.20822682337219628,1.2401614763656634
ID200832,200832,153,9.484917640686035,193.79882293076278,158.6002896404124,0.0,824.0,824,5.0,1,,137.23711340206185,135.0,77.0,199.0,13312.0,32.234095947936176,0.2272009050892869,1.5764509633865067
ID211079,211079,153,8.64723014831543,177.0763533122194,164.12756517544503,0.0,864.0,864,5.0,1,,123.0,114.0,69.0,194.0,11931.0,34.096370774614705,0.2008086989781979,1.2065231215786896
ID232584,232584,153,9.3290433883667,207.23340759671134,144.96614468103542,0.0,955.0,955,5.0,1,,127.78350515463917,121.0,71.0,188.0,12395.0,33.98658644846882,0.22580732057743785,1.3852018161760151
ID189583,189583,153,8.7830810546875,198.21597132726848,126.52042817061468,0.0,775.0,775,5.0,1,,129.63917525773195,126.0,68.0,188.0,12575.0,32.889710133201966,0.20877161960189186,1.3615494366215757
ID215182,215182,153,10.40597152709961,183.89521668366658,154.36283566382352,0.0,880.0,880,5.0,1,,139.8556701030928,137.0,68.0,203.0,13566.0,36.73922452307208,0.23695989997320713,1.458476131137205
ID194700,194700,153,9.596331596374512,203.9462513533652,134.2523082953277,0.0,796.0,796,5.0,1,,132.10309278350516,130.0,65.0,198.0,12814.0,35.449049275004796,0.22223450097117792,1.3551748475679752
ID107665,107665,153,7.760001182556152,184.81846816774444,40.790311150935956,0.0,433.0,433,5.0,1,,120.29896907216495,114.0,57.0,190.0,11669.0,35.19888875745157,0.1581102457264186,0.9331964074547026
ID219281,219281,153,10.211280822753906,207.09913816576147,161.6533404476308,0.0,899.0,899,5.0,1,,142.29896907216494,137.0,90.0,198.0,13803.0,31.991914651873895,0.24958374840263758,1.776815980228878
ID163985,163985,153,9.636962890625,169.86118820212704,113.2032013140821,0.0,671.0,671,5.0,1,,136.08247422680412,132.0,80.0,196.0,13200.0,34.46274259468863,0.22226825153379534,1.4361283595469263
ID119956,119956,153,9.798175811767578,183.47187052351225,36.470823328248116,0.0,486.0,486,5.0,1,,128.31958762886597,125.0,68.0,194.0,12447.0,37.96586909969065,0.23520162215293333,1.2871586045675623
ID185495,185495,153,9.39747428894043,185.74321881354922,122.46798360259335,0.0,758.0,758,5.0,1,,131.23711340206185,126.0,66.0,198.0,12730.0,37.16987276788497,0.2085913270879316,1.21874364544564
ID140436,140436,153,9.699149131774902,170.89581163800614,79.45450251543402,0.0,568.0,568,5.0,1,,134.8659793814433,131.0,72.0,203.0,13082.0,36.12496507091142,0.21824234849266677,1.337612456294098
ID159893,159893,153,9.740245819091797,173.34755334851377,104.7859320783042,0.0,652.0,652,5.0,1,,137.20618556701032,132.0,82.0,198.0,13309.0,32.92002244845639,0.23052285315573126,1.5615930452299627
ID199835,199835,153,9.54063606262207,199.0686116067168,148.1937904214463,0.0,817.0,817,5.0,1,,129.5257731958763,123.0,73.0,209.0,12564.0,34.68071413609718,0.22478879530709187,1.3709184224325968
ID126106,126106,153,9.694355010986328,192.23206407470892,53.02298391765125,0.0,510.0,510,5.0,1,,135.62886597938143,133.0,75.0,201.0,13156.0,32.531817626373126,0.23926301661690533,1.609851742509384
ID136351,136351,153,9.437079429626465,163.3797454481551,59.80824316182834,0.0,552.0,552,5.0,1,,136.20618556701032,131.0,86.0,201.0,13212.0,32.45475637468576,0.22245441969065222,1.5274142451263846
ID162982,162982,153,8.596834182739258,169.6997418414158,103.0254917169687,0.0,664.0,664,5.0,1,,123.41237113402062,117.0,59.0,197.0,11971.0,36.58032046552935,0.18447910990210276,1.0508989913446614
ID203943,203943,153,10.537385940551758,194.07980458666597,159.4048011717815,0.0,834.0,834,5.0,1,,144.0721649484536,144.0,76.0,200.0,13975.0,33.46461048091215,0.2541373590652553,1.7448082702430594
ID207015,207015,153,9.594440460205078,194.8656736787016,153.97171092545904,0.0,845.0,845,5.0,1,,134.62886597938143,132.0,70.0,203.0,13059.0,34.726406735253626,0.21818521029790747,1.3887380077189648
ID182439,182439,153,10.339163780212402,180.8601750563809,117.61190643936735,0.0,745.0,745,5.0,1,,135.56701030927834,132.0,72.0,195.0,13150.0,34.8663840063316,0.2579673735906452,1.5946761897859478
ID110759,110759,153,9.63774299621582,175.59057654740167,37.745844176672115,0.0,446.0,446,5.0,1,,132.36082474226805,128.0,65.0,199.0,12839.0,37.290577889229795,0.2155740778718025,1.258941220413468
ID114854,114854,153,6.680017471313477,178.0509606282694,41.81634724556251,0.0,461.0,461,5.0,1,,117.05154639175258,108.0,67.0,174.0,11354.0,27.67722105436339,0.15078857672325358,1.1083006006946943
ID223405,223405,153,10.742429733276367,197.41066149450927,178.37254770719622,0.0,914.0,914,5.0,1,,143.1237113402062,143.0,85.0,199.0,13883.0,34.23608529143591,0.26031501066678775,1.726941349658218
ID175280,175280,153,10.18636417388916,171.65050828329314,123.15760392208159,0.0,716.0,716,5.0,1,,132.75257731958763,128.0,70.0,205.0,12877.0,37.16209732594798,0.24274352126317028,1.3955290472424535
ID218289,218289,153,10.155083656311035,192.49968630513905,151.46238453189775,0.0,891.0,891,5.0,1,,140.24742268041237,139.0,86.0,199.0,13604.0,34.638018289107755,0.24142874192306651,1.5748493759395052
ID153783,153783,153,10.002485275268555,191.45347528004254,99.79322262526314,0.0,626.0,626,5.0,1,,136.43298969072166,132.0,83.0,199.0,13234.0,34.98925645123528,0.23746563067461315,1.496519202724726
ID234678,234678,153,7.05949592590332,194.70508363599276,146.0468183268337,0.0,964.0,964,5.0,1,,111.54639175257732,105.0,52.0,177.0,10820.0,32.34160781748383,0.15519680406280487,0.9267246407800102
ID132282,132282,153,9.85570240020752,173.1630261447931,56.709927562307975,0.0,534.0,534,5.0,1,,136.27835051546393,133.0,79.0,198.0,13219.0,34.21858116945908,0.23394246325802373,1.5101114990017128
ID193722,193722,153,9.86650276184082,202.225284261165,127.62042443292125,0.0,792.0,792,5.0,1,,136.2577319587629,132.0,79.0,199.0,13217.0,34.83002726052727,0.23274631393067277,1.4772242761870946
ID125115,125115,153,9.63691234588623,191.16769432675642,50.048272578248174,0.0,505.0,505,5.0,1,,133.23711340206185,124.0,73.0,195.0,12924.0,35.091479615153816,0.221594685498529,1.3774813772698393
ID106684,106684,153,8.368657112121582,187.85016139138716,39.87366404057864,0.0,432.0,432,5.0,1,,124.08247422680412,114.0,65.0,192.0,12036.0,34.319779920833305,0.18379701941257295,1.1226830565263846
ID145596,145596,153,9.580418586730957,150.18647520449093,78.20598539347124,0.0,590.0,590,5.0,1,,132.84536082474227,128.0,69.0,187.0,12886.0,36.25756823472214,0.2220790023070694,1.33163723712403
ID198849,198849,153,10.80518913269043,191.9414022599316,137.83735181063108,0.0,814.0,814,5.0,1,,136.44329896907217,132.0,80.0,203.0,13235.0,36.069079865402294,0.2659267835499257,1.5892807966799012
ID227520,227520,153,9.470895767211914,204.06028049572078,159.22097404025516,0.0,933.0,933,5.0,1,,133.04123711340208,128.0,81.0,196.0,12905.0,34.3228900558642,0.2197256468994164,1.3965324038902909
ID101573,101573,153,8.216876029968262,223.75108355449765,30.302153065847406,0.0,408.0,408,5.0,1,,118.65979381443299,107.0,60.0,195.0,11510.0,37.239340364598,0.1759393480198043,0.9534757703055629
ID225479,225479,153,10.474275588989258,195.37742086682456,156.20243444661529,0.0,925.0,925,5.0,1,,138.64948453608247,135.0,85.0,199.0,13449.0,33.93100881356947,0.25833566223851745,1.6777967196655912
ID118982,118982,153,8.332290649414062,185.65734991178007,39.52219732301656,0.0,482.0,482,5.0,1,,120.95876288659794,113.0,66.0,191.0,11733.0,32.611640791598866,0.21446023242969753,1.3099603662828836
ID210123,210123,153,7.754826068878174,183.31019022000402,157.50999715204844,0.0,861.0,861,5.0,1,,120.68041237113403,115.0,70.0,183.0,11706.0,32.79403731109532,0.17460439292386154,1.0940456408221835
ID178379,178379,153,9.568987846374512,173.43964225885972,120.500370450267,0.0,729.0,729,5.0,1,,131.83505154639175,127.0,83.0,197.0,12788.0,34.10207728654857,0.2388254598761567,1.490563750002361
ID214218,214218,153,10.287250518798828,177.9210799682709,159.98012111858074,0.0,876.0,876,5.0,1,,141.8041237113402,136.0,74.0,199.0,13755.0,32.25311327842945,0.24756056887711458,1.7448859532575192
ID236746,236746,153,9.004538536071777,182.2057222830478,144.99201671821766,0.0,972.0,972,5.0,1,,124.82474226804123,119.0,67.0,193.0,12108.0,34.629590643118576,0.21127569689215636,1.2574474809861957
ID238797,238797,153,9.228857040405273,191.02865150459118,139.91622388846906,0.0,983.0,983,5.0,1,,133.71134020618555,130.0,78.0,187.0,12970.0,31.355807131908925,0.2241817416615746,1.5618329973142322
ID222418,222418,153,10.287185668945312,205.15752696284792,173.02803111936137,0.0,911.0,911,5.0,1,,137.60824742268042,131.0,85.0,201.0,13348.0,34.3373450430404,0.2443988357015577,1.574154239521852
ID139477,139477,153,8.79255485534668,169.6483395992206,80.40833878341166,0.0,565.0,565,5.0,1,,127.36082474226804,123.0,62.0,195.0,12354.0,37.06137521255853,0.1899623104131837,1.0971817239652564
ID105692,105692,153,8.32113265991211,202.01822394233747,42.81064247655938,0.0,424.0,424,5.0,1,,121.4639175257732,111.0,60.0,193.0,11782.0,36.21983280828052,0.17936109860398008,1.0200284745905541
ID131295,131295,153,9.766337394714355,174.28125093928458,52.74732696228685,0.0,532.0,532,5.0,1,,135.20618556701032,132.0,84.0,213.0,13115.0,34.96841972418646,0.22504859492103355,1.4206056554046178
ID167135,167135,153,9.027982711791992,173.5856221202414,124.56030174999862,0.0,681.0,681,5.0,1,,134.46391752577318,134.0,74.0,190.0,13043.0,33.10276356025974,0.21011888544505788,1.4106151809456022
ID100575,100575,153,7.22861909866333,222.28306004278724,18.07181468734832,0.0,405.0,405,5.0,1,,114.68041237113403,106.0,60.0,182.0,11124.0,33.317145983634994,0.1486610432506003,0.8909569783977931
ID184540,184540,153,8.095930099487305,182.0071488507774,114.00405590872886,0.0,754.0,754,5.0,1,,124.65979381443299,119.0,77.0,182.0,12092.0,29.35057019531951,0.19603800342684102,1.392307455122173
ID135389,135389,153,8.728032112121582,164.74910778144726,56.091090658179,0.0,548.0,548,5.0,1,,122.48453608247422,111.0,63.0,201.0,11881.0,38.7629315524891,0.18180951020036998,0.9722182278385418
ID113891,113891,153,8.697931289672852,176.02011504744144,36.02750395950307,0.0,457.0,457,5.0,1,,124.69072164948453,116.0,71.0,199.0,12095.0,35.38607330361476,0.19082908847640512,1.1293456995439988
ID202976,202976,153,10.05277156829834,190.29992960710445,156.5083285888444,0.0,829.0,829,5.0,1,,139.09278350515464,133.0,86.0,202.0,13492.0,34.55885151756433,0.23866317707833762,1.5509845911540148
ID240864,240864,153,9.280055046081543,183.09398582635154,137.45246880882144,0.0,994.0,994,5.0,1,,133.4020618556701,131.0,80.0,193.0,12940.0,32.35469433798545,0.21880796214860276,1.4804136306165732
ID174311,174311,153,10.430537223815918,168.43454334595825,120.9655359287095,0.0,713.0,713,5.0,1,,139.75257731958763,135.0,88.0,198.0,13556.0,34.908222207142416,0.2495040515071056,1.5988290231722382
ID229605,229605,153,10.549260139465332,210.4335149081879,159.59856568751627,0.0,941.0,941,5.0,1,,143.6701030927835,141.0,85.0,205.0,13936.0,33.81035395207008,0.25776130928346447,1.7416712373585153
ID156901,156901,153,9.946773529052734,189.15988520340352,97.59073781466053,0.0,638.0,638,5.0,1,,136.97938144329896,129.0,82.0,195.0,13287.0,34.78414970136161,0.23397642429136944,1.4933755690372192
ID181480,181480,153,10.527252197265625,180.0992054399768,119.0746834627406,0.0,743.0,743,5.0,1,,137.38144329896906,132.0,79.0,201.0,13326.0,34.33913077033045,0.2589100745785941,1.645595205905297
ID188652,188652,153,9.446528434753418,200.51159935389973,131.02937403945185,0.0,771.0,771,5.0,1,,131.42268041237114,127.0,60.0,194.0,12748.0,38.30003129120414,0.20895567280958738,1.186164647060527
ID231661,231661,153,9.989012718200684,204.09169829832402,151.74104515856274,0.0,951.0,951,5.0,1,,133.4020618556701,128.0,76.0,199.0,12940.0,34.480266032971194,0.24181681848358777,1.506783637108826
ID109806,109806,153,8.306437492370605,164.08587304424194,43.312430799005064,0.0,444.0,444,5.0,1,,123.25773195876289,117.0,59.0,188.0,11956.0,35.55637494133889,0.1805099553008512,1.0601277319504665
ID142573,142573,153,9.332487106323242,163.9845434670304,70.8522091369794,0.0,578.0,578,5.0,1,,134.39175257731958,131.0,76.0,193.0,13036.0,33.314960572363645,0.21537383642495198,1.4297047851523097
ID217324,217324,153,10.12657356262207,192.80856884575869,152.60138542272531,0.0,890.0,890,5.0,1,,138.94845360824743,135.0,75.0,202.0,13478.0,35.09432858205766,0.2395336714843057,1.5302240310984836
ID124144,124144,153,8.01916217803955,193.55047913959433,42.287289764298954,0.0,501.0,501,5.0,1,,121.98969072164948,116.0,51.0,183.0,11833.0,36.90344802244117,0.16777749198296446,0.9498603907188942
ID150768,150768,153,8.261608123779297,170.45415232776006,89.26511064264334,0.0,611.0,611,5.0,1,,123.3298969072165,112.0,62.0,190.0,11963.0,34.96209901733011,0.17830945689847016,1.0676179809865243
ID192752,192752,153,9.980646133422852,198.57006160262162,122.75472778671165,0.0,788.0,788,5.0,1,,136.0,137.0,72.0,197.0,13192.0,37.97038319532738,0.22613200565161812,1.3211396589395177
ID95478,95478,153,7.814419269561768,231.0,6.0,0.0,383.0,383,5.0,1,,125.9381443298969,130.0,47.0,184.0,12216.0,36.07423319610946,0.3185843381136671,1.686967383251858
ID104699,104699,153,7.2197699546813965,215.64953867795523,34.756059014239625,0.0,418.0,418,5.0,1,,115.26804123711341,108.0,57.0,182.0,11181.0,34.92507321154267,0.14435745254834148,0.8326818356768091
ID158968,158968,153,8.938655853271484,177.36420853731147,102.28755224254729,0.0,649.0,649,5.0,1,,132.50515463917526,126.0,79.0,196.0,12853.0,31.806420902907654,0.2099405673499782,1.4457070388347324
ID168185,168185,153,9.473066329956055,171.070025252853,122.79134916771247,0.0,683.0,683,5.0,1,,133.63917525773195,130.0,80.0,192.0,12963.0,34.78211512611111,0.21799411317079428,1.3753314391122342
ID102652,102652,153,8.886043548583984,222.4184606799052,31.297262435695735,0.0,413.0,413,5.0,1,,129.0,121.0,76.0,199.0,12513.0,35.22989970654662,0.1934960472261539,1.1872971128890963
ID162045,162045,153,9.891910552978516,172.86443766055368,105.696113646618,0.0,661.0,661,5.0,1,,137.8659793814433,137.0,71.0,192.0,13373.0,34.809789351673814,0.23028875002231303,1.4826934893726378
ID170237,170237,153,10.106942176818848,175.14406903523604,121.37090091824314,0.0,691.0,691,5.0,1,,137.5463917525773,134.0,76.0,201.0,13342.0,35.75845489139501,0.23317830901055167,1.45466411130717
ID206076,206076,153,9.320327758789062,195.69400911360563,159.24352816425065,0.0,841.0,841,5.0,1,,131.0,125.0,63.0,203.0,12707.0,36.86150883148075,0.20681298661120942,1.2180525202212578
ID197888,197888,153,10.233358383178711,196.57912477128718,143.19516583902976,0.0,809.0,809,5.0,1,,137.46391752577318,137.0,78.0,203.0,13334.0,34.95296299304434,0.24483010573269595,1.5469969310400797
ID148742,148742,153,9.567290306091309,161.67076433374942,86.22072651093241,0.0,603.0,603,5.0,1,,131.35051546391753,129.0,60.0,204.0,12741.0,37.761874853347294,0.21557981075250449,1.233766109733744
ID99588,99588,153,8.056171417236328,215.86118040847984,6.115856450393813,0.0,398.0,398,5.0,1,,124.78350515463917,119.0,66.0,187.0,12104.0,33.98811888124894,0.18242699801687798,1.1328562943685825
ID209158,209158,153,10.463570594787598,188.9099813103893,159.10413043579848,0.0,855.0,855,5.0,1,,140.18556701030928,133.0,79.0,208.0,13598.0,36.18020001122483,0.24128252936251612,1.506321132255266
ID221446,221446,153,8.903064727783203,208.61122944389885,159.93684067223154,0.0,906.0,906,5.0,1,,133.8041237113402,131.0,79.0,185.0,12979.0,31.569908924235687,0.21350926056591693,1.4914193946712109
ID147721,147721,153,9.466436386108398,156.7541147845309,87.62688285693146,0.0,601.0,601,5.0,1,,132.1340206185567,127.0,73.0,194.0,12817.0,35.83022143444325,0.2194623717373638,1.3273541677631566
ID173326,173326,153,9.949652671813965,174.81680263018856,111.51696727137046,0.0,704.0,704,5.0,1,,129.51546391752578,127.0,53.0,199.0,12563.0,39.03767235047391,0.23385014269288734,1.257601162429066
ID123148,123148,153,9.406755447387695,189.7735952918598,44.17355209026761,0.0,498.0,498,5.0,1,,131.50515463917526,126.0,68.0,198.0,12756.0,37.9097403137099,0.20623432491824614,1.1861817262324272
ID213262,213262,153,10.951653480529785,180.56685181823084,167.12147031706087,0.0,873.0,873,5.0,1,,138.44329896907217,132.0,67.0,203.0,13429.0,38.44394433028565,0.2618755810449316,1.4946945919964378
ID118030,118030,153,8.712356567382812,181.00771166853468,43.99145957624046,0.0,476.0,476,5.0,1,,122.54639175257732,115.0,59.0,193.0,11887.0,34.84460163191133,0.20162350563985462,1.180233035692672
ID122129,122129,153,7.73955774307251,183.5969158221159,40.57685161278222,0.0,491.0,491,5.0,1,,123.30927835051547,118.0,64.0,177.0,11961.0,29.607276985826708,0.1853708457866901,1.3026102013888312
ID177424,177424,153,10.529536247253418,174.7504178078764,118.8910351433446,0.0,724.0,724,5.0,1,,140.51546391752578,140.0,77.0,200.0,13630.0,35.20567940748986,0.24850573498698378,1.588865962821617
ID134423,134423,153,9.831879615783691,163.11562740193733,52.35234113363746,0.0,542.0,542,5.0,1,,129.69072164948454,125.0,57.0,207.0,12580.0,40.15629901417041,0.21913903350187874,1.161052154082414
ID233750,233750,153,7.757880210876465,203.94621179189681,145.89511327698088,0.0,960.0,960,5.0,1,,116.11340206185567,107.0,56.0,172.0,11263.0,32.96458841464699,0.18005918115147956,1.0749200669072931
ID130327,130327,153,9.350757598876953,169.81793133929804,52.763965109626284,0.0,526.0,526,5.0,1,,132.659793814433,129.0,73.0,201.0,12868.0,35.46943713664452,0.20922166232984815,1.2942427672110564
ID144661,144661,153,7.777737140655518,157.94998000556552,80.33940600417807,0.0,585.0,585,5.0,1,,116.81443298969072,112.0,60.0,188.0,11331.0,36.080156681832285,0.15978633741913748,0.8921127367015169
ID166171,166171,153,9.097400665283203,172.89646133903065,129.50337841330986,0.0,676.0,676,5.0,1,,133.06185567010309,130.0,78.0,192.0,12907.0,33.395612995630906,0.21522692608269714,1.411345591969144
ID191771,191771,153,9.336618423461914,197.67551541802573,125.15635549208129,0.0,784.0,784,5.0,1,,127.87628865979381,123.0,62.0,198.0,12404.0,38.07045489723591,0.20439073919592485,1.1400548845537988
ID112925,112925,153,8.716066360473633,178.75780201620643,33.72643713569051,0.0,456.0,456,5.0,1,,120.27835051546391,112.0,59.0,203.0,11667.0,38.934438019798435,0.1851260569177799,0.9651316389629764
ID180510,180510,153,10.518085479736328,177.3250561237649,116.55121739702265,0.0,736.0,736,5.0,1,,140.23711340206185,138.0,85.0,204.0,13603.0,34.995170260776774,0.2602086345421438,1.6548708323130972
ID152863,152863,153,8.19687271118164,182.25892050982733,101.59147408097145,0.0,621.0,621,5.0,1,,126.47422680412372,123.0,70.0,180.0,12268.0,31.478528655625315,0.1933401666119811,1.3018934251670407
ID155933,155933,153,8.086089134216309,193.50004140017208,93.67723714255058,0.0,634.0,634,5.0,1,,123.73195876288659,121.0,66.0,187.0,12002.0,35.09585548415864,0.17699497317348725,1.0603332368765253
ID129312,129312,153,9.613737106323242,174.95433822962087,55.561020206859226,0.0,521.0,521,5.0,1,,135.10309278350516,129.0,65.0,195.0,13105.0,34.32882794147,0.22624185643940725,1.4522223965380856
ID138531,138531,153,8.917570114135742,164.8073975148843,73.62625150145749,0.0,561.0,561,5.0,1,,131.1443298969072,129.0,67.0,197.0,12721.0,34.137280968027234,0.2039898877263576,1.3017763792591326
ID98594,98594,153,8.503438949584961,220.45100194981075,6.0405612310713135,0.0,394.0,394,5.0,1,,129.22680412371133,122.0,81.0,190.0,12535.0,33.18336215718629,0.19928365276401117,1.2942315240392832
ID226599,226599,153,10.021416664123535,194.25005050466223,160.67798960207418,0.0,928.0,928,5.0,1,,136.41237113402062,131.0,84.0,202.0,13232.0,32.22051383866327,0.25577740484842,1.7246493283806814
ID171301,171301,153,10.449503898620605,169.6324766649919,113.86250863111577,0.0,701.0,701,5.0,1,,135.4020618556701,132.0,62.0,200.0,13134.0,39.20317264845369,0.2458083870483654,1.3629486848189134
ID103720,103720,153,7.909035682678223,217.86083159204046,32.705701200275364,0.0,416.0,416,5.0,1,,122.0618556701031,115.0,70.0,189.0,11840.0,32.598828721606225,0.1761069182716293,1.1213406866765123
ID187688,187688,153,9.364340782165527,194.58418491487583,128.82577958503583,0.0,766.0,766,5.0,1,,133.03092783505156,126.0,67.0,199.0,12904.0,35.922501539264886,0.21401959479929358,1.3057014448768705
ID216365,216365,153,7.902280330657959,191.13609174971248,151.35246585944836,0.0,886.0,886,5.0,1,,123.29896907216495,118.0,73.0,185.0,11960.0,32.076459744794946,0.17711780065295868,1.1567654135347558
ID169264,169264,153,9.737079620361328,174.98306429506715,121.96394162396328,0.0,690.0,690,5.0,1,,137.75257731958763,134.0,71.0,199.0,13362.0,34.25761196673274,0.22573393101144332,1.4810621357882208
ID128309,128309,153,9.749886512756348,182.46048982667432,51.40486398227794,0.0,518.0,518,5.0,1,,136.10309278350516,132.0,83.0,203.0,13202.0,35.18092657252958,0.22433015226199113,1.417685254547874
ID161078,161078,153,9.783587455749512,170.7633002928081,103.49298301144549,0.0,655.0,655,5.0,1,,133.8041237113402,136.0,72.0,204.0,12979.0,37.44652831462311,0.22086329811588432,1.2928390119320823
ID202039,202039,153,10.276053428649902,192.8228273461026,159.4711354681716,0.0,826.0,826,5.0,1,,138.60824742268042,139.0,68.0,204.0,13445.0,36.9237831838073,0.23734669923896484,1.4401398507048067
ID149815,149815,153,7.5029296875,164.92842672248653,91.02494623894037,0.0,607.0,607,5.0,1,,117.62886597938144,112.0,59.0,178.0,11410.0,32.26818595369544,0.1641576143959182,1.0280603361586023
ID168244,168244,153,10.051152229309082,173.5462845570592,118.84402160539132,0.0,686.0,686,5.0,1,,134.4536082474227,132.0,61.0,196.0,13042.0,37.5152803919496,0.23600372506713096,1.3686529530302274
ID141621,141621,153,7.936426162719727,170.8655404605222,70.34079342286726,0.0,573.0,573,5.0,1,,120.77319587628865,114.0,63.0,193.0,11715.0,35.21407896549782,0.1661294950400998,0.9772016360699588
ID190779,190779,153,8.027995109558105,196.46898793150586,125.83170750097072,0.0,779.0,779,5.0,1,,124.21649484536083,122.0,73.0,174.0,12049.0,30.517149141959127,0.19595510370292046,1.3338500469410788
ID196920,196920,153,9.538707733154297,195.49841263917617,143.27944989750512,0.0,805.0,805,5.0,1,,130.7835051546392,127.0,73.0,197.0,12686.0,34.35786748940109,0.232613883659613,1.4366975301602127
ID235832,235832,153,8.607197761535645,183.18481067149884,147.215644517832,0.0,971.0,971,5.0,1,,117.61855670103093,106.0,53.0,198.0,11409.0,37.578651768371394,0.1865284380948796,0.984082591027482
ID117052,117052,153,7.983364582061768,184.70136490439518,44.309781859773594,0.0,473.0,473,5.0,1,,121.68041237113403,116.0,67.0,188.0,11803.0,35.05666436634902,0.1665854387588597,0.991289631277069
ID195906,195906,153,10.775425910949707,199.36298690320655,142.18147928002824,0.0,801.0,801,5.0,1,,140.17525773195877,134.0,78.0,204.0,13597.0,37.81672092399471,0.24836302052795473,1.4749032342787185
ID220483,220483,153,8.929824829101562,207.38237118645552,158.74866853389793,0.0,903.0,903,5.0,1,,138.03092783505156,136.0,92.0,199.0,13389.0,28.337421374779698,0.21512706634134618,1.7247233180023627
ID224579,224579,153,10.462409973144531,197.6980540716887,168.4457762749298,0.0,921.0,921,5.0,1,,138.0721649484536,135.0,69.0,194.0,13393.0,35.333897624035785,0.25139509765160595,1.5700263416550926
ID228672,228672,153,10.320181846618652,211.95749068860408,157.2742206428349,0.0,938.0,938,5.0,1,,140.58762886597938,136.0,71.0,199.0,13637.0,34.35105304587947,0.24375873017169455,1.604209498579185
ID171334,171334,153,10.10756778717041,171.0125801402483,121.53304098568356,0.0,699.0,699,5.0,1,,137.8556701030928,134.0,86.0,206.0,13372.0,35.22486979237871,0.2371537319798746,1.5004154471351463
ID183622,183622,153,7.738152503967285,177.68401128299044,123.37870846764032,0.0,750.0,750,5.0,1,,119.24742268041237,113.0,56.0,182.0,11567.0,34.84340890799718,0.16561061472732316,0.9725076691370341
ID241990,241990,153,9.877036094665527,186.23984782313912,135.1215525267056,0.0,996.0,996,5.0,1,,135.06185567010309,132.0,83.0,201.0,13101.0,32.90953966082305,0.24019116447138356,1.5896784808468596
ID148804,148804,153,7.598758220672607,162.74936404389837,83.5070513012686,0.0,605.0,605,5.0,1,,119.26804123711341,116.0,61.0,180.0,11569.0,31.97574453912864,0.17585785603450255,1.1156818447610732
ID121161,121161,153,9.433388710021973,184.43151295108277,40.17785190049025,0.0,492.0,492,5.0,1,,128.56701030927834,124.0,68.0,201.0,12471.0,37.26059894415247,0.21477872690278724,1.2201235080917225
ID165194,165194,153,10.27304458618164,171.74036591499396,120.57856946694687,0.0,673.0,673,5.0,1,,141.5257731958763,139.0,74.0,206.0,13728.0,34.96280546985645,0.24322614654717983,1.5838694498436765
ID237899,237899,153,10.193028450012207,190.42599861227848,144.25824719407873,0.0,980.0,980,5.0,1,,137.63917525773195,133.0,73.0,197.0,13351.0,36.01133663139125,0.24009055469603452,1.4799753816742285
ID239944,239944,153,10.189509391784668,181.79391774891562,137.85812627315588,0.0,987.0,987,5.0,1,,135.05154639175257,129.0,76.0,199.0,13100.0,34.63872205050435,0.24540396345519072,1.5365228574309484
ID212302,212302,153,9.269259452819824,177.63822073760403,166.05451734970745,0.0,869.0,869,5.0,1,,123.87628865979381,119.0,62.0,187.0,12016.0,34.882617964861446,0.22641079373482,1.3112040215667038
ID108878,108878,153,8.779035568237305,183.1101716777344,46.34370052806883,0.0,436.0,436,5.0,1,,129.38144329896906,121.0,75.0,195.0,12550.0,34.299065614996806,0.19300492060437682,1.2205226536622389
ID172370,172370,153,10.48418140411377,170.95367896162614,118.51049062938448,0.0,700.0,700,5.0,1,,141.55670103092783,136.0,80.0,201.0,13731.0,34.21347476755471,0.2551969608465969,1.6823907178465562
ID158033,158033,153,9.356608390808105,184.42135814581172,97.21345379823802,0.0,644.0,644,5.0,1,,135.03092783505156,130.0,79.0,196.0,13098.0,33.0584878183877,0.22100386100386107,1.4786421681550557
ID186711,186711,153,10.237144470214844,194.50166372474916,129.0942461746939,0.0,765.0,765,5.0,1,,134.58762886597938,130.0,69.0,208.0,13055.0,39.583443660544376,0.23170284571256172,1.2792251417766005
ID137556,137556,153,8.400835037231445,164.54195664555365,60.42774624688652,0.0,556.0,556,5.0,1,,126.35051546391753,124.0,69.0,188.0,12256.0,36.262940574456024,0.1789560130522597,1.0577735159598292
ID116057,116057,153,8.293130874633789,185.94310124649002,37.634671060061144,0.0,468.0,468,5.0,1,,125.90721649484536,118.0,76.0,194.0,12213.0,33.75187725465146,0.18147951153050013,1.1459986140242404
ID133466,133466,153,10.123720169067383,167.16082497545452,53.07269541487327,0.0,539.0,539,5.0,1,,135.20618556701032,132.0,70.0,196.0,13115.0,35.35473157405582,0.2406943160935648,1.4838160148496302
ID230746,230746,153,7.882303714752197,204.716817587201,151.98494279498198,0.0,947.0,947,5.0,1,,126.34020618556701,123.0,73.0,178.0,12255.0,30.174108174454986,0.18115787881833864,1.28435893004631
ID111964,111964,153,8.900132179260254,175.8884058360553,33.18514868329904,0.0,452.0,452,5.0,1,,125.45360824742268,119.0,68.0,192.0,12169.0,35.11351253985562,0.20155196698293776,1.1986250751148777
ID154975,154975,153,8.190763473510742,186.9504386114196,92.21396040290959,0.0,630.0,630,5.0,1,,122.82474226804123,116.0,74.0,189.0,11914.0,33.98284196635069,0.17489426988496126,1.0760512501480144
ID146780,146780,153,8.025569915771484,152.84311657281094,81.60048046916481,0.0,596.0,596,5.0,1,,123.57731958762886,119.0,61.0,187.0,11987.0,33.32473901233961,0.1817833012000237,1.1408226807422028
ID208221,208221,153,10.23475170135498,185.32393238971017,155.6178307314975,0.0,852.0,852,5.0,1,,140.5979381443299,134.0,92.0,202.0,13638.0,34.57951579144992,0.2423783747036379,1.5864632837844719
ID205152,205152,153,10.282109260559082,204.42350217859328,161.00654928610533,0.0,837.0,837,5.0,1,,140.15463917525773,133.0,93.0,204.0,13595.0,33.600080668983516,0.2460991640424537,1.647611016212763
ID127333,127333,153,7.562655925750732,179.7743064186944,56.58239756847117,0.0,513.0,513,5.0,1,,121.21649484536083,114.0,67.0,183.0,11758.0,30.89539704258943,0.18081560239172617,1.2015774133634463
ID179558,179558,153,10.253965377807617,176.2572769029068,119.52475458017777,0.0,733.0,733,5.0,1,,135.4020618556701,134.0,71.0,201.0,13134.0,34.79183925919698,0.25742084391480613,1.5934591694186129
ID151911,151911,153,8.340240478515625,182.9638027458518,95.55299763445093,0.0,619.0,619,5.0,1,,125.69072164948453,120.0,74.0,183.0,12192.0,32.21359729237739,0.19645682893110017,1.281339124295009
ID201062,201062,153,10.587300300598145,196.48231245222925,149.18485144552616,0.0,821.0,821,5.0,1,,139.61855670103094,137.0,77.0,205.0,13543.0,36.0171959216963,0.25206341584236974,1.5607981184493191
ID97638,97638,153,6.474923133850098,225.5007971219392,5.719222464805507,0.0,392.0,392,5.0,1,,124.17525773195877,121.0,66.0,188.0,12045.0,32.8252983958506,0.15355772854125013,1.007137412476553
ID176488,176488,153,8.919157028198242,174.1282999392614,124.62193217758686,0.0,719.0,719,5.0,1,,121.83505154639175,111.0,68.0,208.0,11818.0,37.717336976396744,0.19768609948562135,1.066336680391029
ID164206,164206,153,8.405611991882324,164.768900264641,105.85406363339125,0.0,667.0,667,5.0,1,,125.69072164948453,120.0,62.0,188.0,12192.0,33.75566644553371,0.1876823235050313,1.1768188254595335
ID232815,232815,153,8.409584999084473,205.0411700643865,142.81702517787016,0.0,957.0,957,5.0,1,,125.34020618556701,121.0,64.0,178.0,12158.0,30.787878634137456,0.20657577323510173,1.394008496153234
ID143734,143734,153,9.316994667053223,159.01640618838894,77.09081645936341,0.0,582.0,582,5.0,1,,127.83505154639175,115.0,72.0,200.0,12400.0,37.18385637958672,0.20324229480667277,1.1614125596385616
ID215415,215415,153,7.586636066436768,184.58251346574514,149.58624636587558,0.0,885.0,885,5.0,1,,118.24742268041237,116.0,60.0,190.0,11470.0,34.60612630248047,0.16396566824577793,0.9626788785409061
ID140660,140660,153,7.559798240661621,172.00509049045144,65.95308613745777,0.0,572.0,572,5.0,1,,119.68041237113403,112.0,71.0,180.0,11609.0,31.352347862558,0.16758507807106773,1.095796259217039
ID189818,189818,153,8.555533409118652,197.6015409875197,123.22041742151065,0.0,776.0,776,5.0,1,,124.88659793814433,118.0,62.0,194.0,12114.0,35.98549368862049,0.18674753406110087,1.092232017879321
ID126331,126331,153,9.893811225891113,192.4544287501234,50.57784508870911,0.0,509.0,509,5.0,1,,134.49484536082474,131.0,78.0,197.0,13046.0,34.68763099414912,0.24530933559576545,1.5275584165201463
ID211326,211326,153,10.017264366149902,175.32933845481787,164.14529474782375,0.0,865.0,865,5.0,1,,129.22680412371133,119.0,74.0,194.0,12535.0,36.344848659128886,0.24554200902220621,1.4018681216307325
ID219527,219527,153,10.732665061950684,205.02239337093343,159.9038613232681,0.0,898.0,898,5.0,1,,143.8041237113402,142.0,76.0,202.0,13949.0,34.012142187036716,0.25819648268046763,1.7352785748462167
ID160132,160132,153,10.12708568572998,171.79861383877434,103.05605190939764,0.0,651.0,651,5.0,1,,138.70103092783506,134.0,71.0,200.0,13454.0,34.95597378264241,0.23380086983003753,1.5037974023120593
ID194949,194949,153,9.0321044921875,201.57545988483378,140.19611344633242,0.0,798.0,798,5.0,1,,131.42268041237114,129.0,66.0,195.0,12748.0,34.336216015171935,0.20719462362532864,1.3138599460086116
ID120200,120200,153,8.992610931396484,184.79229840685974,41.41397631090971,0.0,483.0,483,5.0,1,,125.4020618556701,121.0,62.0,194.0,12164.0,34.86421870205135,0.21218764792346595,1.2592297630661367
ID136584,136584,153,9.03807258605957,163.86562178771368,59.30202747483681,0.0,554.0,554,5.0,1,,130.53608247422682,125.0,70.0,199.0,12662.0,34.949982670379015,0.2030836717810068,1.2609352336282902
ID115087,115087,153,9.271483421325684,181.17784770969809,39.03091159452022,0.0,464.0,464,5.0,1,,128.61855670103094,121.0,75.0,201.0,12476.0,36.34798346623724,0.20355829894793837,1.1969471825840274
ID207250,207250,153,10.272554397583008,189.11012469442772,149.71864328251013,0.0,848.0,848,5.0,1,,141.56701030927834,137.0,82.0,202.0,13732.0,33.228660826817,0.2447501452702771,1.6754057050740152
ID107922,107922,153,8.320687294006348,182.52485118122806,45.76721146059875,0.0,437.0,437,5.0,1,,130.2680412371134,130.0,68.0,179.0,12636.0,32.12038406004742,0.1913505880415975,1.302798850967626
ID218519,218519,153,9.850444793701172,197.62744371377946,149.1398297695525,0.0,895.0,895,5.0,1,,138.60824742268042,137.0,82.0,198.0,13445.0,33.23701397445541,0.23158291760867303,1.5683389662850251
ID223639,223639,153,10.503557205200195,197.8405182267185,177.54084338053096,0.0,916.0,916,5.0,1,,142.5463917525773,143.0,84.0,198.0,13827.0,32.385703063027634,0.26269347115513214,1.8314043394482606
ID110999,110999,153,9.91653823852539,174.33870271292844,38.00552313330536,0.0,448.0,448,5.0,1,,133.61855670103094,128.0,78.0,200.0,12961.0,35.25219948781241,0.23766269374177484,1.4556912374446922
ID185748,185748,153,8.633726119995117,189.34714382921803,128.63523093340916,0.0,761.0,761,5.0,1,,128.36082474226805,122.0,76.0,191.0,12451.0,31.32763209446332,0.21089361096807469,1.4272247221272385
ID175515,175515,153,10.855202674865723,172.03191485397673,122.42241719202282,0.0,715.0,715,5.0,1,,137.5979381443299,134.0,75.0,201.0,13347.0,37.88405001718358,0.2618211199883166,1.507274683190237
ID200089,200089,153,9.772144317626953,198.56247079891477,146.77554817545172,0.0,818.0,818,5.0,1,,135.81443298969072,133.0,69.0,195.0,13174.0,34.34243302658631,0.23515287528326023,1.5058247818667847
ID234905,234905,153,6.365508079528809,188.14283991858557,147.87377588764497,0.0,966.0,966,5.0,1,,111.38144329896907,106.0,69.0,164.0,10804.0,27.97895164932362,0.14587703874490918,1.0135853406770923
ID163225,163225,153,8.1509370803833,168.23593639489243,102.51635858923734,0.0,665.0,665,5.0,1,,124.57731958762886,121.0,78.0,196.0,12084.0,32.01589288005594,0.18964838921433533,1.240606057160683
ID204191,204191,153,10.291851043701172,198.71654743359454,162.8611487948981,0.0,835.0,835,5.0,1,,141.44329896907217,140.0,86.0,199.0,13720.0,34.58744023972819,0.24311495473078512,1.5995371614824168
ID182685,182685,153,8.644560813903809,183.36933371873778,121.76546411259437,0.0,746.0,746,5.0,1,,126.28865979381443,119.0,80.0,192.0,12250.0,33.571118155742205,0.19814304251327566,1.244224362251453
ID101793,101793,153,7.104522705078125,223.73793277795096,22.04450968066772,0.0,406.0,406,5.0,1,,112.36082474226804,105.0,62.0,191.0,10899.0,33.72998961329094,0.14912699132390886,0.8646033954527752
ID106913,106913,153,8.05262565612793,194.15128197258414,32.07742530543627,0.0,430.0,430,5.0,1,,125.62886597938144,119.0,73.0,197.0,12186.0,31.365227424792167,0.18042983236104182,1.224444664858699
ID132512,132512,153,9.106366157531738,173.6670970649192,52.49524895931449,0.0,536.0,536,5.0,1,,129.38144329896906,125.0,66.0,193.0,12550.0,36.78667198042233,0.20139599685881057,1.1791692376731135
ID154022,154022,153,9.776606559753418,192.4526596356305,101.06212706007018,0.0,624.0,624,5.0,1,,137.4536082474227,136.0,82.0,193.0,13333.0,33.76728588767435,0.23242614958658944,1.535373599899638
ID145835,145835,153,9.192134857177734,149.44117125694802,81.6082924021009,0.0,591.0,591,5.0,1,,132.91752577319588,134.0,76.0,201.0,12893.0,34.75769402325812,0.21384013345017425,1.3473766368486944
ID227753,227753,153,9.973785400390625,206.5977619484212,156.71217277517445,0.0,934.0,934,5.0,1,,136.659793814433,135.0,71.0,198.0,13256.0,36.183815039190904,0.23127641618477077,1.4188359695195065
ID236968,236968,153,6.6224870681762695,178.36777841446417,140.57520535142635,0.0,974.0,974,5.0,1,,121.55670103092784,116.0,74.0,165.0,11791.0,23.06511122171543,0.17013276613771036,1.5325200675281339
ID239023,239023,153,10.790142059326172,191.637019242629,146.3794648289182,0.0,981.0,981,5.0,1,,139.08247422680412,134.0,69.0,206.0,13491.0,38.544527849589315,0.2506387943519752,1.4462922869056678
ID193964,193964,153,9.529895782470703,201.23766136490445,127.9082871195343,0.0,793.0,793,5.0,1,,134.39175257731958,128.0,82.0,199.0,13036.0,32.70115845967557,0.22510956174425628,1.5102835361302973
ID178608,178608,153,9.197294235229492,173.33919084997908,117.01918825894869,0.0,728.0,728,5.0,1,,130.11340206185568,124.0,81.0,199.0,12621.0,32.249314039429514,0.22646190027863855,1.4899532178354757
ID119218,119218,153,8.864990234375,183.71397624724383,35.396069259661836,0.0,479.0,479,5.0,1,,123.21649484536083,119.0,59.0,188.0,11952.0,37.05182935320798,0.19827303379151084,1.1005177625424776
ID225712,225712,153,9.24274730682373,198.63729566874332,160.65968292926405,0.0,922.0,922,5.0,1,,130.72164948453607,128.0,72.0,195.0,12680.0,32.71777749049476,0.22433619670140714,1.4641729658852563
ID199095,199095,153,10.145256996154785,192.24732480616078,140.48924158616109,0.0,815.0,815,5.0,1,,131.7422680412371,131.0,65.0,203.0,12779.0,38.431562102466486,0.24272192726526554,1.3390664984618377
ID125364,125364,153,9.56950855255127,190.54715669137514,51.2056493586702,0.0,506.0,506,5.0,1,,128.57731958762886,123.0,67.0,198.0,12472.0,36.821029728139735,0.22159995979770933,1.2668905637466992
ID214459,214459,153,9.404508590698242,187.19531441155698,157.6175970323936,0.0,878.0,878,5.0,1,,137.05154639175257,132.0,84.0,191.0,13294.0,31.59983225628626,0.22302636886198351,1.581792643937359
ID210369,210369,153,8.967899322509766,183.61357561077364,162.01346975357626,0.0,860.0,860,5.0,1,,128.16494845360825,123.0,64.0,201.0,12432.0,36.86028814217814,0.19274531546601012,1.1237679689426239
ID241094,241094,153,10.306038856506348,181.36372742543583,140.79487385477722,0.0,991.0,991,5.0,1,,135.7319587628866,134.0,86.0,198.0,13166.0,33.95386436767223,0.2564048468158298,1.631621915277322
ID139716,139716,153,9.852161407470703,169.751289584957,79.11748410543373,0.0,563.0,563,5.0,1,,134.43298969072166,131.0,63.0,207.0,13040.0,37.46662604252362,0.2181298030880932,1.285028339708032
ID157125,157125,153,9.868695259094238,186.55550578778684,95.20297544958814,0.0,640.0,640,5.0,1,,135.50515463917526,135.0,63.0,200.0,13144.0,36.897697452816594,0.22460833546265344,1.347147670665675
ID184776,184776,153,9.033682823181152,183.82012617248913,114.99522452809921,0.0,755.0,755,5.0,1,,122.81443298969072,115.0,58.0,199.0,11913.0,37.25736221901519,0.20432150154864745,1.1185075771050148
ID229833,229833,153,10.018126487731934,207.64762937025856,157.44193677560494,0.0,943.0,943,5.0,1,,136.64948453608247,136.0,67.0,197.0,13255.0,37.44524926395688,0.2275058704376147,1.3527274320516425
ID150985,150985,153,8.182536125183105,177.41235393889056,87.74669593777773,0.0,613.0,613,5.0,1,,123.14432989690722,118.0,75.0,192.0,11945.0,32.513135067077656,0.19070861493821822,1.2132502332209856
ID167369,167369,153,9.81726360321045,172.99600763007933,123.5645036913236,0.0,682.0,682,5.0,1,,137.2680412371134,132.0,78.0,199.0,13315.0,34.28329144298937,0.22851682659949182,1.4895462643871271
ID131535,131535,153,9.53499984741211,171.27784142325368,53.23895630651476,0.0,530.0,530,5.0,1,,136.16494845360825,130.0,80.0,196.0,13208.0,33.64232218388616,0.22163534619214778,1.4686110398974197
ID188877,188877,153,9.543458938598633,200.14947176239642,128.22533021109396,0.0,774.0,774,5.0,1,,135.63917525773195,133.0,76.0,201.0,13157.0,32.8405826071856,0.22516020379054866,1.5181092785263552
ID222673,222673,153,10.864013671875,206.08621363564714,176.96856472389968,0.0,912.0,912,5.0,1,,143.2680412371134,138.0,81.0,206.0,13897.0,34.58429179311925,0.25939939055473116,1.7064984759599848
ID231889,231889,153,9.526578903198242,206.1911599529463,151.44853585265963,0.0,952.0,952,5.0,1,,126.80412371134021,122.0,69.0,199.0,12300.0,37.25437311445735,0.22147248129661953,1.2343041727658917
ID135633,135633,153,9.742082595825195,166.6020290445187,56.93665795771455,0.0,546.0,546,5.0,1,,133.95876288659792,131.0,71.0,201.0,12994.0,36.028899721199856,0.22282707073707766,1.3550428562318453
ID142801,142801,153,10.274097442626953,163.2459459282357,70.11019918815413,0.0,577.0,577,5.0,1,,137.5979381443299,132.0,77.0,207.0,13347.0,36.807681431613354,0.23358237792667919,1.4157135181414928
ID100821,100821,153,8.60693359375,222.06207484811125,18.189988716205033,0.0,404.0,404,5.0,1,,125.73195876288659,119.0,66.0,196.0,12196.0,35.767919595147674,0.1832107507088434,1.0886063009593065
ID114133,114133,153,8.62734317779541,181.09589131846732,37.36490276762497,0.0,463.0,463,5.0,1,,122.09278350515464,118.0,60.0,187.0,11843.0,36.79194954805184,0.18907426628446042,1.0553357081909858
ID105943,105943,153,8.265891075134277,201.52425872971494,38.91285499902599,0.0,426.0,426,5.0,1,,118.58762886597938,109.0,55.0,196.0,11503.0,38.89562758666872,0.1715491920432957,0.8928875060151703
ID181716,181716,153,10.096052169799805,180.05914522157917,118.83748437975929,0.0,742.0,742,5.0,1,,136.84536082474227,133.0,85.0,197.0,13274.0,32.115462334554664,0.2513591532735847,1.7118220895271437
ID95702,95702,153,6.358903884887695,231.0,5.0,0.0,385.0,385,5.0,1,,128.08247422680412,133.0,59.0,185.0,12424.0,39.30772562505281,0.2969371761193844,1.4920639002458136
ID162270,162270,153,9.151491165161133,174.51868909323824,104.90654557719724,0.0,662.0,662,5.0,1,,127.65979381443299,120.0,65.0,205.0,12383.0,37.87943774825217,0.20015890521036586,1.124130613777195
ID217567,217567,153,9.220793724060059,200.39507545503048,150.64703453459182,0.0,896.0,896,5.0,1,,136.48453608247422,133.0,86.0,193.0,13239.0,30.735129670725136,0.2231380684768017,1.6202296672178063
ID110044,110044,153,6.473979473114014,171.99720519583698,39.58318401382248,0.0,441.0,441,5.0,1,,115.41237113402062,109.0,64.0,166.0,11195.0,27.550239176714204,0.14520318819840602,1.062308336353668
ID124380,124380,153,9.55593490600586,189.54243312700024,49.374235209393454,0.0,504.0,504,5.0,1,,130.5979381443299,128.0,67.0,204.0,12668.0,36.87610444498986,0.21921819039133572,1.2735512737300971
ID174559,174559,153,9.806034088134766,166.14264017373458,122.4645093296077,0.0,711.0,711,5.0,1,,137.01030927835052,136.0,78.0,197.0,13290.0,34.994789744737005,0.2298669847122975,1.4635188133013437
ID203229,203229,153,9.743209838867188,191.99759082497235,152.53792042944877,0.0,832.0,832,5.0,1,,136.48453608247422,128.0,78.0,196.0,13239.0,34.386017447158494,0.2294487468937209,1.4815176367731575
ID159203,159203,153,9.823555946350098,174.847601592101,102.83343036688045,0.0,647.0,647,5.0,1,,134.77319587628867,132.0,70.0,198.0,13073.0,35.129078990512255,0.22716283279419364,1.4203711465968976
ID206305,206305,153,8.473557472229004,194.70067216848793,153.8951662926949,0.0,844.0,844,5.0,1,,136.17525773195877,135.0,78.0,179.0,13209.0,27.49773108415733,0.20790334622214152,1.7047497528361524
ID192993,192993,153,9.37857723236084,198.45561350370622,119.36562771806283,0.0,789.0,789,5.0,1,,135.75257731958763,137.0,84.0,189.0,13168.0,33.2089442419242,0.22189352390449282,1.4846848417214527
ID221674,221674,153,10.14663314819336,208.33649545236366,163.37283878879057,0.0,908.0,908,5.0,1,,142.9278350515464,140.0,83.0,203.0,13864.0,32.3854543682681,0.2444929737623489,1.7340864727886711
ID170473,170473,153,10.324637413024902,165.69530970600454,116.7931824545551,0.0,694.0,694,5.0,1,,138.60824742268042,137.0,69.0,206.0,13445.0,37.27615320735422,0.238295378979365,1.4311308652499268
ID118253,118253,153,7.418825149536133,185.4764878272968,37.98634117691106,0.0,478.0,478,5.0,1,,116.97938144329896,108.0,72.0,176.0,11347.0,30.966709067105203,0.17849014325979096,1.1442806288233212
ID198124,198124,153,9.793964385986328,194.22630263014491,142.68782909173123,0.0,810.0,810,5.0,1,,135.44329896907217,136.0,84.0,200.0,13138.0,32.66208590506893,0.24105255551893753,1.6108873423773429
ID177650,177650,153,10.050554275512695,176.22169446581702,114.79462046647343,0.0,727.0,727,5.0,1,,132.5257731958763,128.0,80.0,204.0,12855.0,35.21159041645743,0.24769778329873185,1.4943675123908178
ID104948,104948,153,5.764859676361084,209.38849868494782,37.970063611459985,0.0,420.0,420,5.0,1,,110.02061855670104,104.0,66.0,169.0,10672.0,26.176476152837466,0.13067696417890512,0.9715236752804257
ID123387,123387,153,9.671772003173828,186.13928337093378,38.33194293055287,0.0,496.0,496,5.0,1,,130.4020618556701,123.0,71.0,202.0,12649.0,37.68306974895314,0.21629843898059942,1.230782791979336
ID147961,147961,153,9.81103801727295,159.3951785302257,87.61427657217301,0.0,602.0,602,5.0,1,,136.8556701030928,137.0,87.0,193.0,13275.0,33.508391265821274,0.2378373874070565,1.5694798449963572
ID99837,99837,153,7.229714393615723,218.49749733650307,7.276605288995951,0.0,401.0,401,5.0,1,,115.3917525773196,108.0,59.0,190.0,11193.0,32.6699265064699,0.1627249571060369,0.9886299863219374
ID209405,209405,153,10.396565437316895,183.40287268638934,162.2227706523223,0.0,858.0,858,5.0,1,,140.8762886597938,136.0,80.0,205.0,13665.0,36.53059725877028,0.23725843110393002,1.4790142452830908
ID153090,153090,153,9.457564353942871,191.66109262037872,100.13921862556411,0.0,625.0,625,5.0,1,,132.84536082474227,129.0,73.0,192.0,12886.0,35.37222904523923,0.21532091060878342,1.3307889843424032
ID233987,233987,153,5.812358856201172,198.00337940049968,148.5275223178647,0.0,963.0,963,5.0,1,,104.57731958762886,96.0,55.0,167.0,10144.0,28.77130915061999,0.13219330718777864,0.8487831763884884
ID173568,173568,153,9.399641036987305,171.7855914317891,115.72042843507091,0.0,707.0,707,5.0,1,,131.69072164948454,126.0,70.0,195.0,12774.0,35.175856073668825,0.21532522354920003,1.3266088577565747
ID130562,130562,153,8.429197311401367,171.77239786317145,49.080880429290914,0.0,528.0,528,5.0,1,,125.1340206185567,119.0,60.0,189.0,12138.0,34.486298265271046,0.18875497311675693,1.1522981656316273
ID144897,144897,153,9.432357788085938,156.60570796086512,78.38715453654139,0.0,588.0,588,5.0,1,,128.38144329896906,124.0,61.0,202.0,12453.0,40.082062514236824,0.20164465328359069,1.074961328755526
ID213508,213508,153,10.879274368286133,180.09627466519336,166.54154266815274,0.0,874.0,874,5.0,1,,141.76288659793815,140.0,75.0,203.0,13751.0,35.87936187068303,0.26533002368587355,1.657030170148593
ID122377,122377,153,9.646411895751953,183.4978582096567,38.61882930685837,0.0,495.0,495,5.0,1,,132.51546391752578,126.0,81.0,199.0,12854.0,35.42542442760974,0.23120317143988572,1.4049004652720665
ID226826,226826,153,11.12140941619873,193.37165526716612,163.67520062980435,0.0,930.0,930,5.0,1,,141.2680412371134,137.0,73.0,206.0,13703.0,35.76995814224951,0.28227941293287234,1.7388095749897314
ID113162,113162,153,8.76358699798584,180.01161021562575,30.780804686340144,0.0,455.0,455,5.0,1,,123.81443298969072,115.0,62.0,196.0,12010.0,35.923915518572954,0.19452482856456274,1.122528723203705
ID134669,134669,153,9.861761093139648,166.0508299990854,53.969822574709575,0.0,545.0,545,5.0,1,,131.8556701030928,129.0,64.0,200.0,12790.0,36.649519576979,0.22892497567404588,1.3403811942562982
ID192013,192013,153,7.267229080200195,198.83246812359872,122.38406142247061,0.0,785.0,785,5.0,1,,116.80412371134021,110.0,66.0,183.0,11330.0,33.29434360595209,0.1506631080606368,0.9187057766600398
ID156178,156178,153,9.670989036560059,187.94575180940805,95.67861808529264,0.0,635.0,635,5.0,1,,136.4020618556701,131.0,75.0,201.0,13231.0,33.207259432807774,0.2281300334592725,1.526005180219924
ID166416,166416,153,9.28964900970459,173.27056694398618,131.35752605829836,0.0,678.0,678,5.0,1,,136.43298969072166,137.0,78.0,200.0,13234.0,31.3713999317368,0.22228404403819338,1.5818002481930384
ID180753,180753,153,9.570748329162598,177.46633176350443,117.64405248166594,0.0,738.0,738,5.0,1,,134.38144329896906,128.0,78.0,190.0,13035.0,32.44753563413595,0.24156534657336096,1.6115828224917699
ID129557,129557,153,9.50692367553711,173.16797557751636,52.89296247221218,0.0,525.0,525,5.0,1,,135.97938144329896,130.0,84.0,192.0,13190.0,33.09738766801294,0.22039398730899626,1.483914993356832
ID236059,236059,153,7.538815021514893,187.22290689536416,147.60891126084852,0.0,969.0,969,5.0,1,,111.11340206185567,103.0,61.0,187.0,10778.0,35.056762391114766,0.16758794894068368,0.9098667981813485
ID94744,94744,153,6.911046981811523,231.0,3.0,0.0,380.0,380,5.0,1,,130.49484536082474,134.0,37.0,197.0,12658.0,38.15650985069592,0.3548814319388895,1.7915820202137536
ID202265,202265,153,10.39068603515625,190.66458998863135,157.21876205635152,0.0,827.0,827,5.0,1,,139.02061855670104,138.0,71.0,207.0,13485.0,37.114681332954156,0.24064533138527372,1.4530925332237632
ID138777,138777,153,9.23409366607666,170.13562761835024,81.05534129789517,0.0,564.0,564,5.0,1,,132.29896907216494,126.0,75.0,202.0,12833.0,34.280450256078176,0.208371923068815,1.3310013999314405
ID187932,187932,153,9.953907012939453,200.61473329144724,130.99283381901395,0.0,768.0,768,5.0,1,,137.48453608247422,136.0,78.0,199.0,13336.0,36.2911012399682,0.22740033129748102,1.403746085562419
ID197149,197149,153,10.280882835388184,195.38191458888502,145.43250334404522,0.0,807.0,807,5.0,1,,132.97938144329896,132.0,64.0,202.0,12899.0,38.25026671514944,0.25006762141841526,1.3909252564568952
ID98848,98848,153,8.487462043762207,219.72258895479513,6.496627095222778,0.0,395.0,395,5.0,1,,124.47422680412372,118.0,59.0,197.0,12074.0,35.87945465476063,0.1993829306642095,1.1534365548063499
ID150051,150051,153,7.753102779388428,166.43254398418733,87.44910699601326,0.0,609.0,609,5.0,1,,121.04123711340206,117.0,71.0,178.0,11741.0,32.20407502869177,0.17724627853358085,1.1317807916805471
ID169507,169507,153,9.715371131896973,169.05625443353378,120.0594696746155,0.0,693.0,693,5.0,1,,135.4742268041237,131.0,76.0,200.0,13141.0,34.66358944180032,0.22414902704360812,1.4312506957455913
ID103971,103971,153,6.111552715301514,209.8209818304667,33.67575913705956,0.0,419.0,419,5.0,1,,106.73195876288659,99.0,58.0,172.0,10353.0,31.918684269535323,0.12008115792956044,0.7169764155772522
ID228900,228900,153,10.03225326538086,213.89377438462625,151.85996819604784,0.0,939.0,939,5.0,1,,140.08247422680412,137.0,87.0,201.0,13588.0,32.99737050858901,0.23578917648080877,1.6199960097198707
ID161322,161322,153,9.738301277160645,167.2333061733544,101.83752353659672,0.0,657.0,657,5.0,1,,136.96907216494844,131.0,89.0,196.0,13286.0,32.4337316720081,0.2310234754249801,1.5850587651244563
ID191018,191018,153,9.02602767944336,194.06190056921156,123.63457546527661,0.0,783.0,783,5.0,1,,130.4742268041237,126.0,74.0,189.0,12656.0,33.59690362205557,0.2120500027515664,1.3588553217673702
ID242219,242219,153,10.376035690307617,188.02378722272343,138.5080816968855,0.0,997.0,997,5.0,1,,138.89690721649484,135.0,82.0,195.0,13473.0,33.72205155633899,0.25808225211093583,1.6898870864987046
ID240170,240170,153,10.716832160949707,181.2332764766372,137.47513380677142,0.0,988.0,988,5.0,1,,138.2577319587629,137.0,79.0,210.0,13411.0,36.43209389584599,0.2586160346122666,1.559543451269447
ID216616,216616,153,8.701272964477539,189.4206312593159,151.60807397193557,0.0,888.0,888,5.0,1,,132.81443298969072,130.0,83.0,194.0,12883.0,29.68175993522342,0.21429783540435304,1.5793492679617533
ID224808,224808,153,11.121776580810547,196.4055885530062,169.45756381182835,0.0,920.0,920,5.0,1,,139.46391752577318,138.0,75.0,213.0,13528.0,39.06646629348237,0.2642016360156369,1.4921307521600324
ID220719,220719,153,10.028101921081543,206.37202023381244,159.04255844146476,0.0,904.0,904,5.0,1,,138.24742268041237,133.0,87.0,203.0,13410.0,34.4858156009573,0.23342106107611515,1.5173131322988072
ID183855,183855,153,8.135565757751465,177.40504903549106,123.56286898295082,0.0,749.0,749,5.0,1,,126.16494845360825,119.0,73.0,190.0,12238.0,32.778829681026316,0.1875764801644467,1.2158837685453037
ID141869,141869,153,8.261719703674316,167.7802864807228,71.55114010373288,0.0,574.0,574,5.0,1,,128.27835051546393,124.0,79.0,186.0,12443.0,31.915168242036984,0.1895997191812879,1.2812180873955992
ID158259,158259,153,10.158965110778809,187.69892314121134,95.89209732404413,0.0,643.0,643,5.0,1,,136.56701030927834,130.0,67.0,207.0,13247.0,37.909406049294795,0.23062385718618658,1.350229893546569
ID128562,128562,153,8.824892044067383,168.93951920918425,56.157595283333,0.0,523.0,523,5.0,1,,127.0721649484536,121.0,65.0,195.0,12326.0,36.294870913659075,0.19061419008598818,1.1210354401600127
ID172593,172593,153,10.458956718444824,174.21740952229493,110.99945617130538,0.0,705.0,705,5.0,1,,137.56701030927834,131.0,80.0,204.0,13344.0,36.25284678950941,0.24362835522114168,1.4867549622920673
ID117301,117301,153,8.79559326171875,182.74018122442064,43.66225687894734,0.0,472.0,472,5.0,1,,127.63917525773196,119.0,73.0,193.0,12381.0,36.27619328585505,0.1952382221716318,1.1494832553593395
ID109111,109111,153,7.639978885650635,173.6410363489179,42.293935460464745,0.0,442.0,442,5.0,1,,115.77319587628865,111.0,54.0,185.0,11230.0,37.346213873987935,0.15166815744536338,0.8165043244519886
ID165428,165428,153,9.726859092712402,170.40291790137746,121.76952894840397,0.0,674.0,674,5.0,1,,137.44329896907217,136.0,90.0,196.0,13332.0,32.94565255594081,0.23142247311134953,1.568028339757519
ID212532,212532,153,9.57753849029541,178.52759219900406,163.4639018578345,0.0,871.0,871,5.0,1,,128.4020618556701,125.0,66.0,198.0,12455.0,37.593400294526,0.21917781450960905,1.228060959293614
ID230969,230969,153,10.817138671875,206.76477044595566,152.68626909324632,0.0,949.0,949,5.0,1,,139.96907216494844,133.0,73.0,209.0,13577.0,38.574455496331865,0.24731965703676578,1.4389415192927997
ID238136,238136,153,10.205559730529785,184.50487685618018,146.3872102045058,0.0,978.0,978,5.0,1,,132.5257731958763,133.0,52.0,196.0,12855.0,39.06087470845591,0.24363475299872553,1.3293359996359433
ID93757,93757,153,7.706324100494385,231.0,0.0,0.0,377.0,377,5.0,1,,115.45360824742268,114.0,34.0,188.0,11199.0,43.35464715060273,0.44244460827614973,1.6336597626950409
ID205375,205375,153,9.490323066711426,193.65302283813332,159.18507207835248,0.0,840.0,840,5.0,1,,131.90721649484536,128.0,64.0,196.0,12795.0,35.997998345459784,0.2183926097555689,1.3136234147234152
ID121408,121408,153,8.831831932067871,185.47578763344075,40.5086753448658,0.0,494.0,494,5.0,1,,130.2680412371134,124.0,81.0,200.0,12636.0,33.24013496008926,0.20625151718778967,1.3401838481362904
ID196163,196163,153,9.608665466308594,198.60371813552302,144.26507370446387,0.0,802.0,802,5.0,1,,134.77319587628867,133.0,71.0,187.0,13073.0,33.875232211577774,0.2305493080898841,1.4907885354458812
ID208454,208454,153,10.079753875732422,189.56267776815636,156.8207761067285,0.0,853.0,853,5.0,1,,138.61855670103094,136.0,75.0,206.0,13446.0,35.921918592903545,0.23489332143284894,1.4680237138903751
ID112200,112200,153,8.980756759643555,182.64465766199987,30.016719545881784,0.0,454.0,454,5.0,1,,126.73195876288659,122.0,60.0,190.0,12293.0,37.202574805582316,0.19680278526619174,1.1203450345770778
ID176719,176719,153,9.891414642333984,175.92383120436403,120.92078387093576,0.0,721.0,721,5.0,1,,132.95876288659792,127.0,80.0,198.0,12897.0,33.95705545420974,0.24001184620950886,1.5157367512579132
ID155213,155213,153,7.424997329711914,187.20343005735515,91.84414818013026,0.0,631.0,631,5.0,1,,117.05154639175258,110.0,63.0,194.0,11354.0,32.22556281316789,0.15880174174123854,0.9955263566385952
ID137810,137810,153,9.325995445251465,167.30456317453456,63.67444012180238,0.0,557.0,557,5.0,1,,134.0,128.0,88.0,199.0,12998.0,33.46608980246522,0.21807852115661833,1.4337301897769852
ID179794,179794,153,11.006035804748535,176.58332247384158,120.82721945104961,0.0,734.0,734,5.0,1,,137.48453608247422,132.0,70.0,205.0,13336.0,38.66014135009883,0.2645975642139972,1.4881746816224124
ID201298,201298,153,9.833012580871582,196.74009836036626,150.58783527717162,0.0,822.0,822,5.0,1,,139.10309278350516,139.0,76.0,201.0,13493.0,32.09604224565782,0.2420409577813293,1.6891501035255279
ID147024,147024,153,9.13528823852539,149.55071661103767,83.42771212474408,0.0,593.0,593,5.0,1,,125.31958762886597,122.0,48.0,199.0,12156.0,41.149257382867944,0.1898908106745851,0.9720392213719742
ID133713,133713,153,8.993449211120605,165.56395176189864,55.150008805475736,0.0,541.0,541,5.0,1,,127.70103092783505,127.0,64.0,194.0,12387.0,36.74891295117155,0.1984224955926228,1.1506966717503773
ID186967,186967,153,8.73011589050293,200.8679977144555,127.83529006167949,0.0,763.0,763,5.0,1,,128.23711340206185,125.0,70.0,201.0,12439.0,33.87531463441714,0.19523605328713467,1.2367067368108926
ID116311,116311,153,7.853583335876465,180.7740921401245,42.09432088569538,0.0,470.0,470,5.0,1,,116.75257731958763,111.0,61.0,179.0,11325.0,33.284765949753904,0.1750299458226448,1.0449954227817981
ID127575,127575,153,9.47429370880127,181.95360216633208,50.02373704248868,0.0,517.0,517,5.0,1,,135.09278350515464,126.0,81.0,203.0,13104.0,35.614861854003095,0.2114147577220157,1.3239552968360606
ID97878,97878,153,7.293111324310303,219.69944677874375,4.220922711201142,0.0,397.0,397,5.0,1,,126.37113402061856,123.0,65.0,194.0,12258.0,34.071407730563,0.19718569832133498,1.221804424295733
ID168537,168537,153,10.228483200073242,174.7761719124148,117.48166190599862,0.0,687.0,687,5.0,1,,134.22680412371133,130.0,61.0,205.0,13020.0,39.33470296555341,0.23382953693203815,1.2934140598343482
ID233054,233054,153,8.903961181640625,205.30282059864948,142.6921140778425,0.0,956.0,956,5.0,1,,126.38144329896907,120.0,80.0,186.0,12259.0,32.93505076250107,0.21509225314021277,1.3585339193835433
ID152157,152157,153,9.341785430908203,182.1272005117877,99.79495164031316,0.0,617.0,617,5.0,1,,132.53608247422682,125.0,83.0,195.0,12856.0,33.2772638397419,0.21849954864270105,1.4283731787520637
ID215644,215644,153,9.0067720413208,186.66772742572206,149.5113041084369,0.0,882.0,882,5.0,1,,130.08247422680412,129.0,73.0,198.0,12618.0,33.72056435591046,0.2114339552683265,1.3465700221745227
ID143970,143970,153,7.461045265197754,157.82471134273575,77.25091112367855,0.0,583.0,583,5.0,1,,115.44329896907216,108.0,64.0,186.0,11198.0,34.50482124288483,0.15402812984519967,0.8931051426265528
ID190051,190051,153,8.754514694213867,196.98532262999117,123.23355772660338,0.0,777.0,777,5.0,1,,125.78350515463917,118.0,69.0,193.0,12201.0,36.04286418168295,0.1884990087263701,1.1069924020274462
ID195171,195171,153,8.380477905273438,200.3594393184372,134.71065943207293,0.0,797.0,797,5.0,1,,128.659793814433,127.0,76.0,183.0,12480.0,31.319884058805904,0.1952623919077923,1.342171618743772
ID140897,140897,153,8.612082481384277,171.01008290151688,73.19395882826356,0.0,570.0,570,5.0,1,,127.21649484536083,119.0,74.0,199.0,12340.0,33.93229373943418,0.19016313856260358,1.1980640719933195
ID211558,211558,153,10.599994659423828,175.4675439834977,162.86807715472315,0.0,866.0,866,5.0,1,,131.63917525773195,126.0,72.0,198.0,12769.0,36.30948727232845,0.27700244609175734,1.5728485528625589
ID103014,103014,153,8.09787368774414,217.0577772278661,34.64491595208596,0.0,417.0,417,5.0,1,,123.01030927835052,115.0,69.0,195.0,11932.0,34.41278070637445,0.17428589107570172,1.0610604511500699
ID164458,164458,153,9.101269721984863,167.1563480745256,108.1220051668073,0.0,668.0,668,5.0,1,,133.38144329896906,129.0,77.0,192.0,12938.0,32.0885634153643,0.21113654165724294,1.4492570772133864
ID120427,120427,153,10.197429656982422,183.6621027693303,38.92840373109802,0.0,487.0,487,5.0,1,,128.08247422680412,120.0,70.0,196.0,12424.0,37.07977607557026,0.24967375406329603,1.3802534580540924
ID160364,160364,153,9.393594741821289,175.31242784422972,101.88672864725432,0.0,653.0,653,5.0,1,,134.8659793814433,128.0,84.0,192.0,13082.0,33.194386092248145,0.22122656781607083,1.4720033653392521
ID136819,136819,153,8.259475708007812,166.25598073537077,59.43108590932484,0.0,553.0,553,5.0,1,,128.31958762886597,126.0,75.0,185.0,12447.0,30.559213828699495,0.19481834050859176,1.3693319228177236
ID108148,108148,153,8.339420318603516,182.30675218113572,39.77138371032939,0.0,434.0,434,5.0,1,,126.8659793814433,121.0,76.0,190.0,12306.0,32.35919139968174,0.18995654576441623,1.2517012116481439
ID149109,149109,153,8.41030502319336,162.17969401905583,83.0688630891162,0.0,604.0,604,5.0,1,,128.340206185567,122.0,75.0,186.0,12449.0,31.25496180540051,0.19456362933615046,1.3375995899886544
ID219764,219764,153,9.85800552368164,204.41850454510882,160.1501677906046,0.0,901.0,901,5.0,1,,138.7319587628866,134.0,86.0,199.0,13457.0,31.738684159318076,0.23813856052259993,1.6814272089294504
ID126586,126586,153,8.714618682861328,189.2906628625591,54.943136884178735,0.0,511.0,511,5.0,1,,127.14432989690722,119.0,73.0,198.0,12333.0,33.30790374505779,0.20306009687831683,1.28859653337568
ID204414,204414,153,10.16762638092041,201.03390953089695,162.20395615263507,0.0,836.0,836,5.0,1,,138.27835051546393,132.0,81.0,197.0,13413.0,34.75621715008974,0.2374604459793287,1.5269036633765625
ID185981,185981,153,7.712789535522461,188.45528266017874,125.98598803199496,0.0,760.0,760,5.0,1,,118.9278350515464,113.0,71.0,186.0,11536.0,32.35939051711535,0.17540463311186172,1.096899498520439
ID207491,207491,153,10.542941093444824,188.21200506555886,150.9166306234358,0.0,849.0,849,5.0,1,,144.28865979381445,137.0,92.0,204.0,13996.0,32.01300476723178,0.2535581381747697,1.8233449115592246
ID223875,223875,153,10.465088844299316,196.16410893956976,177.44883226337225,0.0,917.0,917,5.0,1,,140.9278350515464,143.0,75.0,196.0,13670.0,33.703130239971905,0.2555306616402854,1.7020496852156284
ID225923,225923,153,9.405427932739258,195.6001431246352,157.22453873703057,0.0,926.0,926,5.0,1,,128.63917525773195,123.0,67.0,193.0,12478.0,35.17402733996656,0.22441056021265415,1.3405943020146387
ID235137,235137,153,7.110869884490967,193.58702743782297,146.11187690517673,0.0,965.0,965,5.0,1,,114.12371134020619,108.0,52.0,178.0,11070.0,31.239084004109458,0.1628638947215349,1.0233012887986896
ID115330,115330,153,7.88478946685791,185.3235941972806,40.32724857723341,0.0,465.0,465,5.0,1,,125.91752577319588,121.0,73.0,193.0,12214.0,31.69143880947082,0.17358873920539059,1.1753841644546235
ID111238,111238,153,10.236883163452148,178.46554473651005,36.943651362871876,0.0,450.0,450,5.0,1,,135.8659793814433,132.0,73.0,201.0,13179.0,37.863963976863765,0.23583523722398841,1.3695022893872837
ID200329,200329,153,9.822102546691895,197.90907731920427,148.7522888486372,0.0,819.0,819,5.0,1,,137.50515463917526,133.0,84.0,200.0,13338.0,31.09365011251634,0.24188736038866743,1.722694374506734
ID227983,227983,153,10.210952758789062,213.21080626324616,155.44010062352106,0.0,937.0,937,5.0,1,,141.58762886597938,140.0,79.0,196.0,13734.0,33.01002138786783,0.244532807214189,1.6855447325580604
ID146061,146061,153,8.201687812805176,150.6383123330957,83.44741286320328,0.0,592.0,592,5.0,1,,123.28865979381443,119.0,63.0,191.0,11959.0,36.131403343354066,0.17676289344534507,1.0251099145482607
ID237196,237196,153,10.717689514160156,182.0572446525543,147.83055371352813,0.0,976.0,976,5.0,1,,139.75257731958763,135.0,88.0,204.0,13556.0,34.81110662317269,0.25920809052414207,1.6528104099638075
ID239244,239244,153,10.4483642578125,182.8983840837669,138.37550940482797,0.0,986.0,986,5.0,1,,136.57731958762886,132.0,70.0,199.0,13248.0,36.892533981469526,0.24389637630270172,1.4517480121618247
ID132754,132754,153,10.140707969665527,172.4520924284163,55.642102841769905,0.0,535.0,535,5.0,1,,138.06185567010309,134.0,84.0,202.0,13392.0,36.77063321937701,0.2326627521333851,1.4173763478158514
ID175762,175762,153,9.492652893066406,175.98718273287446,122.70818174859629,0.0,720.0,720,5.0,1,,131.31958762886597,124.0,76.0,191.0,12738.0,34.97247322054179,0.22152139130571688,1.361907944601049
ID107155,107155,153,9.238300323486328,191.11909278986562,35.591249108361744,0.0,431.0,431,5.0,1,,130.83505154639175,125.0,73.0,195.0,12691.0,34.97430021112262,0.21257111117211458,1.3116020821665824
ID163476,163476,153,9.077072143554688,164.84218103508647,103.92781458927904,0.0,666.0,666,5.0,1,,127.26804123711341,123.0,72.0,192.0,12345.0,35.38258619007777,0.20331396344805544,1.2154806032613565
ID218779,218779,153,10.574199676513672,195.41437012515954,149.18741480322177,0.0,894.0,894,5.0,1,,142.4742268041237,137.0,81.0,202.0,13820.0,35.330609009606526,0.24752621650529563,1.6002458271968023
ID96923,96923,153,7.15900182723999,224.9845354436521,9.263942048532648,0.0,389.0,389,5.0,1,,119.26804123711341,112.0,61.0,190.0,11569.0,32.35851107253878,0.15576838200209944,0.99351413852048
ID154264,154264,153,9.25081729888916,190.46663352221907,99.45320182410035,0.0,627.0,627,5.0,1,,132.4742268041237,133.0,71.0,193.0,12850.0,34.58024869280667,0.21427718896840559,1.3520457289284349
ID171672,171672,153,10.64731502532959,171.63176388089866,121.16467267664359,0.0,698.0,698,5.0,1,,140.17525773195877,139.0,66.0,202.0,13597.0,37.31677747934967,0.25048227180346405,1.5048620167327353
ID102045,102045,153,8.264750480651855,221.6206605087546,30.85297244690907,0.0,414.0,414,5.0,1,,124.70103092783505,121.0,65.0,193.0,12096.0,34.69484980645951,0.17864709991944752,1.0895501034696455
ID167583,167583,153,9.71216869354248,170.8276364803909,119.56217297756035,0.0,684.0,684,5.0,1,,137.35051546391753,133.0,81.0,203.0,13323.0,33.34980048575797,0.22923231075867975,1.5360625967593413
ID194215,194215,153,8.999542236328125,202.7088556939593,127.94350602049221,0.0,794.0,794,5.0,1,,125.77319587628865,122.0,62.0,197.0,12200.0,36.45416790146657,0.2028150050215392,1.16351543219173
ID241317,241317,153,10.30609130859375,181.3081063649193,140.21839364788357,0.0,993.0,993,5.0,1,,136.46391752577318,135.0,82.0,204.0,13237.0,32.12542537191469,0.26755465958673436,1.7932662135019488
ID151210,151210,153,8.513080596923828,180.27574706868012,87.6797110070543,0.0,614.0,614,5.0,1,,125.69072164948453,119.0,75.0,194.0,12192.0,34.553509477072375,0.18749391253530726,1.148674107208152
ID178858,178858,153,10.086809158325195,172.71245392265752,121.34880245566686,0.0,730.0,730,5.0,1,,133.53608247422682,130.0,69.0,202.0,12953.0,35.990757452339444,0.24026597411357742,1.4375239276376284
ID214699,214699,153,10.001136779785156,186.48076037528656,150.27500769515953,0.0,881.0,881,5.0,1,,139.24742268041237,138.0,77.0,198.0,13507.0,34.394776410523406,0.23455466348536266,1.5383615568060847
ID139945,139945,153,9.229862213134766,169.37754336180166,79.3919505359702,0.0,566.0,566,5.0,1,,134.91752577319588,134.0,73.0,198.0,13087.0,34.51801163375096,0.20842735816341101,1.3483007247163576
ID199336,199336,153,9.214614868164062,196.11933150964177,144.56240171580632,0.0,816.0,816,5.0,1,,130.7319587628866,124.0,76.0,195.0,12681.0,31.50612224364679,0.2317991546872956,1.5616681620201467
ID125613,125613,153,9.620427131652832,192.11993584914103,50.276714590410094,0.0,507.0,507,5.0,1,,131.61855670103094,126.0,74.0,197.0,12767.0,35.42434523594176,0.22493747873220787,1.364561733824724
ID157357,157357,153,9.963565826416016,187.20447350066442,94.92526178130082,0.0,639.0,639,5.0,1,,137.90721649484536,131.0,88.0,205.0,13377.0,33.27006990594386,0.2366883990479147,1.5866457046529958
ID230067,230067,153,9.461776733398438,205.35458668594873,160.32664756017735,0.0,944.0,944,5.0,1,,134.15463917525773,128.0,68.0,191.0,13013.0,34.07966775506377,0.2204478355455182,1.4220895877306172
ID210610,210610,153,7.621859073638916,176.63041170765842,161.50413951727955,0.0,863.0,863,5.0,1,,119.45360824742268,117.0,63.0,197.0,11587.0,34.41536134083051,0.16570729271854318,0.9867997780891613
ID119479,119479,153,8.595949172973633,181.60592378479228,41.39967516678837,0.0,481.0,481,5.0,1,,125.19587628865979,120.0,68.0,191.0,12144.0,32.89017050960975,0.2017908374393513,1.2782813394582115
ID185012,185012,153,10.366435050964355,185.25167335297544,121.15123338013449,0.0,756.0,756,5.0,1,,137.70103092783506,135.0,84.0,203.0,13357.0,35.30615059390432,0.24555591181988193,1.5378146186035542
ID232122,232122,153,9.103842735290527,205.43835793678284,146.70282054314208,0.0,953.0,953,5.0,1,,125.4020618556701,118.0,75.0,186.0,12164.0,35.44763150110033,0.216575677159351,1.2595575112261193
ID135864,135864,153,9.239192962646484,166.85926526882503,55.239073163110696,0.0,547.0,547,5.0,1,,127.5979381443299,121.0,67.0,202.0,12377.0,37.93515843784586,0.19933709955564993,1.118094771975939
ID189112,189112,153,9.16480827331543,198.78646915077132,127.98746301005816,0.0,772.0,772,5.0,1,,133.75257731958763,133.0,74.0,196.0,12974.0,33.39973519350959,0.21318165387551619,1.4073856690937392
ID143042,143042,153,8.804546356201172,160.78801745706312,74.36975874964298,0.0,581.0,581,5.0,1,,123.6082474226804,120.0,67.0,192.0,11990.0,37.938699651826205,0.18868988937369718,1.0343679709908138
ID159424,159424,153,9.090744018554688,172.80270929549934,99.27558819615618,0.0,650.0,650,5.0,1,,130.9278350515464,127.0,67.0,189.0,12700.0,34.87723930166838,0.20677746875979472,1.2864588613486612
ID203456,203456,153,9.562889099121094,191.63368476896702,151.88858414923814,0.0,831.0,831,5.0,1,,133.06185567010309,131.0,73.0,197.0,12907.0,35.48057403736048,0.21975766532439853,1.3513361981636902
ID106180,106180,153,8.936351776123047,197.73562593035152,30.2475745276733,0.0,428.0,428,5.0,1,,127.6701030927835,121.0,54.0,192.0,12384.0,36.511904921969325,0.19874697099778918,1.15946517410513
ID174794,174794,153,10.376018524169922,165.9471699602202,122.36779896187262,0.0,712.0,712,5.0,1,,139.61855670103094,138.0,76.0,199.0,13543.0,36.48985112870686,0.23943469584876648,1.4783064851767798
ID222921,222921,153,10.048370361328125,201.3277658771398,175.62994352798486,0.0,913.0,913,5.0,1,,142.05154639175257,138.0,94.0,194.0,13779.0,31.085691756156283,0.24737647997875983,1.8124927574344152
ID110282,110282,153,9.802257537841797,175.07542908802947,38.623787094343946,0.0,447.0,447,5.0,1,,134.1237113402062,131.0,79.0,199.0,13010.0,34.698780517704186,0.23057375870317323,1.4485169303299845
ID124618,124618,153,8.728958129882812,193.4147349416802,43.93878250186337,0.0,502.0,502,5.0,1,,132.0,126.0,77.0,190.0,12804.0,32.12735075705226,0.20447387684921947,1.3949847442452652
ID181961,181961,153,10.179463386535645,179.1014679287206,119.50111625586774,0.0,741.0,741,5.0,1,,134.3298969072165,130.0,78.0,198.0,13030.0,34.88424956477628,0.2533999699934028,1.5570055888181034
ID182985,182985,153,7.490359783172607,181.27308558014494,124.52893513662382,0.0,747.0,747,5.0,1,,121.23711340206185,113.0,75.0,179.0,11760.0,29.878843265998256,0.17248167997375038,1.19381961695784
ID101069,101069,153,6.412121295928955,224.89776276663804,26.299862124433893,0.0,407.0,407,5.0,1,,110.14432989690722,105.0,62.0,175.0,10684.0,32.42683742247103,0.1327485722514357,0.79612980296568
ID217806,217806,153,9.477113723754883,193.5304543193943,150.96685327312272,0.0,893.0,893,5.0,1,,136.16494845360825,133.0,70.0,204.0,13208.0,34.67818731216688,0.21849443436512964,1.4081721879458324
ID95950,95950,153,5.779991149902344,225.79137637549732,9.036635897046603,0.0,388.0,388,5.0,1,,107.90721649484536,98.0,55.0,175.0,10467.0,33.271009175352525,0.11419993672649582,0.6648401599551171
ID114382,114382,153,8.19136905670166,178.80561323205683,40.032447979014385,0.0,460.0,460,5.0,1,,124.20618556701031,119.0,63.0,184.0,12048.0,34.30437840869402,0.17953635583533428,1.1022109985053092
ID131789,131789,153,9.843602180480957,174.95981003355462,52.84142927577686,0.0,531.0,531,5.0,1,,135.8556701030928,133.0,71.0,197.0,13178.0,35.74096321995302,0.224515240979625,1.3938728053765772
ID162515,162515,153,10.412346839904785,174.26405107651178,104.75193261285516,0.0,660.0,660,5.0,1,,140.38144329896906,134.0,89.0,207.0,13617.0,36.181384284304585,0.23817957518535257,1.4927098572632433
ID206544,206544,153,9.898174285888672,190.5790657890293,155.3223699653877,0.0,846.0,846,5.0,1,,136.1340206185567,136.0,69.0,200.0,13205.0,36.400729407177685,0.22779633708732902,1.3877364123236862
ID170712,170712,153,9.986536979675293,172.0006706316968,115.93570720945046,0.0,697.0,697,5.0,1,,134.44329896907217,123.0,66.0,199.0,13041.0,36.22785791353714,0.2299132828979179,1.3874459431585155
ID193241,193241,153,9.12899112701416,203.62304286445632,126.45702857750037,0.0,791.0,791,5.0,1,,129.4536082474227,126.0,66.0,197.0,12557.0,36.05782988783339,0.2094552596656392,1.2435006972164135
ID198367,198367,153,10.766036987304688,193.28277130791764,142.0485899246176,0.0,812.0,812,5.0,1,,140.18556701030928,136.0,77.0,206.0,13598.0,34.17550593898453,0.266194889202944,1.7247156428967223
ID118492,118492,153,7.81261682510376,183.75206328160527,41.772163361996235,0.0,477.0,477,5.0,1,,118.49484536082474,114.0,61.0,189.0,11494.0,32.20964002675163,0.18817117824966853,1.1652461425364682
ID153312,153312,153,9.547642707824707,186.79624673286136,101.18824406578709,0.0,622.0,622,5.0,1,,131.11340206185568,125.0,78.0,197.0,12718.0,36.58263371255654,0.2144453270960606,1.2657290050012224
ID145126,145126,153,7.306772232055664,159.2076120312033,79.32482088168284,0.0,586.0,586,5.0,1,,119.58762886597938,116.0,73.0,183.0,11600.0,30.977731443099973,0.16179232476370733,1.0752168273164417
ID142052,142052,153,8.314434051513672,164.0691355906898,72.69924812677603,0.0,575.0,575,5.0,1,,128.81443298969072,121.0,76.0,191.0,12495.0,31.7090713548279,0.18892114067778223,1.2910364627192379
ID213733,213733,153,10.557686805725098,183.81058571863846,156.32233510332009,0.0,877.0,877,5.0,1,,141.6701030927835,138.0,80.0,203.0,13742.0,35.66911644122398,0.2457868061858118,1.567222627128449
ID177898,177898,153,9.779544830322266,179.99367597352156,120.87078477430465,0.0,725.0,725,5.0,1,,137.22680412371133,134.0,81.0,204.0,13311.0,32.92115111477194,0.22940101237345328,1.5555919831611809
ID209641,209641,153,9.118744850158691,181.7172287402055,163.52474491511768,0.0,859.0,859,5.0,1,,133.9278350515464,132.0,79.0,189.0,12991.0,33.32142936068582,0.21415554852271015,1.417856320605284
ID148207,148207,153,9.726186752319336,159.02620149623536,92.99186274417211,0.0,599.0,599,5.0,1,,135.3298969072165,131.0,71.0,193.0,13127.0,34.36165548540399,0.22693367371849868,1.4568925589764847
ID227053,227053,153,10.482284545898438,199.24989228250664,165.33861994180273,0.0,931.0,931,5.0,1,,140.22680412371133,134.0,84.0,196.0,13602.0,33.4808730081567,0.2540558689737332,1.6969795366051401
ID105198,105198,153,7.593555927276611,203.8715027108866,42.867359356598215,0.0,423.0,423,5.0,1,,115.41237113402062,108.0,54.0,187.0,11195.0,34.66619167662962,0.16189463032394494,0.9277734178024243
ID100080,100080,153,8.62801742553711,220.67689132638998,9.509752230262325,0.0,402.0,402,5.0,1,,123.75257731958763,122.0,62.0,198.0,12004.0,36.77720957780643,0.18716663579192241,1.0610167134472672
ID234225,234225,153,8.387873649597168,201.5923667276919,151.5942798333456,0.0,961.0,961,5.0,1,,121.14432989690722,119.0,61.0,192.0,11751.0,34.820967608947456,0.19596535603334822,1.140126273686884
ID134906,134906,153,9.008209228515625,162.4199935592662,55.20347125282719,0.0,544.0,544,5.0,1,,130.88659793814432,127.0,70.0,196.0,12696.0,33.02520385019718,0.20901804557845038,1.3703473604129999
ID221947,221947,153,9.919917106628418,202.18960758057622,169.40814967562645,0.0,910.0,910,5.0,1,,140.46391752577318,138.0,81.0,198.0,13625.0,31.660655741679253,0.23914959350531537,1.7124613372325908
ID123642,123642,153,8.62680435180664,192.21397082273143,41.27922514310409,0.0,500.0,500,5.0,1,,125.41237113402062,117.0,73.0,195.0,12165.0,35.24460732311859,0.18707364038720017,1.12153449216849
ID130810,130810,153,8.873231887817383,171.34041033373308,52.692123372527746,0.0,527.0,527,5.0,1,,131.94845360824743,128.0,79.0,195.0,12799.0,32.42021332377014,0.2053745689106856,1.3868933721177927
ID139001,139001,153,10.072481155395508,168.15101969757453,69.25739122966296,0.0,560.0,560,5.0,1,,138.01030927835052,134.0,80.0,205.0,13387.0,35.92889240261033,0.22625472912766667,1.4174725776520636
ID173822,173822,153,8.95143985748291,167.88538079074644,119.87137643440836,0.0,709.0,709,5.0,1,,131.08247422680412,124.0,70.0,191.0,12715.0,33.12403146480059,0.2039288210763328,1.3406309295311831
ID202495,202495,153,11.105621337890625,189.86515679067165,157.6316273834871,0.0,828.0,828,5.0,1,,144.62886597938143,144.0,84.0,209.0,14029.0,36.82880428064788,0.2604122736735535,1.622729695001085
ID236287,236287,153,7.717612266540527,185.60823660550972,147.74006446957824,0.0,970.0,970,5.0,1,,113.77319587628865,105.0,59.0,190.0,11036.0,35.277030166785806,0.170258676544224,0.9384374271873064
ID166652,166652,153,10.204161643981934,176.12014678794026,131.4036012779486,0.0,679.0,679,5.0,1,,139.35051546391753,135.0,77.0,201.0,13517.0,35.78350447398721,0.23516979528890172,1.4828956193951315
ID156416,156416,153,9.914568901062012,188.5310844509201,96.40741678690436,0.0,636.0,636,5.0,1,,136.79381443298968,137.0,65.0,199.0,13269.0,38.357403170794456,0.22152102225886228,1.2934845910829191
ID180992,180992,153,8.453255653381348,175.52825424487634,118.96457746530172,0.0,739.0,739,5.0,1,,124.23711340206185,120.0,62.0,187.0,12051.0,31.8076160939602,0.2018632656269915,1.3120562677660974
ID122626,122626,153,8.691696166992188,186.9321607019061,40.82424740058904,0.0,497.0,497,5.0,1,,128.93814432989691,124.0,81.0,198.0,12507.0,32.72225747133927,0.19731708179599922,1.2987443137032093
ID225024,225024,153,10.14564037322998,202.95306015106812,156.97081715100984,0.0,923.0,923,5.0,1,,136.2577319587629,131.0,83.0,198.0,13217.0,32.91506694968742,0.24733662925115027,1.6417278685056633
ID192263,192263,153,7.4712090492248535,201.25722042776698,122.5681134181913,0.0,786.0,786,5.0,1,,120.9381443298969,115.0,75.0,190.0,11731.0,30.68686419334205,0.16815973045337362,1.1346464443368147
ID229130,229130,153,9.530261993408203,214.02218814892015,153.36947025414682,0.0,940.0,940,5.0,1,,136.30927835051546,132.0,75.0,195.0,13222.0,32.65838356658411,0.22729187101350487,1.5459547385494872
ID94988,94988,153,8.727663040161133,231.0,9.0,0.0,382.0,382,5.0,1,,130.61855670103094,129.0,44.0,198.0,12670.0,38.2623736246876,0.33539042618081943,1.714768003105021
ID188175,188175,153,9.869646072387695,200.25022845593548,132.6922888500531,0.0,769.0,769,5.0,1,,140.01030927835052,137.0,89.0,193.0,13581.0,32.92304627377328,0.23742013920053529,1.6318880926762038
ID113422,113422,153,9.159908294677734,177.2352106641985,39.19335831793612,0.0,458.0,458,5.0,1,,128.5979381443299,121.0,68.0,196.0,12474.0,36.13477658762817,0.20228493088905833,1.197553032428992
ID240396,240396,153,10.114537239074707,181.7140544692807,135.02706276970034,0.0,989.0,989,5.0,1,,134.23711340206185,132.0,72.0,193.0,13021.0,35.97938448955767,0.23847452649473455,1.4368247083533696
ID150291,150291,153,8.688078880310059,167.69835185197803,89.45699875947251,0.0,610.0,610,5.0,1,,124.94845360824742,123.0,67.0,186.0,12120.0,36.85680939291177,0.19074301563543067,1.0861098347863185
ID158483,158483,153,9.073646545410156,182.21466131822416,98.87078631533788,0.0,645.0,645,5.0,1,,134.58762886597938,130.0,84.0,188.0,13055.0,30.570871408812643,0.21791593840974102,1.5754296005369128
ID129811,129811,153,9.268430709838867,172.00853456849984,55.405191426234595,0.0,522.0,522,5.0,1,,132.50515463917526,127.0,69.0,194.0,12853.0,34.6184932849422,0.21657272020908386,1.3627628459133503
ID238359,238359,153,10.977777481079102,186.0707166914212,145.4658306219722,0.0,979.0,979,5.0,1,,139.89690721649484,142.0,72.0,201.0,13570.0,36.954782205217384,0.2701663566713717,1.6104161709789138
ID161559,161559,153,8.983235359191895,169.77381164171348,99.56757436120611,0.0,658.0,658,5.0,1,,136.7319587628866,135.0,84.0,192.0,13263.0,31.036106480972794,0.21203515923697194,1.541435867525448
ID197397,197397,153,10.863515853881836,196.6337381563145,147.59791025805663,0.0,806.0,806,5.0,1,,136.659793814433,132.0,74.0,198.0,13256.0,37.62116165303394,0.26672900578612807,1.5297662892492818
ID184085,184085,153,6.1039276123046875,176.56489752253734,121.52781474945355,0.0,751.0,751,5.0,1,,112.70103092783505,109.0,58.0,169.0,10932.0,28.21980870049944,0.13681157013441395,0.9612540024654141
ID242452,242452,153,9.519587516784668,186.3923554298656,141.51765933846238,0.0,998.0,998,5.0,1,,132.30927835051546,127.0,81.0,196.0,12834.0,33.627357669742615,0.23314055010532478,1.487759701359543
ID99097,99097,153,6.201366424560547,217.48090878836368,2.785449170992323,0.0,399.0,399,5.0,1,,129.29896907216494,127.0,69.0,181.0,12542.0,27.4397692487768,0.2208088286702968,1.7045642492516546
ID216859,216859,153,10.000564575195312,189.68690978566804,153.9218212651305,0.0,887.0,887,5.0,1,,137.97938144329896,132.0,82.0,209.0,13384.0,34.56846448879964,0.23330493258432372,1.5101411882852942
ID231193,231193,153,9.950563430786133,202.90710665523687,150.59629869525236,0.0,948.0,948,5.0,1,,140.4020618556701,138.0,83.0,193.0,13619.0,31.649335101564677,0.24369216447344433,1.7384714296264814
ID104218,104218,153,6.463394641876221,203.56946320125874,42.06115538830294,0.0,422.0,422,5.0,1,,109.44329896907216,107.0,53.0,181.0,10616.0,32.58321688134506,0.13024218016774336,0.7741147783901556
ID169757,169757,153,8.13760757446289,166.73591172959024,116.56348927977757,0.0,695.0,695,5.0,1,,132.1958762886598,130.0,65.0,186.0,12823.0,29.976254204806896,0.19665604152926763,1.4494675463812934
ID205602,205602,153,8.319201469421387,199.3431531469475,154.43073088071057,0.0,842.0,842,5.0,1,,129.56701030927834,126.0,76.0,189.0,12568.0,30.630835232006152,0.1972548856516341,1.3938201703461655
ID220962,220962,153,8.614109992980957,206.2979765679656,160.1479769868766,0.0,905.0,905,5.0,1,,132.69072164948454,128.0,84.0,190.0,12871.0,29.53365341180799,0.20529572466620438,1.5305223180164664
ID128803,128803,153,10.40512752532959,177.9780707171561,53.72076154308214,0.0,520.0,520,5.0,1,,139.03092783505156,134.0,79.0,202.0,13486.0,37.212356149158595,0.23800079673277907,1.4365201911728076
ID117545,117545,153,8.311031341552734,181.19877400414083,44.07113132037037,0.0,475.0,475,5.0,1,,122.54639175257732,118.0,60.0,180.0,11887.0,32.05562243278493,0.20188735017747902,1.2843152918730831
ID208681,208681,153,10.19095516204834,192.4958418406927,159.04924755501756,0.0,854.0,854,5.0,1,,139.5979381443299,135.0,86.0,198.0,13541.0,34.285765934341725,0.24321581838917208,1.5930904477569778
ID109357,109357,153,6.758749485015869,177.43868640666923,45.393720486573066,0.0,440.0,440,5.0,1,,118.78350515463917,114.0,76.0,172.0,11522.0,28.31711305469852,0.15000961787520747,1.0943463401575246
ID191278,191278,153,9.126266479492188,196.56880852299827,130.27859490864847,0.0,781.0,781,5.0,1,,125.89690721649484,123.0,63.0,192.0,12212.0,37.32863192200305,0.2073552839888421,1.1584652293774047
ID121644,121644,153,9.45292854309082,181.52261758125215,40.233264558111536,0.0,490.0,490,5.0,1,,126.8659793814433,122.0,65.0,195.0,12306.0,36.421899566623885,0.21936027368619143,1.2532523199185537
ID212780,212780,153,10.765165328979492,177.94428040156316,164.1743561664693,0.0,870.0,870,5.0,1,,133.1237113402062,126.0,65.0,200.0,12913.0,38.26803979061126,0.2604507041740535,1.4376357578283876
ID94000,94000,153,8.681833267211914,231.0,0.0,0.0,376.0,376,5.0,1,,128.1340206185567,132.0,38.0,200.0,12429.0,42.88833098533801,0.4761312097132111,1.9273340352134551
ID155440,155440,153,7.222986698150635,190.65350381572432,90.67809857922622,0.0,632.0,632,5.0,1,,116.62886597938144,111.0,60.0,182.0,11313.0,32.79555342942498,0.1546658262774598,0.9527065212791658
ID172849,172849,153,8.751893997192383,172.38189714901762,118.36051468973963,0.0,708.0,708,5.0,1,,129.42268041237114,126.0,72.0,190.0,12554.0,33.138860324004554,0.20138239575390182,1.3093117234146237
ID147254,147254,153,7.408944129943848,152.35908902691725,83.31755308475687,0.0,595.0,595,5.0,1,,119.87628865979381,118.0,68.0,179.0,11628.0,31.367531558643158,0.16628012767949732,1.0897337823711792
ID165687,165687,153,10.018272399902344,175.45799098535085,132.09014935096621,0.0,677.0,677,5.0,1,,139.83505154639175,138.0,87.0,204.0,13564.0,34.113377267445465,0.23574831290014603,1.5640113215564067
ID196409,196409,153,10.100311279296875,197.07013961089316,141.99874899621219,0.0,803.0,803,5.0,1,,137.36082474226805,135.0,85.0,194.0,13324.0,32.21548074005283,0.24975855005787978,1.7042076746080996
ID112444,112444,153,9.677845001220703,177.96168616109009,36.184596482808615,0.0,451.0,451,5.0,1,,129.16494845360825,123.0,71.0,200.0,12529.0,37.56263669203391,0.216199589079177,1.2225555814060944
ID152384,152384,153,8.91073226928711,183.92895966674942,98.45605542052812,0.0,620.0,620,5.0,1,,127.54639175257732,122.0,65.0,189.0,12372.0,35.47006385042555,0.20046965983695142,1.2009741718589098
ID176960,176960,153,10.27744197845459,176.90410851581808,119.7772048203969,0.0,722.0,722,5.0,1,,136.61855670103094,132.0,77.0,200.0,13252.0,34.50677569302183,0.24762035910305738,1.5715898083895803
ID116549,116549,153,7.6215996742248535,182.6637526104367,39.519461156830936,0.0,469.0,469,5.0,1,,120.64948453608247,118.0,58.0,184.0,11703.0,33.58324273264663,0.16540010136485844,1.0197496332944707
ID168774,168774,153,10.630712509155273,176.6685496934603,115.95642900562352,0.0,688.0,688,5.0,1,,139.39175257731958,139.0,67.0,198.0,13521.0,36.81416074381538,0.2533171003344597,1.5305788674642717
ID233287,233287,153,9.212367057800293,204.28831515387304,143.34462389784912,0.0,958.0,958,5.0,1,,130.30927835051546,126.0,78.0,187.0,12640.0,32.16570405233081,0.22480819436135982,1.4871553153531627
ID98116,98116,153,8.12179946899414,220.32700140029027,5.8554412856502,0.0,393.0,393,5.0,1,,126.36082474226804,121.0,78.0,187.0,12257.0,32.351321961336424,0.19032966491408015,1.2490782371505078
ID144199,144199,153,8.906947135925293,157.92596531663617,77.0086101078312,0.0,584.0,584,5.0,1,,125.26804123711341,119.0,68.0,197.0,12151.0,36.69256153725096,0.19383853747934643,1.1086303952099363
ID215878,215878,153,7.4292426109313965,185.19051007510902,149.28310614238387,0.0,883.0,883,5.0,1,,119.50515463917526,109.0,75.0,191.0,11592.0,32.68222111974013,0.15492269209686285,0.9809958959326666
ID201547,201547,153,9.475895881652832,193.21521863742208,158.49087402393513,0.0,823.0,823,5.0,1,,134.82474226804123,131.0,72.0,199.0,13078.0,35.38449822700094,0.21449379517009792,1.3458789050847078
ID180040,180040,153,10.605655670166016,175.41805150150998,121.23726189967022,0.0,732.0,732,5.0,1,,138.76288659793815,138.0,77.0,196.0,13460.0,34.56538887742221,0.2676199375129801,1.695084207346055
ID138057,138057,153,9.469243049621582,164.5609766373838,67.81820023842951,0.0,558.0,558,5.0,1,,133.10309278350516,129.0,61.0,200.0,12911.0,37.07860022306288,0.20886704481158813,1.240469800682294
ID127821,127821,153,8.824776649475098,177.26819902454545,54.92252060169116,0.0,514.0,514,5.0,1,,130.72164948453607,123.0,83.0,196.0,12680.0,30.916804447595464,0.21035632824198003,1.4696883525592745
ID141134,141134,153,7.936562538146973,170.5845237118951,69.60437313533455,0.0,571.0,571,5.0,1,,122.97938144329896,120.0,71.0,195.0,11929.0,34.33565305111781,0.17466615691759316,1.0651512866506518
ID133967,133967,153,9.276470184326172,167.64284577531348,55.160668366414704,0.0,540.0,540,5.0,1,,126.96907216494846,125.0,68.0,194.0,12316.0,38.26618764442688,0.20471881245324702,1.127677216941904
ID187213,187213,153,8.899170875549316,199.13393663903312,131.47615578244256,0.0,764.0,764,5.0,1,,129.41237113402062,128.0,69.0,188.0,12553.0,33.69339468443073,0.20772379409055367,1.321233706573697
ID195405,195405,153,9.621254920959473,203.2423822888306,139.45128426816896,0.0,799.0,799,5.0,1,,136.49484536082474,136.0,75.0,195.0,13240.0,34.51120702978847,0.22555077460395972,1.455791273083418
ID103248,103248,153,9.030500411987305,220.623871516883,30.521440957654214,0.0,412.0,412,5.0,1,,128.7422680412371,125.0,65.0,203.0,12488.0,37.22853921794952,0.19912318982338395,1.148505805292417
ID219991,219991,153,10.180353164672852,204.7436100000373,158.07809368292524,0.0,900.0,900,5.0,1,,138.5463917525773,132.0,75.0,202.0,13439.0,35.404513783131264,0.23425741379924822,1.4854368059995144
ID164695,164695,153,8.854032516479492,168.0752091925054,110.68145237629294,0.0,670.0,670,5.0,1,,127.90721649484536,123.0,69.0,189.0,12407.0,34.89570247962335,0.1987359663222377,1.2153630626262348
ID160597,160597,153,9.120260238647461,174.34601064558507,103.16424389485275,0.0,654.0,654,5.0,1,,130.8556701030928,126.0,78.0,196.0,12693.0,34.52203091587604,0.2085717498479837,1.308305751353099
ID190293,190293,153,8.536311149597168,199.69851868314865,125.14766119160927,0.0,778.0,778,5.0,1,,123.83505154639175,121.0,65.0,192.0,12012.0,35.9132868901989,0.18557911045917022,1.07948591522174
ID120666,120666,153,9.773825645446777,181.87485725415635,37.02255708817438,0.0,485.0,485,5.0,1,,128.44329896907217,121.0,73.0,204.0,12459.0,36.404546726154535,0.22851264960601458,1.3125517416083898
ID149344,149344,153,7.28651762008667,161.86153593865382,86.00637282726673,0.0,606.0,606,5.0,1,,115.75257731958763,107.0,51.0,180.0,11228.0,33.257527634054476,0.15458135977664286,0.9319729047231585
ID226145,226145,153,9.703444480895996,193.4703933752331,158.5790488609355,0.0,927.0,927,5.0,1,,131.1958762886598,125.0,78.0,198.0,12726.0,34.37526944599178,0.2495179532421056,1.524275145196945
ID137061,137061,153,9.297037124633789,161.80275811824717,58.39229763408828,0.0,551.0,551,5.0,1,,125.71134020618557,121.0,50.0,201.0,12194.0,40.4060017104737,0.20245038500215437,1.0476350393334657
ID211812,211812,153,9.317935943603516,177.47435179658885,164.73659211257558,0.0,868.0,868,5.0,1,,127.26804123711341,121.0,80.0,190.0,12345.0,33.52316222402478,0.23637717116024295,1.4516400123583144
ID183145,183145,153,7.91416072845459,178.2390045561502,123.31264186879547,0.0,748.0,748,5.0,1,,124.83505154639175,118.0,66.0,177.0,12109.0,31.241225572274406,0.18266842494345337,1.2343518149593142
ID186217,186217,153,9.156877517700195,188.76047230991173,123.90990094433556,0.0,759.0,759,5.0,1,,128.0,117.0,72.0,196.0,12416.0,35.59201689517843,0.20481166037404513,1.222708363074341
ID204655,204655,153,10.753772735595703,197.9427846358188,156.7992585117486,0.0,839.0,839,5.0,1,,143.43298969072166,140.0,89.0,201.0,13913.0,34.599466282159746,0.25469254062617463,1.6830172083733466
ID108396,108396,153,8.608036994934082,181.9446252377239,43.16660658901101,0.0,435.0,435,5.0,1,,127.23711340206185,122.0,71.0,195.0,12342.0,35.13123408375264,0.1852354045994998,1.1320608720092498
ID126830,126830,153,7.4987030029296875,185.55594896179832,53.784563366947886,0.0,512.0,512,5.0,1,,120.75257731958763,116.0,67.0,188.0,11713.0,32.06017484351206,0.17251035443863968,1.1083042509684533
ID239468,239468,153,10.811187744140625,185.00615566708552,135.9714987495836,0.0,985.0,985,5.0,1,,140.72164948453607,139.0,65.0,197.0,13650.0,34.67009466265596,0.2638242654811735,1.6945872459381386
ID132977,132977,153,9.971115112304688,171.08826694368736,50.9491940438914,0.0,538.0,538,5.0,1,,135.659793814433,129.0,75.0,190.0,13159.0,33.96808753507293,0.24021604710877767,1.5470869475635984
ID115573,115573,153,6.995195388793945,180.98881644362416,41.68594948527309,0.0,462.0,462,5.0,1,,114.49484536082474,107.0,66.0,178.0,11106.0,32.008177246649346,0.1473326245722185,0.9186806513668927
ID171894,171894,153,8.911628723144531,171.73111530319787,113.03943241569465,0.0,703.0,703,5.0,1,,130.2680412371134,129.0,69.0,181.0,12636.0,31.521988180183282,0.2212521696356671,1.4973953035006335
ID237430,237430,153,9.92988109588623,182.17205133555396,141.50989544515255,0.0,975.0,975,5.0,1,,132.18556701030928,128.0,74.0,200.0,12822.0,36.39692348975254,0.23570809666101666,1.3855045835931716
ID228212,228212,153,9.312263488769531,207.71820883326026,156.50650219949648,0.0,935.0,935,5.0,1,,134.76288659793815,133.0,74.0,199.0,13072.0,33.3156536017844,0.22409042618891925,1.481022866807891
ID146299,146299,153,8.485259056091309,153.99448346464186,86.31076638153866,0.0,597.0,597,5.0,1,,125.83505154639175,118.0,73.0,196.0,12206.0,32.612842694114626,0.1940839839204968,1.2542895279767126
ID111483,111483,153,10.270703315734863,176.05941005661137,37.217806426450075,0.0,449.0,449,5.0,1,,136.38144329896906,128.0,80.0,201.0,13229.0,37.57865176837139,0.234383209136193,1.3782264297133322
ID154495,154495,153,9.692997932434082,186.40402243978784,97.88542160977964,0.0,628.0,628,5.0,1,,135.82474226804123,131.0,84.0,195.0,13175.0,34.2159229225707,0.2268212044209203,1.4678544873110528
ID207741,207741,153,9.812183380126953,188.48580612082665,156.17778846234577,0.0,851.0,851,5.0,1,,138.96907216494844,133.0,88.0,194.0,13480.0,32.68519466320832,0.2326291327301617,1.6048289548924872
ID224130,224130,153,10.354337692260742,193.0160680195387,175.21751264512775,0.0,918.0,918,5.0,1,,136.7422680412371,132.0,78.0,205.0,13264.0,34.75817600175636,0.2512623935978767,1.5799920333216113
ID200576,200576,153,10.919143676757812,196.68828836422298,149.257078969209,0.0,820.0,820,5.0,1,,141.29896907216494,137.0,72.0,201.0,13706.0,36.028103887929625,0.2639112690251229,1.6378304137125228
ID179076,179076,153,10.261409759521484,176.6010121715595,115.09227483541704,0.0,735.0,735,5.0,1,,134.53608247422682,133.0,70.0,199.0,13050.0,35.946447974634815,0.24685314323819962,1.4819588611003414
ID97161,97161,153,6.014185428619385,224.49329369641768,6.502090792808311,0.0,391.0,391,5.0,1,,124.0721649484536,123.0,86.0,165.0,12035.0,22.53480984253418,0.15611917342020593,1.4869764753632573
ID107401,107401,153,9.04421615600586,196.9260447710281,32.62022573679924,0.0,429.0,429,5.0,1,,126.71134020618557,120.0,68.0,203.0,12291.0,36.523097361717156,0.20378788916998083,1.1746440420635564
ID241544,241544,153,11.175684928894043,180.89715782499246,140.59527416105777,0.0,992.0,992,5.0,1,,139.89690721649484,136.0,80.0,204.0,13570.0,35.552333648229784,0.28075335947012686,1.7251602943293107
ID102285,102285,153,8.538488388061523,217.6714683588564,31.950677793834185,0.0,410.0,410,5.0,1,,126.57731958762886,121.0,59.0,190.0,12278.0,35.41681423053957,0.1884627692503285,1.133486583672372
ID151446,151446,153,8.025833129882812,181.5045978061984,92.83435628298457,0.0,616.0,616,5.0,1,,126.29896907216495,125.0,61.0,186.0,12251.0,31.546977188939195,0.18461661134938215,1.2478575368885656
ID199575,199575,153,11.099411010742188,194.8743303157673,139.9576770934442,0.0,813.0,813,5.0,1,,138.48453608247422,131.0,84.0,203.0,13433.0,37.21589977249359,0.2696559292119042,1.5806171201255568
ID157591,157591,153,10.164216995239258,189.40509207731895,99.90468035910557,0.0,642.0,642,5.0,1,,138.02061855670104,134.0,83.0,195.0,13388.0,34.63980711715067,0.24408713572451324,1.5634809418837334
ID230294,230294,153,9.600020408630371,204.89696544638178,158.87841739840403,0.0,945.0,945,5.0,1,,130.64948453608247,123.0,76.0,201.0,12673.0,36.5647374634797,0.21790028308843767,1.2785605489833642
ID167828,167828,153,9.724404335021973,172.06279988950695,121.54666503391506,0.0,685.0,685,5.0,1,,135.8556701030928,132.0,85.0,197.0,13178.0,33.47915697699143,0.23224431186279354,1.5296128200070058
ID210841,210841,153,6.23867654800415,179.51558116378942,159.26479446789102,0.0,862.0,862,5.0,1,,110.75257731958763,107.0,52.0,169.0,10743.0,32.93365519236966,0.12223011313806302,0.7325549352789567
ID194457,194457,153,9.454767227172852,204.15944917451432,131.4127868841467,0.0,795.0,795,5.0,1,,134.44329896907217,133.0,70.0,198.0,13041.0,34.58051265771088,0.21740487402515846,1.3885833998483716
ID219032,219032,153,10.455875396728516,205.5287082413063,157.03580313737058,0.0,897.0,897,5.0,1,,140.09278350515464,138.0,70.0,210.0,13589.0,36.45061798579541,0.24333375155017622,1.5043728707139197
ID140195,140195,153,9.426239013671875,171.12461466288667,78.16385291923102,0.0,567.0,567,5.0,1,,132.82474226804123,125.0,74.0,208.0,12884.0,34.95473570362056,0.2110710781455374,1.3245307662349346
ID189347,189347,153,9.694235801696777,201.60811335911183,128.0859263168909,0.0,773.0,773,5.0,1,,134.50515463917526,129.0,70.0,198.0,13047.0,35.6917134731988,0.22367941004628433,1.377716570650521
ID125858,125858,153,9.471172332763672,194.28196793135152,51.40922310055373,0.0,508.0,508,5.0,1,,131.81443298969072,128.0,79.0,200.0,12786.0,34.923526542798726,0.2203929484883932,1.363241740514054
ID232352,232352,153,8.812925338745117,205.65909948300458,146.51910624109254,0.0,954.0,954,5.0,1,,123.87628865979381,122.0,55.0,179.0,12016.0,35.37632734022109,0.21518811561745002,1.240167100857566
ID119718,119718,153,9.51626205444336,181.63975214798285,36.40803185168868,0.0,480.0,480,5.0,1,,128.31958762886597,124.0,67.0,199.0,12447.0,38.163449571042605,0.20820915321488945,1.15886547321797
ID159658,159658,153,9.09129524230957,175.02252695433938,103.05107383156107,0.0,648.0,648,5.0,1,,132.56701030927834,127.0,68.0,192.0,12859.0,32.467903130275836,0.21231091786623885,1.4301102773640961
ID185258,185258,153,9.799120903015137,186.72963320453152,124.24799909197534,0.0,757.0,757,5.0,1,,134.38144329896906,126.0,81.0,201.0,13035.0,35.13469418388595,0.22519817871112152,1.4060204923611845
ID136104,136104,153,9.858799934387207,162.82275546121113,59.61691629398614,0.0,550.0,550,5.0,1,,132.18556701030928,127.0,77.0,200.0,12822.0,37.18123683865605,0.22485594657150967,1.3052976732937718
ID214952,214952,153,9.558838844299316,185.54500386858052,157.08432931667667,0.0,879.0,879,5.0,1,,137.659793814433,132.0,78.0,202.0,13353.0,33.47041187064148,0.22153936111439657,1.4918305178650169
ID206767,206767,153,10.41315746307373,189.91699636998337,150.00953538341068,0.0,847.0,847,5.0,1,,139.63917525773195,133.0,79.0,207.0,13545.0,34.914832559329966,0.2441608094109098,1.5697364612120286
ID176048,176048,153,9.61775016784668,173.32274552835693,127.97879866612725,0.0,718.0,718,5.0,1,,129.55670103092783,121.0,66.0,206.0,12567.0,37.387043508905194,0.21986706969650155,1.2491552964829529
ID110517,110517,153,7.4773406982421875,169.98082127923524,43.65715751733898,0.0,443.0,443,5.0,1,,117.0618556701031,108.0,64.0,176.0,11355.0,33.51641837498878,0.16311953188408101,0.9796465529952554
ID223159,223159,153,10.59955883026123,198.19096386298477,177.10034962859731,0.0,915.0,915,5.0,1,,143.3298969072165,139.0,94.0,200.0,13903.0,31.619720128915237,0.261441406854366,1.8789535839415896
ID175031,175031,153,10.167804718017578,167.6356744219698,120.04030260779491,0.0,714.0,714,5.0,1,,133.8762886597938,130.0,72.0,201.0,12986.0,35.67482122472105,0.24365904157884843,1.4704594560289292
ID203701,203701,153,10.581095695495605,192.30655685234711,156.21128241724568,0.0,833.0,833,5.0,1,,142.7422680412371,136.0,84.0,201.0,13846.0,34.63959630686254,0.2503259560042368,1.6500321377703615
ID218037,218037,153,9.921395301818848,192.90514773177065,150.3921394837691,0.0,892.0,892,5.0,1,,139.91752577319588,141.0,72.0,195.0,13572.0,33.35062159062556,0.23831252539534178,1.614785283417707
ID162750,162750,153,9.109089851379395,173.74487089300084,105.77331719308152,0.0,663.0,663,5.0,1,,128.06185567010309,121.0,68.0,200.0,12422.0,36.728682715564666,0.19960960661758936,1.1603418001510977
ID132031,132031,153,9.95789909362793,172.29580625018914,52.656802895128706,0.0,533.0,533,5.0,1,,137.2680412371134,132.0,86.0,204.0,13315.0,34.76034482229641,0.2312717250060211,1.4834878354464287
ID106431,106431,153,8.222025871276855,199.4183567017941,35.0997087366241,0.0,427.0,427,5.0,1,,123.91752577319588,119.0,73.0,191.0,12020.0,32.66039590208759,0.19096138773457946,1.216715847986519
ID182204,182204,153,9.899982452392578,182.0174061992651,116.52790590246886,0.0,744.0,744,5.0,1,,135.98969072164948,130.0,80.0,197.0,13191.0,34.01852891114416,0.24064168120292678,1.5507612405162494
ID114625,114625,153,8.598201751708984,186.08415625096728,40.95011978848077,0.0,466.0,466,5.0,1,,127.1340206185567,119.0,65.0,199.0,12332.0,34.460916529326916,0.18624654689377917,1.1584524752096679
ID153542,153542,153,9.927054405212402,188.6500090961111,100.07016591242413,0.0,623.0,623,5.0,1,,133.4020618556701,129.0,68.0,199.0,12940.0,37.993053036546044,0.22362598239885625,1.2833996458244827
ID170950,170950,153,10.01533317565918,170.26929643792442,116.25307401063831,0.0,696.0,696,5.0,1,,139.15463917525773,136.0,83.0,209.0,13498.0,33.395776992940284,0.23397425018902077,1.580149215519201
ID101323,101323,153,8.770041465759277,217.86438369266796,30.668767560004436,0.0,409.0,409,5.0,1,,128.04123711340208,123.0,69.0,204.0,12420.0,36.33436089691054,0.19006817786094785,1.125640992686446
ID118730,118730,153,9.856395721435547,183.16674630100385,36.78504453002335,0.0,484.0,484,5.0,1,,131.24742268041237,131.0,80.0,191.0,12731.0,33.51026923690553,0.255142562951033,1.5923286859227648
ID124874,124874,153,9.88624095916748,190.3690478269421,48.357841380894904,0.0,503.0,503,5.0,1,,134.06185567010309,129.0,77.0,204.0,13004.0,35.718171855335555,0.230018393424461,1.4037732413107362
ID96207,96207,153,7.898219585418701,231.0,7.0,0.0,384.0,384,5.0,1,,122.81443298969072,122.0,40.0,196.0,11913.0,36.58276287432239,0.3175650078203345,1.6183166070471335
ID145357,145357,153,9.039934158325195,152.66528795433194,79.85454350578759,0.0,589.0,589,5.0,1,,130.79381443298968,127.0,62.0,193.0,12687.0,34.24420210790248,0.209617411065914,1.3237606682435885
ID148429,148429,153,9.606958389282227,156.56733072115998,87.58673138013785,0.0,600.0,600,5.0,1,,132.7319587628866,131.0,64.0,197.0,12875.0,38.76062098098553,0.21269781243443153,1.2012273228203056
ID193485,193485,153,10.007652282714844,200.54620675506072,123.2479014072166,0.0,790.0,790,5.0,1,,137.8659793814433,134.0,76.0,203.0,13373.0,37.16871132248965,0.2257786157967992,1.3664079104555356
ID234450,234450,153,8.159805297851562,197.93503694701383,152.77501543721453,0.0,962.0,962,5.0,1,,117.28865979381443,110.0,66.0,184.0,11377.0,33.48039188679653,0.19243359173652105,1.1306864059690978
ID163793,163793,153,7.864729881286621,170.54346486223844,108.37891663650738,0.0,669.0,669,5.0,1,,122.58762886597938,121.0,63.0,192.0,11891.0,34.294907474640574,0.16747043212834462,1.0255084794797742
ID178129,178129,153,9.89256477355957,179.35346574374117,119.8407656826669,0.0,726.0,726,5.0,1,,138.44329896907217,130.0,89.0,200.0,13429.0,33.67645352968107,0.23257341172227877,1.5513966673775554
ID198608,198608,153,10.209588050842285,192.35419293741856,141.3414144313451,0.0,811.0,811,5.0,1,,131.63917525773195,130.0,62.0,200.0,12769.0,39.20464087298061,0.23881992361298518,1.2946132337741332
ID227286,227286,153,9.78119945526123,201.8723612855018,159.71505741221105,0.0,932.0,932,5.0,1,,133.20618556701032,127.0,71.0,203.0,12921.0,35.37976650582749,0.22869432945191412,1.401557655101204
ID209876,209876,153,9.515891075134277,184.80570613675502,157.62417342898777,0.0,857.0,857,5.0,1,,136.20618556701032,134.0,79.0,200.0,13212.0,34.196715895051575,0.217338119738869,1.422221075084582
ID236508,236508,153,9.269951820373535,178.92175001087304,140.24950987332772,0.0,973.0,973,5.0,1,,123.04123711340206,119.0,51.0,195.0,11935.0,38.181561192809745,0.21497467742345963,1.1403734093932658
ID166882,166882,153,9.760443687438965,174.66786809223868,126.20876355328939,0.0,680.0,680,5.0,1,,135.24742268041237,131.0,65.0,200.0,13119.0,36.16629154793033,0.22186857454539516,1.3580829983741527
ID222176,222176,153,10.718256950378418,206.0657878880224,163.89836391408207,0.0,909.0,909,5.0,1,,142.90721649484536,139.0,87.0,199.0,13862.0,33.986542212269725,0.25780977156546186,1.7236996121371944
ID135142,135142,153,9.685614585876465,163.78178434729156,59.27994433482072,0.0,549.0,549,5.0,1,,128.8762886597938,121.0,64.0,209.0,12501.0,40.094226967014514,0.21336140863250255,1.1304383020306568
ID139238,139238,153,9.345236778259277,168.08481841652085,75.94670798936905,0.0,562.0,562,5.0,1,,132.4536082474227,123.0,76.0,202.0,12848.0,34.72631705522385,0.21027016339854923,1.3253494085370428
ID225253,225253,153,10.488704681396484,197.30447174261607,157.40967309924173,0.0,924.0,924,5.0,1,,137.76288659793815,136.0,70.0,196.0,13363.0,34.81581692632564,0.25679262548286264,1.6169796850270766
ID105450,105450,153,8.15230655670166,201.21742845777783,43.607792911370055,0.0,425.0,425,5.0,1,,118.25773195876289,105.0,66.0,200.0,11471.0,37.42862049691927,0.17442487915189436,0.9385100085836402
ID100332,100332,153,9.209365844726562,221.38652073934935,12.733705351036154,0.0,403.0,403,5.0,1,,129.6701030927835,125.0,81.0,209.0,12578.0,35.594569356821744,0.20496649071843756,1.2393500958335166
ID174061,174061,153,8.72871208190918,166.12709892199646,119.92927921328163,0.0,710.0,710,5.0,1,,128.1958762886598,121.0,79.0,189.0,12435.0,33.169275182783274,0.19975548256193218,1.286986627439189
ID123889,123889,153,8.27213191986084,189.82364738060966,41.433104369078926,0.0,499.0,499,5.0,1,,128.3298969072165,124.0,75.0,189.0,12448.0,31.452915090617505,0.19049350647496854,1.3057200821941195
ID131057,131057,153,8.696221351623535,170.85165653656517,50.19626447433282,0.0,529.0,529,5.0,1,,130.09278350515464,125.0,69.0,201.0,12619.0,32.52629784568775,0.19806694829106164,1.3224506982094846
ID122867,122867,153,9.01488208770752,187.75255509962687,39.855802043542155,0.0,493.0,493,5.0,1,,129.2680412371134,124.0,65.0,202.0,12539.0,34.955780239682085,0.20293526841447074,1.2477208594238265
ID202737,202737,153,9.471038818359375,190.82048676046134,154.8572219288463,0.0,830.0,830,5.0,1,,132.06185567010309,126.0,71.0,190.0,12810.0,35.35675749679663,0.21783892016778325,1.3362280603723076
ID143350,143350,153,8.409833908081055,161.27571088314323,71.29469221793876,0.0,580.0,580,5.0,1,,121.62886597938144,115.0,64.0,191.0,11798.0,36.04115690996801,0.18372439973569094,1.047572688782946
ID184311,184311,153,8.069595336914062,177.8744228416744,118.80313565822148,0.0,752.0,752,5.0,1,,118.9278350515464,112.0,55.0,190.0,11536.0,34.335734368718185,0.18043259838710576,1.0588659365410744
ID238582,238582,153,10.983983039855957,189.26543087957754,143.7033922264877,0.0,982.0,982,5.0,1,,141.69072164948454,136.0,85.0,208.0,13744.0,35.583341381168765,0.2704900334231285,1.6955269053566038
ID192501,192501,153,8.43759822845459,196.6947417947462,121.66280193121911,0.0,787.0,787,5.0,1,,127.43298969072166,126.0,71.0,190.0,12361.0,32.396922184218504,0.19225053777720674,1.2685516408475035
ID181242,181242,153,9.014309883117676,177.80941057471787,122.07737012397565,0.0,740.0,740,5.0,1,,129.20618556701032,127.0,67.0,181.0,12533.0,32.23705752712044,0.21956470156584645,1.4431636543433148
ID240634,240634,153,10.71725845336914,181.16756204099264,137.76165808835805,0.0,990.0,990,5.0,1,,137.340206185567,133.0,81.0,204.0,13322.0,35.714401448020624,0.2669591668429143,1.620565297801191
ID95226,95226,153,8.306795120239258,231.0,8.0,0.0,381.0,381,5.0,1,,123.9381443298969,120.0,42.0,192.0,12022.0,39.13806076809741,0.3144361735372856,1.5150559869704887
ID113660,113660,153,8.131776809692383,177.00442118746275,40.1702007211743,0.0,459.0,459,5.0,1,,123.74226804123711,117.0,62.0,192.0,12003.0,34.41816331002772,0.17260294346010757,1.0584189190247315
ID214013,214013,153,10.191421508789062,180.27306536615603,162.43269286205668,0.0,875.0,875,5.0,1,,137.96907216494844,132.0,85.0,198.0,13383.0,34.41095198971525,0.24092661821717157,1.5568749679724294
ID229372,229372,153,10.406286239624023,208.6728547196838,156.85834478840084,0.0,942.0,942,5.0,1,,140.20618556701032,141.0,78.0,204.0,13600.0,35.87157014508202,0.24282989311417416,1.5273453293975925
