LABEL,ID,TRACK_ID,QUALITY,POSITION_X,POSITION_Y,POSITION_Z,POSITION_T,FRAME,RADIUS,VISIBILITY,MANUAL_SPOT_COLOR,MEAN_INTENSITY_CH1,MEDIAN_INTENSITY_CH1,MIN_INTENSITY_CH1,MAX_INTENSITY_CH1,TOTAL_INTENSITY_CH1,STD_INTENSITY_CH1,CONTRAST_CH1,SNR_CH1
Label,Spot ID,Track ID,Quality,X,Y,Z,T,Frame,Radius,Visibility,Manual spot color,Mean intensity ch1,Median intensity ch1,Min intensity ch1,Max intensity ch1,Sum intensity ch1,Std intensity ch1,Contrast ch1,Signal/Noise ratio ch1
Label,Spot ID,Track ID,Quality,X,Y,Z,T,Frame,R,Visibility,Spot color,Mean ch1,Median ch1,Min ch1,Max ch1,Sum ch1,Std ch1,Ctrst ch1,SNR ch1
,,,(quality),(pixel),(pixel),(pixel),(frame),,(pixel),,,(counts),(counts),(counts),(counts),(counts),(counts),,
ID119427,119427,28,2.605499029159546,19.0,79.0,0.0,42.0,42,5.0,1,,131.58762886597938,133.0,82.0,145.0,12764.0,12.699042432174092,0.06319837671000939,1.231872332011328
ID118277,118277,28,2.5229947566986084,17.0,88.0,0.0,34.0,34,5.0,1,,129.10309278350516,133.0,79.0,146.0,12523.0,14.207894325634062,0.061507158971906596,1.05302738011893
ID107780,107780,28,2.69421124458313,46.0,104.0,0.0,5.0,5,5.0,1,,131.46391752577318,136.0,74.0,148.0,12752.0,16.03840563542588,0.05975711274037895,0.9243972350676216
ID123014,123014,28,2.5674853324890137,8.0,89.0,0.0,54.0,54,5.0,1,,130.94845360824743,132.0,80.0,148.0,12702.0,13.046687905062196,0.061735884412646325,1.1672161138006074
ID113929,113929,28,2.732220411300659,20.0,97.0,0.0,22.0,22,5.0,1,,132.97938144329896,136.0,88.0,148.0,12899.0,12.39285696601348,0.06648575849468605,1.3378777595372473
ID110347,110347,28,2.3384060859680176,48.0,106.0,0.0,6.0,6,5.0,1,,130.38144329896906,133.0,87.0,147.0,12647.0,13.210982882757904,0.051269859436611206,0.9626281638052212
ID112268,112268,28,2.7211427688598633,34.0,100.0,0.0,14.0,14,5.0,1,,133.08247422680412,136.0,80.0,148.0,12909.0,13.360132003381038,0.06486477086141677,1.2135412462711046
ID121873,121873,28,2.4329378604888916,13.0,83.0,0.0,47.0,47,5.0,1,,129.2680412371134,133.0,81.0,147.0,12539.0,14.844692839472355,0.05315079294565359,0.8789600515470037
ID125201,125201,28,2.719141960144043,11.0,108.0,0.0,61.0,61,5.0,1,,132.8041237113402,135.0,89.0,152.0,12882.0,12.91852608276977,0.06605271352969065,1.2739153584956506
ID109200,109200,28,2.1835849285125732,44.0,107.0,0.0,9.0,9,5.0,1,,129.18556701030928,133.0,86.0,147.0,12531.0,13.591763664767733,0.04621506906862844,0.839712875540411
ID116245,116245,28,2.8682796955108643,21.0,91.0,0.0,23.0,23,5.0,1,,132.16494845360825,136.0,81.0,148.0,12820.0,14.872850273492718,0.06365059175888739,1.0635441920925395
ID112535,112535,28,2.6621766090393066,32.0,104.0,0.0,13.0,13,5.0,1,,130.0721649484536,132.0,80.0,147.0,12617.0,14.737457536467247,0.05876050077449519,0.979669427682407
ID117403,117403,28,2.562615394592285,14.0,79.0,0.0,36.0,36,5.0,1,,130.30927835051546,133.0,80.0,148.0,12640.0,14.221726940921434,0.05782233529881547,1.0016958962771063
ID123290,123290,28,2.7741599082946777,15.0,96.0,0.0,57.0,57,5.0,1,,129.61855670103094,134.0,69.0,152.0,12573.0,17.363421381221382,0.06105542385989492,0.8591085729135379
ID112796,112796,28,2.6392462253570557,29.0,93.0,0.0,18.0,18,5.0,1,,131.79381443298968,135.0,81.0,146.0,12784.0,13.688451751027438,0.06055966064438498,1.0995602273593224
ID123548,123548,28,2.9169888496398926,10.0,90.0,0.0,55.0,55,5.0,1,,130.39175257731958,137.0,68.0,147.0,12648.0,17.944681605928373,0.06392032926419318,0.8731206451235373
ID127397,127397,28,2.608736753463745,16.0,102.0,0.0,68.0,68,5.0,1,,129.44329896907217,134.0,79.0,150.0,12556.0,17.011619235200296,0.057939914500423274,0.8334523245500389
ID109476,109476,28,2.2449660301208496,48.0,104.0,0.0,7.0,7,5.0,1,,131.2164948453608,133.0,92.0,143.0,12728.0,10.607806484813157,0.05322141305831224,1.2501426174911388
ID118564,118564,28,2.4807498455047607,18.0,84.0,0.0,35.0,35,5.0,1,,128.70103092783506,134.0,73.0,147.0,12484.0,16.493158271218107,0.05542882063973142,0.819624409384944
ID125476,125476,28,2.5461645126342773,11.0,103.0,0.0,62.0,62,5.0,1,,130.0721649484536,135.0,79.0,147.0,12617.0,15.045242480792458,0.058117750067044595,0.9497077150562987
ID115367,115367,28,2.6209466457366943,20.0,88.0,0.0,27.0,27,5.0,1,,131.58762886597938,133.0,94.0,147.0,12764.0,11.112823464845677,0.06244564704245369,1.391925817038034
ID108070,108070,28,2.713879108428955,43.0,105.0,0.0,2.0,2,5.0,1,,132.1340206185567,137.0,74.0,150.0,12817.0,16.33479725538614,0.06276800622013437,0.9555001492549997
ID114214,114214,28,2.5941050052642822,21.0,85.0,0.0,26.0,26,5.0,1,,130.35051546391753,133.0,83.0,149.0,12644.0,14.894099249026866,0.05634843183199387,0.9336909456998457
ID110634,110634,28,2.7587976455688477,32.0,99.0,0.0,15.0,15,5.0,1,,131.51546391752578,133.0,85.0,149.0,12757.0,13.17756411011871,0.062188432972904245,1.168637249422269
ID122154,122154,28,2.5270838737487793,11.0,87.0,0.0,52.0,52,5.0,1,,129.62886597938143,133.0,84.0,144.0,12574.0,14.352206267409478,0.05781564618728693,0.9872984328324076
ID119727,119727,28,2.5903258323669434,18.0,84.0,0.0,41.0,41,5.0,1,,129.7422680412371,136.0,72.0,146.0,12585.0,16.909858041068006,0.05896043992582083,0.8543828036135094
ID123823,123823,28,2.4208388328552246,11.0,93.0,0.0,56.0,56,5.0,1,,131.10309278350516,133.0,90.0,143.0,12717.0,11.753974980195066,0.060208071864382956,1.2668400469994756
ID116530,116530,28,2.4980971813201904,19.0,85.0,0.0,32.0,32,5.0,1,,129.31958762886597,134.0,83.0,145.0,12544.0,14.562756715729053,0.05677017598732552,0.9540923305771257
ID117682,117682,28,2.5232882499694824,19.0,82.0,0.0,39.0,39,5.0,1,,128.94845360824743,134.0,77.0,149.0,12508.0,15.08266881640746,0.05586970774737895,0.9047612838539855
ID125750,125750,28,2.5811421871185303,10.0,104.0,0.0,60.0,60,5.0,1,,130.01030927835052,136.0,74.0,147.0,12611.0,17.136398180822123,0.05672570076612074,0.8145276694142928
ID119997,119997,28,2.5954012870788574,13.0,80.0,0.0,48.0,48,5.0,1,,130.95876288659792,134.0,82.0,151.0,12703.0,14.609441528920327,0.060283545473883274,1.0193133445939442
ID124093,124093,28,2.5267889499664307,12.0,92.0,0.0,58.0,58,5.0,1,,131.62886597938143,135.0,81.0,154.0,12768.0,13.957017043131675,0.05966512611964239,1.062038957487849
ID127677,127677,28,2.4883272647857666,13.0,99.0,0.0,71.0,71,5.0,1,,130.39175257731958,133.0,87.0,147.0,12648.0,12.576065810557674,0.05760922301698109,1.1295412752384884
ID114497,114497,28,2.47676944732666,18.0,89.0,0.0,25.0,25,5.0,1,,131.41237113402062,133.0,90.0,145.0,12747.0,11.17544982066306,0.061781838729067826,1.3684431852281924
ID109764,109764,28,2.4799065589904785,45.0,101.0,0.0,8.0,8,5.0,1,,129.57731958762886,132.0,81.0,150.0,12569.0,14.467517533214986,0.0528717273498029,0.8995245191118849
ID120260,120260,28,2.4800381660461426,19.0,79.0,0.0,43.0,43,5.0,1,,132.41237113402062,135.0,87.0,144.0,12844.0,11.267350118557518,0.06383191775140355,1.410267978461772
ID113095,113095,28,2.526761054992676,30.0,94.0,0.0,17.0,17,5.0,1,,130.57731958762886,135.0,76.0,147.0,12666.0,14.86735451385181,0.05931101631179334,0.9835035340960319
ID108358,108358,28,2.4568281173706055,43.0,106.0,0.0,0.0,0,5.0,1,,130.8556701030928,137.0,83.0,146.0,12693.0,15.795562200294354,0.05601345548528177,0.8788411156279816
ID110921,110921,28,2.409010171890259,38.0,105.0,0.0,11.0,11,5.0,1,,128.53608247422682,133.0,74.0,147.0,12468.0,16.615794353359306,0.05120059496507037,0.7535695757188409
ID122441,122441,28,2.696173667907715,17.0,82.0,0.0,44.0,44,5.0,1,,131.7835051546392,135.0,88.0,147.0,12783.0,13.850561664396286,0.06275454262170158,1.123662438969128
ID114765,114765,28,2.7223331928253174,19.0,92.0,0.0,24.0,24,5.0,1,,132.5463917525773,136.0,96.0,148.0,12857.0,12.396253313801358,0.06444728412988769,1.2947559790498546
ID108622,108622,28,2.4270076751708984,45.0,108.0,0.0,4.0,4,5.0,1,,130.89690721649484,135.0,80.0,147.0,12697.0,14.108570486352788,0.054868379222962116,0.9651620256919693
ID115790,115790,28,2.239696502685547,16.0,85.0,0.0,30.0,30,5.0,1,,128.53608247422682,132.0,84.0,147.0,12468.0,13.647391276716357,0.05001503646933019,0.8972438358236651
ID126030,126030,28,2.5572524070739746,14.0,108.0,0.0,65.0,65,5.0,1,,130.31958762886597,134.0,79.0,146.0,12641.0,15.009404268485982,0.05919315570832348,0.9704486617210475
ID113360,113360,28,2.63026762008667,23.0,88.0,0.0,20.0,20,5.0,1,,129.9278350515464,135.0,75.0,151.0,12603.0,16.200724921203633,0.06005967222489082,0.9087624931943824
ID118864,118864,28,2.2383873462677,15.0,85.0,0.0,38.0,38,5.0,1,,131.53608247422682,134.0,89.0,147.0,12759.0,10.379328269520169,0.05820084206421788,1.3940129765055813
ID127955,127955,28,2.720231056213379,16.0,101.0,0.0,69.0,69,5.0,1,,130.36082474226805,134.0,79.0,149.0,12645.0,15.873973435975252,0.06224964869711533,0.9625022526120005
ID124370,124370,28,2.5123369693756104,12.0,97.0,0.0,59.0,59,5.0,1,,129.38144329896906,135.0,75.0,144.0,12550.0,15.730439771194849,0.05712129157755565,0.8888619626025703
ID117975,117975,28,2.335622549057007,16.0,82.0,0.0,37.0,37,5.0,1,,130.83505154639175,134.0,79.0,146.0,12691.0,13.451827952279636,0.058053798797350835,1.0673225718486938
ID120536,120536,28,2.772949457168579,14.0,81.0,0.0,49.0,49,5.0,1,,132.8041237113402,135.0,89.0,148.0,12882.0,12.704690058578217,0.06291677301347491,1.2374984424343238
ID116826,116826,28,2.594464063644409,12.0,88.0,0.0,31.0,31,5.0,1,,131.1443298969072,135.0,79.0,147.0,12721.0,13.967961622585973,0.058544395422637244,1.0385388066901804
ID121310,121310,28,2.7701854705810547,17.0,83.0,0.0,45.0,45,5.0,1,,132.82474226804123,136.0,85.0,147.0,12884.0,12.58306592647299,0.06504546145049438,1.2893515852326198
ID111201,111201,28,2.4821207523345947,41.0,104.0,0.0,10.0,10,5.0,1,,130.57731958762886,133.0,84.0,150.0,12666.0,13.211291770320942,0.05273052654854972,0.9901417028953151
ID115681,115681,28,2.836649179458618,23.0,89.0,0.0,28.0,28,5.0,1,,131.89690721649484,135.0,77.0,152.0,12794.0,14.923753811794526,0.06642249532187214,1.10096223197288
ID124646,124646,28,2.71164608001709,14.0,107.0,0.0,64.0,64,5.0,1,,133.28865979381445,136.0,91.0,149.0,12929.0,11.963450208592455,0.06568321610723231,1.3733873215596109
ID126310,126310,28,2.5820963382720947,13.0,105.0,0.0,66.0,66,5.0,1,,130.38144329896906,134.0,88.0,153.0,12647.0,13.961586659898499,0.05629102232599332,0.9953287552923744
ID113646,113646,28,2.541823148727417,22.0,95.0,0.0,21.0,21,5.0,1,,131.6701030927835,135.0,88.0,145.0,12772.0,11.88374384180316,0.06107998160490823,1.275600455944585
ID111473,111473,28,2.36612606048584,35.0,101.0,0.0,12.0,12,5.0,1,,130.03092783505156,133.0,85.0,141.0,12613.0,13.008373591850551,0.05662849734575656,1.0714363447936042
ID122737,122737,28,2.369342803955078,8.0,89.0,0.0,53.0,53,5.0,1,,130.7835051546392,133.0,81.0,145.0,12686.0,13.578649604651806,0.056645572177402626,1.0326734640817778
ID110064,110064,28,2.6796352863311768,42.0,108.0,0.0,3.0,3,5.0,1,,130.8556701030928,136.0,73.0,150.0,12693.0,16.950903178199706,0.06009945861046212,0.8752933829364642
ID120816,120816,28,2.383671522140503,13.0,88.0,0.0,50.0,50,5.0,1,,130.94845360824743,135.0,88.0,144.0,12702.0,12.472779640431511,0.05679617904591019,1.1284829593447605
ID119157,119157,28,2.2215168476104736,19.0,89.0,0.0,40.0,40,5.0,1,,129.4020618556701,133.0,86.0,142.0,12552.0,12.257361558309928,0.0545645661131926,1.0924755512935787
ID117108,117108,28,2.3482046127319336,18.0,87.0,0.0,33.0,33,5.0,1,,130.41237113402062,134.0,87.0,143.0,12650.0,13.090034836756216,0.056664745665826285,1.0685225955562332
ID121076,121076,28,2.4429407119750977,15.0,87.0,0.0,51.0,51,5.0,1,,132.18556701030928,134.0,88.0,147.0,12822.0,11.797183541799303,0.06016291967659181,1.271721435566099
ID126583,126583,28,2.504760980606079,14.0,103.0,0.0,70.0,70,5.0,1,,129.15463917525773,134.0,81.0,147.0,12528.0,15.027987921282058,0.05466984161437952,0.8909851320256519
ID121592,121592,28,2.682600259780884,16.0,81.0,0.0,46.0,46,5.0,1,,132.69072164948454,135.0,92.0,153.0,12871.0,11.242924464544974,0.06393768177652158,1.4185085371999935
ID124922,124922,28,2.736149311065674,15.0,107.0,0.0,63.0,63,5.0,1,,131.4742268041237,136.0,73.0,150.0,12753.0,16.43553871918079,0.06265681927144442,0.9433263986837624
ID108925,108925,28,2.37186861038208,41.0,108.0,0.0,1.0,1,5.0,1,,131.340206185567,134.0,97.0,141.0,12740.0,10.77698802033193,0.05817347676738159,1.339980375498177
ID111740,111740,28,2.977956533432007,32.0,97.0,0.0,16.0,16,5.0,1,,131.49484536082474,136.0,82.0,154.0,12755.0,16.058567100447902,0.06585273301049124,1.0118322888008553
ID111999,111999,28,2.383594036102295,25.0,94.0,0.0,19.0,19,5.0,1,,129.7422680412371,133.0,80.0,145.0,12585.0,15.00435933217651,0.05235815522343629,0.8604285063549972
ID126847,126847,28,2.771472692489624,15.0,104.0,0.0,67.0,67,5.0,1,,130.7319587628866,133.0,85.0,147.0,12681.0,13.385716473102287,0.062488129689212385,1.1487977637839804
ID115070,115070,28,2.4600515365600586,20.0,86.0,0.0,29.0,29,5.0,1,,128.28865979381445,132.0,70.0,146.0,12444.0,15.74004894825524,0.054491575746193,0.8423613605735015
ID121089,121089,100,2.524610996246338,44.0,115.0,0.0,51.0,51,5.0,1,,131.03092783505156,135.0,79.0,142.0,12710.0,13.938446237122502,0.0590866423961125,1.0489318411200343
ID122755,122755,100,2.3440256118774414,50.0,114.0,0.0,53.0,53,5.0,1,,130.7422680412371,134.0,77.0,145.0,12682.0,13.802383814728243,0.05326497247896624,0.9580672079781288
ID113666,113666,100,2.490652084350586,63.0,124.0,0.0,21.0,21,5.0,1,,130.8762886597938,135.0,75.0,152.0,12695.0,15.091566168420282,0.054409345778462286,0.894995623647258
ID120837,120837,100,2.5344882011413574,45.0,116.0,0.0,50.0,50,5.0,1,,131.1443298969072,134.0,84.0,146.0,12721.0,12.79077604721599,0.057891235325804945,1.122159051788879
ID115718,115718,100,2.322695016860962,73.0,118.0,0.0,28.0,28,5.0,1,,127.82474226804123,132.0,70.0,146.0,12399.0,17.10141947646351,0.04630325121064928,0.6615560920987408
ID119176,119176,100,2.2929437160491943,55.0,114.0,0.0,40.0,40,5.0,1,,132.83505154639175,136.0,86.0,144.0,12885.0,10.609233804775837,0.05611055644154862,1.3304355952930795
ID117131,117131,100,2.3168225288391113,74.0,121.0,0.0,33.0,33,5.0,1,,131.06185567010309,132.0,87.0,147.0,12713.0,10.84340663048066,0.05478296835295688,1.2555182093609043
ID127115,127115,100,3.637561321258545,52.0,85.0,0.0,72.0,72,5.0,1,,127.8659793814433,135.0,76.0,149.0,12403.0,17.981836244052047,0.09740243768971975,1.2622775908767425
ID125194,125194,100,3.3332366943359375,49.0,100.0,0.0,61.0,61,5.0,1,,132.93814432989691,137.0,92.0,151.0,12895.0,12.406159788076453,0.08893382883510242,1.750280836601149
ID128783,128783,100,3.517855405807495,53.0,89.0,0.0,75.0,75,5.0,1,,128.77319587628867,135.0,80.0,147.0,12491.0,16.248400661449207,0.09314385786858392,1.3505844744091982
ID115086,115086,100,2.3232126235961914,77.0,115.0,0.0,29.0,29,5.0,1,,130.5257731958763,135.0,72.0,142.0,12661.0,13.537057767095868,0.05559865979349375,1.015704743929815
ID111760,111760,100,2.7297325134277344,53.0,127.0,0.0,16.0,16,5.0,1,,130.20618556701032,136.0,71.0,144.0,12630.0,16.666419671709313,0.062304849140873364,0.9164145657534833
ID123027,123027,100,2.540679931640625,54.0,112.0,0.0,54.0,54,5.0,1,,133.43298969072166,137.0,82.0,154.0,12943.0,12.59125623903254,0.062341824730277995,1.243768003265054
ID121621,121621,100,2.7843527793884277,46.0,119.0,0.0,46.0,46,5.0,1,,133.42268041237114,135.0,87.0,154.0,12942.0,12.602773381570286,0.06201938114272411,1.2364840421833831
ID113942,113942,100,2.529632329940796,62.0,121.0,0.0,22.0,22,5.0,1,,132.37113402061857,137.0,76.0,148.0,12840.0,14.973810183414729,0.053349156998038195,0.8954599590360663
ID112027,112027,100,2.4745733737945557,63.0,132.0,0.0,19.0,19,5.0,1,,130.17525773195877,136.0,80.0,145.0,12627.0,15.460979317083995,0.05577367747736421,0.8895695194234292
ID118303,118303,100,2.336717367172241,73.0,124.0,0.0,34.0,34,5.0,1,,129.18556701030928,135.0,75.0,145.0,12531.0,16.439491258923848,0.04711687315551442,0.7071913196499376
ID119455,119455,100,2.576874017715454,49.0,123.0,0.0,42.0,42,5.0,1,,130.4536082474227,133.0,68.0,149.0,12654.0,16.995109969829493,0.05513189802101638,0.8021550168981584
ID123295,123295,100,4.056361675262451,57.0,105.0,0.0,57.0,57,5.0,1,,127.57731958762886,135.0,73.0,157.0,12375.0,21.73315202420524,0.08898535558499432,0.9593503797382477
ID127390,127390,100,3.6496291160583496,53.0,90.0,0.0,68.0,68,5.0,1,,127.09278350515464,135.0,77.0,149.0,12328.0,17.660621493775114,0.09171426258407418,1.2091294489569395
ID125475,125475,100,3.5078320503234863,48.0,102.0,0.0,62.0,62,5.0,1,,136.2577319587629,139.0,96.0,151.0,13217.0,11.371820389413127,0.09974499272483353,2.173503127577893
ID109218,109218,100,2.0680272579193115,63.0,134.0,0.0,9.0,9,5.0,1,,128.01030927835052,133.0,69.0,143.0,12417.0,13.836466647173717,0.04723475765185702,0.8345788708669414
ID112290,112290,100,2.440865993499756,55.0,132.0,0.0,14.0,14,5.0,1,,129.5257731958763,135.0,70.0,145.0,12564.0,14.919291750047128,0.05969492108980946,0.9781253439818738
ID129060,129060,100,3.6073365211486816,54.0,87.0,0.0,76.0,76,5.0,1,,128.0721649484536,135.0,72.0,145.0,12423.0,15.932309561783839,0.09576368583950212,1.4050441147572155
ID123559,123559,100,3.6833040714263916,55.0,105.0,0.0,55.0,55,5.0,1,,134.79381443298968,139.0,77.0,158.0,13075.0,13.973142500533164,0.10131805528622291,1.7749247972394553
ID121898,121898,100,2.763333797454834,48.0,119.0,0.0,47.0,47,5.0,1,,133.49484536082474,135.0,86.0,148.0,12949.0,13.206787799698093,0.06530950419958857,1.2393611480270106
ID112557,112557,100,1.8533962965011597,61.0,135.0,0.0,13.0,13,5.0,1,,125.9278350515464,131.0,66.0,140.0,12215.0,14.6438606466729,0.043805376891279856,0.7217786587394177
ID116269,116269,100,2.564523935317993,59.0,127.0,0.0,23.0,23,5.0,1,,129.29896907216494,133.0,76.0,147.0,12542.0,15.414525717412895,0.05448803266060064,0.8668707784431601
ID117424,117424,100,2.656797170639038,64.0,119.0,0.0,36.0,36,5.0,1,,131.82474226804123,135.0,73.0,150.0,12787.0,15.015277157281027,0.06156894566768111,1.018373488435689
ID127667,127667,100,3.9854798316955566,51.0,85.0,0.0,71.0,71,5.0,1,,126.6082474226804,134.0,62.0,151.0,12281.0,19.81085387537542,0.09844624950418518,1.145537111169709
ID125752,125752,100,3.6764848232269287,46.0,105.0,0.0,60.0,60,5.0,1,,130.1443298969072,139.0,73.0,152.0,12624.0,19.81055573568549,0.08739861177356915,1.0560253623883706
ID129336,129336,100,1.790304183959961,59.0,92.0,0.0,78.0,78,5.0,1,,127.65979381443299,132.0,60.0,145.0,12383.0,15.608415597268184,0.03924290908373504,0.6176883898262223
ID109499,109499,100,2.2162370681762695,58.0,132.0,0.0,7.0,7,5.0,1,,127.85567010309278,132.0,72.0,143.0,12402.0,14.245605821563629,0.05086874289801021,0.8689035986140765
ID122171,122171,100,2.630211114883423,46.0,114.0,0.0,52.0,52,5.0,1,,130.81443298969072,134.0,83.0,149.0,12689.0,13.62162029711959,0.06066396062073121,1.098524727208715
ID112826,112826,100,2.6645452976226807,61.0,131.0,0.0,18.0,18,5.0,1,,132.11340206185568,137.0,76.0,145.0,12815.0,14.644307973193756,0.061400079425294685,1.043753237153955
ID123834,123834,100,4.037980079650879,55.0,107.0,0.0,56.0,56,5.0,1,,131.41237113402062,136.0,83.0,155.0,12747.0,16.772840507622977,0.09856145264196746,1.4058609554574228
ID118591,118591,100,2.732133388519287,68.0,122.0,0.0,35.0,35,5.0,1,,134.06185567010309,136.0,83.0,149.0,13004.0,13.475142572676248,0.060597516427129225,1.1368576082997048
ID115390,115390,100,2.306795120239258,70.0,120.0,0.0,27.0,27,5.0,1,,130.75257731958763,135.0,74.0,143.0,12683.0,14.031980532456224,0.051613148737755736,0.9146725112780499
ID110656,110656,100,2.5612070560455322,53.0,132.0,0.0,15.0,15,5.0,1,,132.83505154639175,136.0,89.0,147.0,12885.0,11.276524668135357,0.061479612538639164,1.3645418961253677
ID114240,114240,100,2.4500539302825928,67.0,124.0,0.0,26.0,26,5.0,1,,129.05154639175257,134.0,75.0,147.0,12518.0,15.972222720254983,0.05103587290602225,0.7846678508584296
ID124101,124101,100,4.587584972381592,53.0,103.0,0.0,58.0,58,5.0,1,,133.8556701030928,142.0,72.0,159.0,12984.0,21.787319367544228,0.10897558984138903,1.2074529315247031
ID129606,129606,100,3.8270626068115234,54.0,85.0,0.0,79.0,79,5.0,1,,133.1237113402062,137.0,79.0,149.0,12913.0,13.577138975098576,0.10363068973011524,1.8413729915927652
ID116553,116553,100,2.4919841289520264,73.0,119.0,0.0,32.0,32,5.0,1,,131.44329896907217,135.0,77.0,146.0,12750.0,13.594552426251603,0.057944522466691975,1.0591391609086807
ID126024,126024,100,3.8952386379241943,55.0,95.0,0.0,65.0,65,5.0,1,,130.11340206185568,136.0,82.0,148.0,12621.0,16.318366626200042,0.09936398042911701,1.4413279845057085
ID119754,119754,100,2.579648733139038,50.0,121.0,0.0,41.0,41,5.0,1,,131.83505154639175,136.0,78.0,147.0,12788.0,14.012405524786422,0.059395611240304215,1.0549803682367325
ID127948,127948,100,3.675713539123535,53.0,90.0,0.0,69.0,69,5.0,1,,126.41237113402062,132.0,72.0,149.0,12262.0,17.57587869858834,0.08941987894841091,1.1807047447643875
ID117716,117716,100,1.9978612661361694,57.0,119.0,0.0,39.0,39,5.0,1,,130.63917525773195,133.0,83.0,145.0,12672.0,11.166528824096686,0.04576428935997242,1.0239485839557558
ID114519,114519,100,2.725541114807129,65.0,124.0,0.0,25.0,25,5.0,1,,132.98969072164948,136.0,79.0,147.0,12900.0,13.372464592525589,0.06370737032412735,1.1912530497942826
ID124375,124375,100,3.732897996902466,49.0,103.0,0.0,59.0,59,5.0,1,,132.62886597938143,137.0,82.0,152.0,12865.0,16.431879322694694,0.09577625801157386,1.4109667965132688
ID120024,120024,100,2.219650983810425,45.0,116.0,0.0,48.0,48,5.0,1,,131.2577319587629,132.0,95.0,153.0,12732.0,10.22586421624462,0.05460970790486874,1.329330467022123
ID113117,113117,100,2.453638792037964,58.0,128.0,0.0,17.0,17,5.0,1,,131.50515463917526,135.0,77.0,142.0,12756.0,11.682540134159794,0.06139767235718465,1.302294679781988
ID129885,129885,100,3.497685432434082,53.0,83.0,0.0,80.0,80,5.0,1,,127.03092783505154,134.0,73.0,152.0,12322.0,19.178684787331523,0.08425982670142862,1.0294561186623896
ID109788,109788,100,2.2900068759918213,61.0,133.0,0.0,8.0,8,5.0,1,,130.37113402061857,134.0,48.0,145.0,12646.0,13.891183945543826,0.05437101009221127,0.9679348383118562
ID110940,110940,100,1.9894256591796875,58.0,130.0,0.0,11.0,11,5.0,1,,125.96907216494846,129.0,61.0,140.0,12219.0,13.59185847625291,0.0490456550769055,0.8666050840703735
ID126303,126303,100,3.650433301925659,52.0,93.0,0.0,66.0,66,5.0,1,,129.15463917525773,134.0,80.0,152.0,12528.0,16.55630557508325,0.09086673523225686,1.299600286802329
ID124641,124641,100,3.627605438232422,55.0,97.0,0.0,64.0,64,5.0,1,,126.77319587628865,135.0,76.0,148.0,12297.0,17.632536895986238,0.0936073040420148,1.230809864849384
ID128225,128225,100,3.345600128173828,51.0,85.0,0.0,73.0,73,5.0,1,,125.84536082474227,134.0,74.0,146.0,12207.0,17.933523198064922,0.08761037630797205,1.1305344230709717
ID120296,120296,100,2.3789100646972656,45.0,125.0,0.0,43.0,43,5.0,1,,131.8762886597938,137.0,88.0,146.0,12792.0,14.44692710402946,0.052938293915850136,0.9178849538393657
ID114794,114794,100,2.4111647605895996,59.0,124.0,0.0,24.0,24,5.0,1,,130.05154639175257,133.0,73.0,145.0,12615.0,14.35804879822102,0.04943730589730729,0.8533916482150528
ID116845,116845,100,2.3968544006347656,77.0,121.0,0.0,31.0,31,5.0,1,,130.53608247422682,133.0,74.0,143.0,12662.0,13.286946802274043,0.05699356303486614,1.0594704306287237
ID118892,118892,100,2.2328405380249023,61.0,124.0,0.0,38.0,38,5.0,1,,131.0721649484536,134.0,82.0,148.0,12714.0,13.564082029604581,0.04813397133602049,0.8875339173433406
ID126572,126572,100,3.484607696533203,50.0,87.0,0.0,70.0,70,5.0,1,,127.22680412371135,133.0,78.0,151.0,12341.0,16.423753855974873,0.0866499181658371,1.2354201808833587
ID113391,113391,100,2.031795024871826,65.0,131.0,0.0,20.0,20,5.0,1,,128.0,133.0,84.0,140.0,12416.0,12.908330643425586,0.04729049000152649,0.8955225746734997
ID118000,118000,100,2.379545211791992,61.0,120.0,0.0,37.0,37,5.0,1,,132.6701030927835,135.0,87.0,153.0,12869.0,12.713773411708312,0.056997356197963506,1.1254064651726003
ID122480,122480,100,2.283355712890625,46.0,120.0,0.0,44.0,44,5.0,1,,128.71134020618555,133.0,79.0,153.0,12485.0,16.202468152315685,0.04634416078772106,0.7036976469550226
ID126837,126837,100,3.568310499191284,52.0,89.0,0.0,67.0,67,5.0,1,,127.57731958762886,133.0,76.0,149.0,12375.0,17.990642852342713,0.08758244179884467,1.1421197680373358
ID120564,120564,100,2.2996342182159424,43.0,121.0,0.0,49.0,49,5.0,1,,127.96907216494846,130.0,74.0,149.0,12413.0,15.216803765524741,0.04609990464083874,0.7412051723397401
ID124921,124921,100,3.988334894180298,44.0,105.0,0.0,63.0,63,5.0,1,,144.28865979381445,146.0,109.0,155.0,13996.0,8.307826083086004,0.11448136030542908,3.568097972838591
ID128505,128505,100,3.840538263320923,52.0,87.0,0.0,74.0,74,5.0,1,,125.30927835051547,136.0,58.0,153.0,12155.0,23.58996998405885,0.091897599195542,0.8941452852344202
ID111226,111226,100,2.211918354034424,57.0,133.0,0.0,10.0,10,5.0,1,,129.659793814433,133.0,82.0,145.0,12577.0,11.805618893435643,0.05518780520713624,1.1488409893191842
ID121343,121343,100,2.3232388496398926,47.0,122.0,0.0,45.0,45,5.0,1,,129.94845360824743,134.0,80.0,150.0,12605.0,14.724816873522165,0.04740115444992172,0.7987798113277921
ID115838,115838,100,2.2433149814605713,74.0,119.0,0.0,30.0,30,5.0,1,,130.56701030927834,133.0,91.0,147.0,12665.0,10.980956258160884,0.05215306191879014,1.1787567199623843
ID153986,153986,645,2.3487489223480225,83.0,178.0,0.0,168.0,168,5.0,1,,129.7835051546392,135.0,87.0,145.0,12589.0,14.719054263750913,0.050910663068370186,0.8543042036149252
ID150400,150400,645,2.660200595855713,82.0,173.0,0.0,152.0,152,5.0,1,,130.75257731958763,135.0,72.0,150.0,12683.0,16.207656966073063,0.05922631359579931,0.9021649665506836
ID133253,133253,645,1.754697561264038,89.0,174.0,0.0,95.0,95,5.0,1,,88.9381443298969,84.0,47.0,144.0,8627.0,24.153939651478915,-0.036376833309333494,-0.2780018846457136
ID139016,139016,645,2.8341102600097656,85.0,172.0,0.0,111.0,111,5.0,1,,131.5463917525773,135.0,76.0,147.0,12760.0,15.546315626323317,0.06532302947030885,1.0376871945648862
ID152072,152072,645,2.5337705612182617,76.0,175.0,0.0,161.0,161,5.0,1,,129.05154639175257,132.0,67.0,151.0,12518.0,15.683969479230361,0.05438425286435124,0.8488119311398065
ID135438,135438,645,2.784048557281494,85.0,175.0,0.0,105.0,105,5.0,1,,130.5257731958763,135.0,71.0,148.0,12661.0,16.02803064393826,0.05973996121327284,0.9181459675399701
ID147980,147980,645,2.8501813411712646,89.0,170.0,0.0,145.0,145,5.0,1,,129.8659793814433,135.0,65.0,150.0,12597.0,18.738123386327597,0.0589840046487446,0.7720477313462338
ID143117,143117,645,2.5321199893951416,91.0,166.0,0.0,126.0,126,5.0,1,,128.43298969072166,134.0,68.0,149.0,12458.0,17.561147466599174,0.05353431222663677,0.7432539758931802
ID154253,154253,645,2.714674949645996,79.0,182.0,0.0,164.0,164,5.0,1,,132.88659793814432,136.0,79.0,150.0,12890.0,13.891601396062272,0.0662979119418038,1.189543031685386
ID140691,140691,645,2.6848442554473877,90.0,175.0,0.0,119.0,119,5.0,1,,130.56701030927834,135.0,73.0,152.0,12665.0,17.519576678969997,0.05890304567759861,0.8291276552700897
ID147731,147731,645,2.7546370029449463,94.0,169.0,0.0,143.0,143,5.0,1,,131.7835051546392,133.0,84.0,153.0,12783.0,13.750171820232312,0.062658613130139,1.1302380831590062
ID145815,145815,645,2.692344903945923,96.0,168.0,0.0,137.0,137,5.0,1,,130.6701030927835,133.0,79.0,148.0,12675.0,14.693196873528263,0.06017819757534447,1.00960208489325
ID135700,135700,645,2.387294054031372,87.0,174.0,0.0,107.0,107,5.0,1,,129.8659793814433,134.0,73.0,143.0,12597.0,13.823009852219975,0.05356639356399996,0.9553296830015979
ID152347,152347,645,2.5654308795928955,74.0,178.0,0.0,162.0,162,5.0,1,,129.88659793814432,133.0,82.0,146.0,12599.0,13.615154155587536,0.0613234183122681,1.1024283746609411
ID137368,137368,645,2.963590145111084,85.0,179.0,0.0,100.0,100,5.0,1,,132.50515463917526,134.0,88.0,151.0,12853.0,14.150326638853763,0.06644978146876153,1.1669424845927103
ID143384,143384,645,2.420564889907837,91.0,165.0,0.0,130.0,130,5.0,1,,127.05154639175258,129.0,80.0,146.0,12324.0,13.921185244993671,0.05006435667251601,0.8702548679847683
ID135966,135966,645,2.0837082862854004,89.0,175.0,0.0,99.0,99,5.0,1,,130.18556701030928,132.0,88.0,145.0,12628.0,10.561654203717351,0.05173927723970588,1.2127552267484059
ID150684,150684,645,2.757420778274536,76.0,171.0,0.0,156.0,156,5.0,1,,132.50515463917526,137.0,85.0,143.0,12853.0,12.771325067754491,0.06776449815808822,1.316902309335179
ID143650,143650,645,2.6408495903015137,89.0,165.0,0.0,124.0,124,5.0,1,,130.9278350515464,135.0,73.0,151.0,12700.0,15.669933672668877,0.0591738220129904,0.9335921832506506
ID148258,148258,645,2.717600107192993,86.0,172.0,0.0,146.0,146,5.0,1,,130.08247422680412,135.0,71.0,146.0,12618.0,16.939641686915923,0.05916992499948709,0.8579854894654294
ID146081,146081,645,2.4264280796051025,95.0,166.0,0.0,138.0,138,5.0,1,,130.60824742268042,133.0,87.0,147.0,12669.0,12.749637822495623,0.057109351904477926,1.10685330535936
ID152870,152870,645,2.8845651149749756,79.0,180.0,0.0,165.0,165,5.0,1,,132.61855670103094,137.0,78.0,153.0,12864.0,16.46362360058854,0.06794952911028528,1.0250489076411358
ID140967,140967,645,2.7400155067443848,90.0,172.0,0.0,120.0,120,5.0,1,,131.94845360824743,135.0,75.0,149.0,12799.0,14.68018160510158,0.06174917218478989,1.0454712177577665
ID152615,152615,645,2.7458386421203613,75.0,176.0,0.0,160.0,160,5.0,1,,131.61855670103094,135.0,86.0,148.0,12767.0,13.767748619939852,0.06416550138589623,1.152860099531935
ID133802,133802,645,1.8628231287002563,90.0,174.0,0.0,94.0,94,5.0,1,,90.22680412371135,84.0,39.0,155.0,8752.0,25.751013392129824,-0.041296965713659727,-0.30185980481313185
ID141226,141226,645,2.6010663509368896,88.0,170.0,0.0,121.0,121,5.0,1,,131.05154639175257,133.0,83.0,146.0,12712.0,13.351319483809938,0.06086062957553935,1.1262273393166813
ID137643,137643,645,2.3916220664978027,83.0,180.0,0.0,102.0,102,5.0,1,,130.88659793814432,135.0,85.0,143.0,12696.0,13.01671704695206,0.05903285340320244,1.1210063002912165
ID154537,154537,645,2.834721565246582,81.0,179.0,0.0,166.0,166,5.0,1,,134.01030927835052,136.0,81.0,154.0,12999.0,13.23623093173999,0.06689508879660196,1.269627697221233
ID148783,148783,645,2.972738265991211,85.0,170.0,0.0,149.0,149,5.0,1,,133.88659793814432,137.0,81.0,155.0,12987.0,13.92904361446779,0.06980569153683233,1.2543875457119318
ID139308,139308,645,2.8004140853881836,88.0,175.0,0.0,112.0,112,5.0,1,,133.7422680412371,135.0,93.0,149.0,12973.0,11.590475930797904,0.06718372982242783,1.4528551775743175
ID148525,148525,645,2.7240679264068604,87.0,168.0,0.0,147.0,147,5.0,1,,131.05154639175257,133.0,82.0,147.0,12712.0,12.961779660168693,0.06315669738295472,1.2012396072444758
ID146354,146354,645,2.714458465576172,96.0,169.0,0.0,140.0,140,5.0,1,,132.06185567010309,136.0,80.0,148.0,12810.0,15.028316628527806,0.06235241366228251,1.0315296490452226
ID136240,136240,645,2.8214149475097656,87.0,172.0,0.0,106.0,106,5.0,1,,132.81443298969072,136.0,84.0,153.0,12883.0,13.747219337702461,0.06636283671260763,1.2024868807324374
ID141494,141494,645,2.754927158355713,86.0,176.0,0.0,113.0,113,5.0,1,,131.5463917525773,135.0,75.0,154.0,12760.0,15.395494889304405,0.06299420645030529,1.0127097559437224
ID149050,149050,645,2.8090579509735107,87.0,168.0,0.0,148.0,148,5.0,1,,131.98969072164948,135.0,82.0,150.0,12803.0,14.207168704977216,0.06409298211772617,1.119163065704513
ID153144,153144,645,2.4658076763153076,83.0,174.0,0.0,169.0,169,5.0,1,,130.659793814433,135.0,88.0,150.0,12674.0,14.879296716927795,0.053853497562408904,0.8974768041279101
ID139584,139584,645,2.6616930961608887,88.0,171.0,0.0,115.0,115,5.0,1,,131.81443298969072,134.0,88.0,149.0,12786.0,10.719267987393867,0.06541982848305565,1.5101373841092427
ID137921,137921,645,2.6137759685516357,87.0,171.0,0.0,108.0,108,5.0,1,,129.81443298969072,134.0,76.0,151.0,12592.0,15.820826132629755,0.057257835862395225,0.8887463605587298
ID134342,134342,645,2.681316614151001,83.0,180.0,0.0,96.0,96,5.0,1,,132.1443298969072,136.0,84.0,148.0,12818.0,13.835333457854722,0.06466000897231364,1.1601488582629722
ID154822,154822,645,2.4464409351348877,87.0,173.0,0.0,170.0,170,5.0,1,,130.36082474226805,136.0,74.0,148.0,12645.0,16.569415579496102,0.049722310804052726,0.7453268736707537
ID136519,136519,645,2.3928568363189697,83.0,174.0,0.0,104.0,104,5.0,1,,129.11340206185568,134.0,81.0,147.0,12524.0,15.39607382896949,0.051930008646905154,0.8279857944093718
ID138186,138186,645,2.6614575386047363,88.0,169.0,0.0,109.0,109,5.0,1,,131.24742268041237,133.0,82.0,148.0,12731.0,14.086067975008621,0.06327332470724913,1.1089366483595302
ID139850,139850,645,2.7813844680786133,89.0,175.0,0.0,117.0,117,5.0,1,,131.46391752577318,135.0,73.0,153.0,12752.0,15.3086725527219,0.06180114685743564,0.999660141130798
ID141898,141898,645,2.742119789123535,91.0,172.0,0.0,122.0,122,5.0,1,,131.17525773195877,136.0,83.0,147.0,12724.0,15.69568034343523,0.061058356884096034,0.9618505979142135
ID146634,146634,645,2.498030185699463,98.0,171.0,0.0,139.0,139,5.0,1,,129.7422680412371,133.0,82.0,152.0,12585.0,14.869066288856391,0.051960179478046514,0.8619838433644195
ID149321,149321,645,2.6224114894866943,84.0,167.0,0.0,150.0,150,5.0,1,,129.62886597938143,135.0,67.0,146.0,12574.0,17.28096230178173,0.05907330865496168,0.8368142513758777
ID153420,153420,645,2.610180616378784,76.0,183.0,0.0,163.0,163,5.0,1,,131.5257731958763,134.0,74.0,150.0,12758.0,14.011225249409511,0.060900706792612475,1.0777358719705354
ID146893,146893,645,2.823244333267212,96.0,168.0,0.0,142.0,142,5.0,1,,132.16494845360825,133.0,83.0,150.0,12820.0,14.176477298365242,0.06518596714775447,1.141055153759837
ID144086,144086,645,2.5242578983306885,86.0,160.0,0.0,128.0,128,5.0,1,,132.7319587628866,134.0,97.0,146.0,12875.0,9.891616256454173,0.06449044364926018,1.625892535110177
ID151255,151255,645,2.5875790119171143,80.0,174.0,0.0,154.0,154,5.0,1,,131.91752577319588,136.0,88.0,147.0,12796.0,12.775032699805488,0.062318259191395706,1.2115215380989863
ID144469,144469,645,2.401508331298828,94.0,165.0,0.0,132.0,132,5.0,1,,128.48453608247422,133.0,73.0,150.0,12463.0,17.648839316216293,0.04864803939929049,0.6754610336159532
ID140122,140122,645,2.58383846282959,89.0,171.0,0.0,114.0,114,5.0,1,,130.10309278350516,135.0,80.0,148.0,12620.0,14.814466842753793,0.05719342801883293,0.9502180220144448
ID155096,155096,645,3.4851138591766357,90.0,173.0,0.0,171.0,171,5.0,1,,128.8556701030928,133.0,66.0,147.0,12499.0,16.045501505303633,0.08724720899975158,1.2888532628244018
ID149593,149593,645,3.0512630939483643,84.0,174.0,0.0,153.0,153,5.0,1,,132.56701030927834,137.0,82.0,149.0,12859.0,14.840756955435568,0.0686714031387733,1.1479980174980007
ID134621,134621,645,2.604682445526123,83.0,178.0,0.0,97.0,97,5.0,1,,130.7422680412371,135.0,76.0,147.0,12682.0,14.741719674755457,0.06050139529557532,1.0119335806602852
ID142301,142301,645,2.078624725341797,92.0,163.0,0.0,127.0,127,5.0,1,,127.62886597938144,132.0,75.0,143.0,12380.0,14.790424540073264,0.042558419709389346,0.7045038313314863
ID145251,145251,645,2.492805242538452,94.0,164.0,0.0,135.0,135,5.0,1,,131.15463917525773,134.0,90.0,148.0,12722.0,11.421234067685775,0.06234288399245719,1.3477917582443941
ID151523,151523,645,2.729783535003662,75.0,176.0,0.0,159.0,159,5.0,1,,131.0,135.0,80.0,145.0,12707.0,14.33527118683145,0.06323440339188374,1.0869755688021239
ID132710,132710,645,2.6272144317626953,89.0,179.0,0.0,92.0,92,5.0,1,,92.20618556701031,87.0,49.0,159.0,8944.0,26.702815919053794,-0.009295992305795874,-0.06480146522427574
ID136807,136807,645,2.548349380493164,82.0,178.0,0.0,103.0,103,5.0,1,,131.1958762886598,133.0,78.0,147.0,12726.0,13.325757620158146,0.061473016932187874,1.140338637532525
ID144743,144743,645,2.866218328475952,95.0,163.0,0.0,134.0,134,5.0,1,,131.82474226804123,134.0,77.0,152.0,12787.0,15.794916316438615,0.06391864470765891,1.0028332739370311
ID149866,149866,645,2.53802227973938,84.0,172.0,0.0,151.0,151,5.0,1,,131.93814432989691,133.0,90.0,144.0,12798.0,10.781750044432421,0.06013457752116489,1.388271385858632
ID147176,147176,645,2.5239038467407227,96.0,170.0,0.0,141.0,141,5.0,1,,132.30927835051546,135.0,91.0,145.0,12834.0,9.987868500442449,0.06306147036079364,1.5716404407319362
ID151784,151784,645,2.6239118576049805,75.0,174.0,0.0,158.0,158,5.0,1,,131.8041237113402,134.0,90.0,145.0,12785.0,12.064616977669433,0.06181011108568267,1.2719150981636789
ID145001,145001,645,2.243489980697632,96.0,166.0,0.0,133.0,133,5.0,1,,130.71134020618555,131.0,89.0,144.0,12679.0,11.156051013992544,0.05468483504040764,1.2150019546588788
ID138476,138476,645,2.532383441925049,85.0,173.0,0.0,110.0,110,5.0,1,,129.2577319587629,133.0,75.0,145.0,12538.0,15.313582172995062,0.06013691738846416,0.9576105845785415
ID153708,153708,645,2.7353811264038086,83.0,180.0,0.0,167.0,167,5.0,1,,131.8556701030928,133.0,86.0,150.0,12790.0,13.842860442241259,0.0607934101646113,1.091763718396126
ID143981,143981,645,2.4418795108795166,91.0,164.0,0.0,131.0,131,5.0,1,,130.659793814433,132.0,91.0,148.0,12674.0,11.690350898228479,0.05410728976939638,1.1474014145930564
ID142839,142839,645,2.761223316192627,88.0,161.0,0.0,129.0,129,5.0,1,,133.30927835051546,135.0,89.0,147.0,12931.0,11.418516417737052,0.06912491302100436,1.5096867401574172
ID155383,155383,645,1.9770058393478394,93.0,169.0,0.0,172.0,172,5.0,1,,101.84536082474227,101.0,50.0,148.0,9879.0,22.375740307206215,0.0072617890651438125,0.06562889687397476
ID135156,135156,645,2.621368885040283,83.0,177.0,0.0,98.0,98,5.0,1,,132.1340206185567,135.0,85.0,148.0,12817.0,12.600949754201222,0.06073061652089796,1.2007261016359974
ID140405,140405,645,2.453272581100464,89.0,176.0,0.0,118.0,118,5.0,1,,131.18556701030928,132.0,85.0,147.0,12725.0,12.024566777458844,0.058398272200433726,1.203919613433927
ID132986,132986,645,1.488223910331726,91.0,176.0,0.0,91.0,91,5.0,1,,88.45360824742268,82.0,45.0,148.0,8580.0,23.88733129129186,-0.050781912743961995,-0.3962059254308046
ID137082,137082,645,2.909444570541382,82.0,180.0,0.0,101.0,101,5.0,1,,132.7319587628866,136.0,81.0,150.0,12875.0,15.275603823251911,0.06774956886187888,1.1026666609247189
ID145531,145531,645,2.377180814743042,95.0,166.0,0.0,136.0,136,5.0,1,,130.22680412371133,134.0,88.0,147.0,12632.0,12.361318324582108,0.05407340891513176,1.0808824860815958
ID142590,142590,645,2.480626344680786,94.0,167.0,0.0,123.0,123,5.0,1,,128.6701030927835,135.0,75.0,147.0,12481.0,15.739892027295731,0.0552121421190599,0.8554619808595909
ID147452,147452,645,2.6078009605407715,90.0,167.0,0.0,144.0,144,5.0,1,,132.61855670103094,133.0,90.0,149.0,12864.0,11.658726433957337,0.06357129668749202,1.3598081589530349
ID150140,150140,645,2.5705783367156982,77.0,176.0,0.0,157.0,157,5.0,1,,131.1237113402062,133.0,89.0,150.0,12719.0,11.681767963332472,0.061455380903536215,1.2997529894791817
ID138749,138749,645,2.690791368484497,89.0,174.0,0.0,116.0,116,5.0,1,,130.77319587628867,134.0,74.0,144.0,12685.0,13.699532500112896,0.06521286835851729,1.1687991430587847
ID146177,146177,818,2.818972110748291,133.0,311.0,0.0,138.0,138,5.0,1,,92.47422680412372,87.0,29.0,167.0,8970.0,31.55124561180363,-0.020800594372523948,-0.12451991020707485
ID154628,154628,818,2.3465611934661865,131.0,309.0,0.0,166.0,166,5.0,1,,90.43298969072166,83.0,40.0,150.0,8772.0,27.501858731310797,-0.0267049046555041,-0.18044353822849862
ID159493,159493,818,2.3695201873779297,122.0,320.0,0.0,188.0,188,5.0,1,,89.79381443298969,84.0,34.0,151.0,8710.0,28.056096390509133,-0.026344564690787834,-0.1731948227580565
ID166153,166153,818,3.6810302734375,115.0,327.0,0.0,210.0,210,5.0,1,,97.70103092783505,90.0,42.0,172.0,9477.0,30.6536991203256,0.015156789898937394,0.095174446217107
ID151056,151056,818,2.002638578414917,133.0,300.0,0.0,155.0,155,5.0,1,,91.71134020618557,86.0,52.0,156.0,8896.0,26.377057093115425,-0.03744613934278136,-0.27052580938038073
ID146449,146449,818,1.9875820875167847,135.0,307.0,0.0,140.0,140,5.0,1,,93.1340206185567,83.0,54.0,144.0,9034.0,23.942478318696192,-0.0271866845255303,-0.21741824513564945
ID163095,163095,818,2.4427857398986816,116.0,323.0,0.0,199.0,199,5.0,1,,89.78350515463917,85.0,33.0,144.0,8709.0,26.87789782986343,-0.017356576477809832,-0.11800471696241883
ID141076,141076,818,2.1309826374053955,128.0,337.0,0.0,120.0,120,5.0,1,,127.64948453608247,129.0,89.0,142.0,12382.0,10.209310739378825,0.0515647224483154,1.226222596288493
ID159765,159765,818,2.8034183979034424,123.0,319.0,0.0,187.0,187,5.0,1,,94.95876288659794,87.0,40.0,144.0,9211.0,25.839213386897217,0.0015535239514119096,0.011400648220572658
ID141339,141339,818,1.910895824432373,126.0,333.0,0.0,121.0,121,5.0,1,,127.24742268041237,129.0,82.0,141.0,12343.0,10.556426683774061,0.04942599076750399,1.1354437452765402
ID168482,168482,818,2.565342903137207,115.0,330.0,0.0,219.0,219,5.0,1,,94.47422680412372,90.0,45.0,148.0,9164.0,25.412059466383752,-0.008204682124599495,-0.06150963997151914
ID154915,154915,818,3.4691147804260254,127.0,315.0,0.0,170.0,170,5.0,1,,97.15463917525773,87.0,50.0,170.0,9424.0,30.63914306290021,0.00923367583414264,0.058022951228312
ID146721,146721,818,2.596317768096924,135.0,309.0,0.0,139.0,139,5.0,1,,94.30927835051547,89.0,34.0,155.0,9148.0,27.51641965291749,-0.015006139980301392,-0.10443064565179991
ID166442,166442,818,3.018974781036377,113.0,328.0,0.0,212.0,212,5.0,1,,95.01030927835052,88.0,50.0,161.0,9216.0,27.266239368096777,0.0025743379664921913,0.01789470165144664
ID151336,151336,818,2.726207733154297,129.0,302.0,0.0,154.0,154,5.0,1,,97.22680412371135,94.0,47.0,157.0,9431.0,27.770827452352158,-0.009883699407518563,-0.06989731679332555
ID146985,146985,818,1.8476663827896118,140.0,302.0,0.0,142.0,142,5.0,1,,88.96907216494846,81.0,49.0,150.0,8630.0,24.327819127598648,-0.016910479532640944,-0.12581393199556876
ID155190,155190,818,2.908041000366211,129.0,312.0,0.0,171.0,171,5.0,1,,94.72164948453609,90.0,46.0,154.0,9188.0,28.04859706386148,-0.0030944999600206694,-0.020965469562072625
ID163383,163383,818,3.2371859550476074,119.0,324.0,0.0,201.0,201,5.0,1,,94.95876288659794,87.0,46.0,164.0,9211.0,29.362645460748393,9.232562033936995E-4,0.00596611082880381
ID157493,157493,818,2.8469913005828857,125.0,313.0,0.0,179.0,179,5.0,1,,94.76288659793815,85.0,54.0,153.0,9192.0,27.490063809446177,-0.004030443615634134,-0.027899685997344104
ID151610,151610,818,2.3484647274017334,130.0,305.0,0.0,159.0,159,5.0,1,,94.44329896907216,87.0,52.0,157.0,9161.0,27.058181553893018,-0.02633534717083198,-0.18881312577204346
ID163648,163648,818,2.5853753089904785,119.0,322.0,0.0,200.0,200,5.0,1,,91.69072164948453,87.0,39.0,150.0,8894.0,27.00592559387903,-0.013942036012169019,-0.0960107970028396
ID151877,151877,818,2.5724055767059326,131.0,306.0,0.0,158.0,158,5.0,1,,95.82474226804123,88.0,58.0,154.0,9295.0,25.698982757623543,-0.012667358958708238,-0.0956784883161026
ID161359,161359,818,2.9417481422424316,118.0,315.0,0.0,192.0,192,5.0,1,,93.31958762886597,86.0,46.0,149.0,9052.0,27.212338803592605,-0.0014044920694771391,-0.009646430072309045
ID168786,168786,818,2.762021780014038,119.0,326.0,0.0,220.0,220,5.0,1,,92.03092783505154,88.0,41.0,153.0,8927.0,29.158851432086415,-0.013414417648416057,-0.08582828649234021
ID142417,142417,818,2.7376458644866943,128.0,332.0,0.0,127.0,127,5.0,1,,92.75257731958763,83.0,50.0,150.0,8997.0,27.285539106455214,-0.011714797763320597,-0.0805890332291649
ID166741,166741,818,3.4034485816955566,115.0,328.0,0.0,211.0,211,5.0,1,,96.22680412371135,88.0,43.0,156.0,9334.0,29.11382301796948,0.008087429756107734,0.05303213878379583
ID155483,155483,818,2.9893202781677246,125.0,311.0,0.0,172.0,172,5.0,1,,95.0721649484536,88.0,51.0,154.0,9222.0,28.148507739709906,-0.005263879187361873,-0.035745882865476114
ID147544,147544,818,2.2714107036590576,137.0,302.0,0.0,144.0,144,5.0,1,,92.81443298969072,88.0,55.0,151.0,9003.0,25.468252253584925,-0.016482692276336607,-0.12214973032551696
ID163929,163929,818,1.7267584800720215,119.0,323.0,0.0,203.0,203,5.0,1,,90.19587628865979,85.0,50.0,148.0,8749.0,21.294384615461485,-0.025724842804861963,-0.22367769819290362
ID147807,147807,818,2.9990899562835693,140.0,301.0,0.0,143.0,143,5.0,1,,91.61855670103093,86.0,41.0,168.0,8887.0,29.29748399997041,5.65878651587179E-4,0.0035372091302003313
ID157789,157789,818,2.973172426223755,127.0,317.0,0.0,180.0,180,5.0,1,,96.1340206185567,88.0,48.0,164.0,9325.0,27.98050990793241,0.0021572185014318785,0.014791416103107637
ID160354,160354,818,2.178283214569092,119.0,321.0,0.0,189.0,189,5.0,1,,91.01030927835052,85.0,39.0,142.0,8828.0,23.758110389472275,-0.016437304895605485,-0.12803751972495142
ID142691,142691,818,2.9852004051208496,121.0,336.0,0.0,123.0,123,5.0,1,,94.64948453608247,92.0,37.0,152.0,9181.0,28.50220796897197,-1.367416754695442E-4,-9.083014998019722E-4
ID148071,148071,818,2.432584762573242,136.0,305.0,0.0,145.0,145,5.0,1,,95.42268041237114,89.0,51.0,149.0,9256.0,24.327126085378087,-0.0032685181371717013,-0.025725482250515082
ID158821,158821,818,2.9678969383239746,125.0,317.0,0.0,184.0,184,5.0,1,,95.57731958762886,92.0,38.0,149.0,9271.0,27.01806303643083,0.004642263480496664,0.03269256333037535
ID160618,160618,818,1.9201956987380981,117.0,316.0,0.0,190.0,190,5.0,1,,88.24742268041237,83.0,40.0,149.0,8560.0,27.599453092345207,-0.041824729791675126,-0.2791384970971691
ID152427,152427,818,2.3038153648376465,133.0,303.0,0.0,162.0,162,5.0,1,,91.79381443298969,89.0,35.0,150.0,8904.0,28.676332482964753,-0.030603204007141647,-0.20210875324657523
ID142957,142957,818,2.0450093746185303,129.0,330.0,0.0,129.0,129,5.0,1,,87.77319587628865,81.0,42.0,147.0,8514.0,26.143237316528275,-0.03664869299085752,-0.25545025584121606
ID167024,167024,818,2.521221160888672,114.0,331.0,0.0,214.0,214,5.0,1,,91.79381443298969,83.0,37.0,147.0,8904.0,26.24561000764775,-0.013301136269661418,-0.0942954758036513
ID152694,152694,818,2.342853546142578,130.0,307.0,0.0,160.0,160,5.0,1,,92.96907216494846,89.0,52.0,157.0,9018.0,27.40645210235152,-0.024648094081297433,-0.17145007552471783
ID169078,169078,818,1.5016868114471436,124.0,328.0,0.0,221.0,221,5.0,1,,84.77319587628865,79.0,44.0,142.0,8223.0,23.7817792449384,-0.04837423624825842,-0.362403295385134
ID161397,161397,818,2.7485811710357666,120.0,311.0,0.0,193.0,193,5.0,1,,94.55670103092784,88.0,49.0,158.0,9172.0,25.9354041611739,0.002297896337168374,0.016717175482412493
ID160891,160891,818,2.187386989593506,120.0,315.0,0.0,191.0,191,5.0,1,,89.89690721649484,83.0,41.0,146.0,8720.0,25.714572933812935,-0.026735455755477817,-0.19206671997780725
ID148344,148344,818,2.8376290798187256,139.0,306.0,0.0,146.0,146,5.0,1,,90.31958762886597,84.0,51.0,155.0,8761.0,27.607949637043163,-0.007592004767721508,-0.05005460117883119
ID164216,164216,818,2.165537118911743,123.0,327.0,0.0,205.0,205,5.0,1,,87.88659793814433,82.0,39.0,149.0,8525.0,26.733591653206872,-0.03452216094283577,-0.23509911928150928
ID143228,143228,818,2.0632455348968506,130.0,334.0,0.0,126.0,126,5.0,1,,90.61855670103093,82.0,46.0,154.0,8790.0,24.19945044958368,-0.016168330386220703,-0.12307958110649764
ID155773,155773,818,3.2079219818115234,128.0,309.0,0.0,173.0,173,5.0,1,,95.0721649484536,88.0,35.0,160.0,9222.0,30.49871835513489,-1.2947455986787493E-5,-8.072198934312702E-5
ID158082,158082,818,2.826564311981201,124.0,316.0,0.0,182.0,182,5.0,1,,95.11340206185567,88.0,51.0,154.0,9226.0,25.37751477221018,0.003096836853068491,0.023141850734481686
ID148611,148611,818,3.3357958793640137,139.0,303.0,0.0,147.0,147,5.0,1,,93.18556701030928,86.0,40.0,157.0,9039.0,30.391655206414256,0.006179037791338232,0.037659095117278225
ID143492,143492,818,1.817136287689209,128.0,328.0,0.0,130.0,130,5.0,1,,90.61855670103093,83.0,50.0,146.0,8790.0,23.223301561044007,-0.02928299949295025,-0.2354214873419437
ID148874,148874,818,1.9818741083145142,133.0,304.0,0.0,149.0,149,5.0,1,,94.08247422680412,93.0,44.0,148.0,9126.0,24.518560190484944,-0.025412022639204293,-0.2001068458028446
ID153227,153227,818,2.9698541164398193,130.0,315.0,0.0,169.0,169,5.0,1,,97.48453608247422,92.0,47.0,156.0,9456.0,26.312272723508478,0.007225874915914045,0.0531582809911423
ID164491,164491,818,3.177838087081909,119.0,325.0,0.0,206.0,206,5.0,1,,96.77319587628865,92.0,54.0,152.0,9387.0,26.63742087217998,0.012378285092716896,0.08884041250591758
ID165521,165521,818,3.2663331031799316,120.0,323.0,0.0,207.0,207,5.0,1,,94.77319587628865,90.0,34.0,155.0,9193.0,30.074042363057593,0.0026689283507910938,0.016776566109067935
ID149142,149142,818,2.65494441986084,134.0,304.0,0.0,148.0,148,5.0,1,,95.45360824742268,89.0,42.0,154.0,9259.0,26.959081887555655,-0.010548213211593715,-0.07549210062921427
ID160150,160150,818,3.535515069961548,124.0,316.0,0.0,186.0,186,5.0,1,,97.98969072164948,92.0,45.0,165.0,9505.0,29.96334387122067,0.01276965070471924,0.08246856612038428
ID143767,143767,818,1.8992140293121338,122.0,335.0,0.0,124.0,124,5.0,1,,85.54639175257732,81.0,35.0,146.0,8298.0,26.764412246238436,-0.04238646375271391,-0.2829507766815109
ID149399,149399,818,1.8480818271636963,132.0,305.0,0.0,150.0,150,5.0,1,,92.87628865979381,87.0,48.0,141.0,9009.0,23.590807590015668,-0.030349811695463715,-0.2464523448586615
ID164763,164763,818,1.679935336112976,121.0,324.0,0.0,204.0,204,5.0,1,,86.72164948453609,80.0,42.0,150.0,8412.0,24.308238601707146,-0.035654521748950285,-0.2638068096477594
ID156062,156062,818,2.546025276184082,127.0,311.0,0.0,174.0,174,5.0,1,,95.15463917525773,91.0,53.0,154.0,9230.0,26.61349133357364,-0.008023984129282085,-0.0578424925987281
ID144285,144285,818,2.6867079734802246,128.0,334.0,0.0,128.0,128,5.0,1,,92.05154639175258,86.0,43.0,151.0,8929.0,27.417440896117498,-0.01387432828932181,-0.09447434072486062
ID153504,153504,818,1.8206778764724731,134.0,302.0,0.0,163.0,163,5.0,1,,93.11340206185567,87.0,41.0,148.0,9032.0,24.74952705299799,-0.034317456821921076,-0.2673966741891649
ID167329,167329,818,3.3294036388397217,114.0,329.0,0.0,218.0,218,5.0,1,,94.98969072164948,88.0,42.0,156.0,9214.0,29.088405065908145,0.006647861463581278,0.043131140808205876
ID158375,158375,818,2.8037145137786865,126.0,317.0,0.0,181.0,181,5.0,1,,98.11340206185567,91.0,56.0,153.0,9517.0,24.36094735460314,0.005841085330166325,0.04677656612666261
ID165041,165041,818,2.595499277114868,121.0,323.0,0.0,202.0,202,5.0,1,,93.0618556701031,87.0,48.0,153.0,9027.0,26.33827001444764,-0.008791558628725799,-0.06267803071938796
ID149685,149685,818,2.9618873596191406,132.0,303.0,0.0,153.0,153,5.0,1,,99.4639175257732,94.0,39.0,157.0,9648.0,27.79615600509887,4.0025079029700297E-4,0.002863315616362095
ID156347,156347,818,3.3155226707458496,128.0,308.0,0.0,175.0,175,5.0,1,,96.42268041237114,86.0,48.0,157.0,9353.0,29.41790662573647,0.0051788725099897095,0.033774528806545176
ID142012,142012,818,2.279275417327881,120.0,334.0,0.0,122.0,122,5.0,1,,90.14432989690722,80.0,41.0,155.0,8744.0,27.192979214435127,-0.022562393508197057,-0.1530409823627319
ID161725,161725,818,2.6793696880340576,120.0,315.0,0.0,194.0,194,5.0,1,,89.88659793814433,84.0,28.0,155.0,8719.0,30.12884701876943,-0.020281832930793737,-0.123523180782892
ID144579,144579,818,3.159630060195923,130.0,322.0,0.0,132.0,132,5.0,1,,97.1340206185567,89.0,55.0,161.0,9422.0,27.701394694874793,0.006824816550534006,0.047537550147100115
ID145091,145091,818,1.8418277502059937,142.0,316.0,0.0,133.0,133,5.0,1,,129.98969072164948,134.0,81.0,141.0,12609.0,11.611322460355263,0.06731343677212107,1.4121050548326826
ID149952,149952,818,2.35418701171875,129.0,303.0,0.0,151.0,151,5.0,1,,93.87628865979381,87.0,46.0,155.0,9106.0,28.430931560816077,-0.031529746610772014,-0.21499532286799225
ID157120,157120,818,2.20491361618042,125.0,310.0,0.0,176.0,176,5.0,1,,88.41237113402062,83.0,44.0,144.0,8576.0,25.94174265594914,-0.026949562525521036,-0.18878185723554725
ID139969,139969,818,2.26074481010437,133.0,336.0,0.0,117.0,117,5.0,1,,127.48453608247422,130.0,81.0,142.0,12366.0,12.359302672196169,0.05216591523780887,1.0228127618253722
ID165569,165569,818,3.1936888694763184,116.0,330.0,0.0,209.0,209,5.0,1,,97.97938144329896,92.0,54.0,156.0,9504.0,26.965633754467348,0.013988021186853926,0.10024841488719112
ID167622,167622,818,3.140542984008789,115.0,332.0,0.0,215.0,215,5.0,1,,94.04123711340206,86.0,48.0,165.0,9122.0,28.439965104062185,0.0019291070574498314,0.012733230665546545
ID157127,157127,818,3.1171319484710693,127.0,311.0,0.0,178.0,178,5.0,1,,98.68041237113403,94.0,45.0,160.0,9572.0,26.338954987398004,0.01491596060997923,0.11012440038920156
ID169669,169669,818,3.193161725997925,114.0,329.0,0.0,216.0,216,5.0,1,,95.82474226804123,88.0,47.0,172.0,9295.0,29.537056636987923,-9.913648591636634E-4,-0.0064387967775685635
ID150217,150217,818,2.90093994140625,135.0,303.0,0.0,157.0,157,5.0,1,,96.09278350515464,92.0,48.0,163.0,9321.0,29.12869521416511,-0.008606532328669009,-0.05727721452778158
ID144846,144846,818,1.8368895053863525,141.0,324.0,0.0,134.0,134,5.0,1,,125.22680412371135,129.0,80.0,143.0,12147.0,13.506561024985212,0.053535419241527375,0.9422682872545108
ID145357,145357,818,2.7197320461273193,134.0,316.0,0.0,135.0,135,5.0,1,,92.95876288659794,88.0,45.0,165.0,9017.0,27.65069224787947,-0.011154483634300506,-0.07584646503078493
ID153808,153808,818,1.6766819953918457,127.0,311.0,0.0,167.0,167,5.0,1,,87.79381443298969,83.0,41.0,141.0,8516.0,24.02383284726939,-0.03591950563527295,-0.2723131859983899
ID162007,162007,818,3.1082234382629395,120.0,320.0,0.0,195.0,195,5.0,1,,95.0721649484536,89.0,43.0,160.0,9222.0,28.000836082264435,0.0054523963388699035,0.03682462085435026
ID156628,156628,818,3.143366575241089,126.0,311.0,0.0,177.0,177,5.0,1,,93.8659793814433,86.0,40.0,161.0,9105.0,30.29082261523949,-0.00531656328055498,-0.033126323981921335
ID150491,150491,818,3.0557963848114014,130.0,301.0,0.0,152.0,152,5.0,1,,98.85567010309278,91.0,50.0,162.0,9589.0,30.595134992729935,-0.003997803242968392,-0.025938229343948797
ID145630,145630,818,2.5482983589172363,137.0,315.0,0.0,136.0,136,5.0,1,,94.56701030927834,87.0,58.0,146.0,9173.0,24.520360254496858,-0.0056895419932851575,-0.044136522091532425
ID158942,158942,818,2.941800832748413,122.0,316.0,0.0,183.0,183,5.0,1,,97.57731958762886,91.0,59.0,144.0,9465.0,25.177633531381574,0.01093483634610077,0.08384035276985273
ID154340,154340,818,3.062887668609619,137.0,303.0,0.0,164.0,164,5.0,1,,94.72164948453609,86.0,27.0,173.0,9188.0,32.90286913402629,-0.016134555181968713,-0.09442060240291789
ID162277,162277,818,2.5366289615631104,115.0,325.0,0.0,197.0,197,5.0,1,,90.73195876288659,83.0,40.0,147.0,8801.0,27.884626687447007,-0.019196351345956847,-0.12736850905249897
ID168425,168425,818,2.708750009536743,114.0,328.0,0.0,217.0,217,5.0,1,,92.61855670103093,88.0,47.0,158.0,8984.0,27.629785897261712,-0.011729927826721769,-0.07957381523870045
ID150766,150766,818,2.5119686126708984,134.0,303.0,0.0,156.0,156,5.0,1,,94.84536082474227,88.0,44.0,147.0,9200.0,27.184301615004436,-0.019356337254555652,-0.13773358856484574
ID140524,140524,818,2.124262571334839,134.0,339.0,0.0,118.0,118,5.0,1,,127.94845360824742,129.0,89.0,143.0,12411.0,9.70971499541033,0.04965373382079362,1.2467070384537382
ID167916,167916,818,2.446793556213379,113.0,333.0,0.0,213.0,213,5.0,1,,91.54639175257732,84.0,46.0,154.0,8880.0,26.854554478150096,-0.014966887417218529,-0.10359384135906693
ID162546,162546,818,2.3999040126800537,117.0,323.0,0.0,196.0,196,5.0,1,,93.68041237113403,86.0,52.0,140.0,9087.0,23.30349866067708,-0.006758062976826807,-0.054704726016705035
ID145908,145908,818,1.7459207773208618,135.0,312.0,0.0,137.0,137,5.0,1,,95.62886597938144,91.0,55.0,144.0,9276.0,21.997310246382426,-0.01891958608608007,-0.16767041781072284
ID159220,159220,818,3.209104299545288,125.0,317.0,0.0,185.0,185,5.0,1,,95.6701030927835,89.0,48.0,167.0,9280.0,30.180264539887563,-0.0029827853935919567,-0.018967170413392943
ID165877,165877,818,2.9886648654937744,119.0,327.0,0.0,208.0,208,5.0,1,,96.65979381443299,92.0,50.0,156.0,9376.0,27.78559526308032,0.002007989289128683,0.013942683288352957
ID144123,144123,818,2.676748752593994,129.0,326.0,0.0,131.0,131,5.0,1,,93.75257731958763,87.0,51.0,161.0,9094.0,28.13769377537121,-0.01690888387006468,-0.11461616742498383
ID140798,140798,818,2.0718657970428467,128.0,336.0,0.0,119.0,119,5.0,1,,127.83505154639175,130.0,82.0,142.0,12400.0,9.618428939163197,0.052919735781528046,1.3359746171440794
ID150659,150659,891,2.64542293548584,24.0,133.0,0.0,156.0,156,5.0,1,,129.49484536082474,134.0,82.0,154.0,12561.0,17.070395738029074,0.054473130394865024,0.783764707295441
ID147713,147713,891,2.7019219398498535,28.0,136.0,0.0,143.0,143,5.0,1,,130.9278350515464,136.0,68.0,145.0,12700.0,16.17434144890734,0.06138448369145757,0.9363134202299919
ID159111,159111,891,2.197161912918091,30.0,144.0,0.0,185.0,185,5.0,1,,129.41237113402062,132.0,76.0,145.0,12553.0,11.947587428465413,0.055711779290538194,1.143213211245896
ID143370,143370,891,2.6170969009399414,34.0,140.0,0.0,130.0,130,5.0,1,,130.24742268041237,135.0,73.0,148.0,12634.0,15.37654526640808,0.058772632986752976,0.9404003953453972
ID152328,152328,891,2.6682634353637695,28.0,147.0,0.0,162.0,162,5.0,1,,130.81443298969072,133.0,92.0,149.0,12689.0,12.56178886619658,0.060647916031504545,1.1909096337391276
ID146062,146062,891,2.389314889907837,32.0,136.0,0.0,138.0,138,5.0,1,,128.83505154639175,133.0,80.0,145.0,12497.0,13.714864512311634,0.055350509320982046,0.9853656236904299
ID148238,148238,891,2.7349493503570557,29.0,136.0,0.0,146.0,146,5.0,1,,132.0,136.0,86.0,149.0,12804.0,13.680125486753889,0.0610359617288024,1.1101189955372754
ID157964,157964,891,2.6376657485961914,29.0,153.0,0.0,182.0,182,5.0,1,,131.9278350515464,134.0,93.0,146.0,12797.0,11.227057553332571,0.06515758813082115,1.437644863049582
ID152589,152589,891,2.4717445373535156,27.0,138.0,0.0,160.0,160,5.0,1,,130.64948453608247,135.0,86.0,149.0,12673.0,13.504660643886218,0.05867323123343566,1.072338985050863
ID154512,154512,891,2.6370532512664795,32.0,144.0,0.0,166.0,166,5.0,1,,130.83505154639175,135.0,82.0,152.0,12691.0,14.289186188317307,0.06193110911496164,1.0679701754601583
ID152849,152849,891,2.435615062713623,32.0,146.0,0.0,165.0,165,5.0,1,,131.0721649484536,133.0,83.0,145.0,12714.0,11.290895505044842,0.057489586029544584,1.2621912424659312
ID155665,155665,891,2.430420160293579,29.0,150.0,0.0,173.0,173,5.0,1,,129.0721649484536,132.0,79.0,145.0,12520.0,13.525629546870453,0.055912348852373145,1.0106132085356054
ID143636,143636,891,2.4041595458984375,28.0,144.0,0.0,124.0,124,5.0,1,,130.0721649484536,133.0,82.0,148.0,12617.0,13.607785319655877,0.05737955085019248,1.0374165035852863
ID146330,146330,891,2.6518938541412354,31.0,137.0,0.0,140.0,140,5.0,1,,130.63917525773195,135.0,79.0,147.0,12672.0,15.186469832695854,0.059627147217083044,0.9681386296832935
ID148763,148763,891,2.48897123336792,23.0,133.0,0.0,149.0,149,5.0,1,,128.98969072164948,135.0,77.0,146.0,12512.0,15.676079737773005,0.0567877298239189,0.8843298376828163
ID159384,159384,891,2.597013235092163,25.0,151.0,0.0,188.0,188,5.0,1,,131.23711340206185,132.0,89.0,151.0,12730.0,12.207215417425166,0.05958265678943636,1.2090801183613855
ID150943,150943,891,2.335437059402466,23.0,133.0,0.0,155.0,155,5.0,1,,132.0721649484536,134.0,93.0,145.0,12811.0,9.926025789433986,0.05924376488591065,1.4883758917383867
ID148508,148508,891,2.6689958572387695,28.0,135.0,0.0,147.0,147,5.0,1,,131.1958762886598,135.0,76.0,149.0,12726.0,14.703060321506866,0.06073648882540047,1.0218440358051422
ID149034,149034,891,2.4346094131469727,25.0,137.0,0.0,148.0,148,5.0,1,,131.4020618556701,134.0,90.0,146.0,12746.0,11.956222049814368,0.05707374714702435,1.186777497890834
ID159657,159657,891,2.277020215988159,27.0,152.0,0.0,187.0,187,5.0,1,,129.38144329896906,133.0,95.0,145.0,12550.0,10.231124183678725,0.05520715585686398,1.3232328602243293
ID153133,153133,891,2.4700517654418945,34.0,150.0,0.0,169.0,169,5.0,1,,128.93814432989691,133.0,78.0,148.0,12507.0,15.015141269863292,0.053672815886025634,0.8748439517043827
ID154803,154803,891,2.337144613265991,31.0,145.0,0.0,170.0,170,5.0,1,,127.74226804123711,133.0,78.0,148.0,12391.0,14.890068243712165,0.051474731252846746,0.8399688443102353
ID158646,158646,891,2.791006565093994,28.0,151.0,0.0,184.0,184,5.0,1,,130.58762886597938,133.0,83.0,146.0,12667.0,13.474321703181381,0.06666339889150152,1.2113933341068401
ID146615,146615,891,2.36710786819458,34.0,139.0,0.0,139.0,139,5.0,1,,130.53608247422682,133.0,89.0,143.0,12662.0,10.166388509518047,0.05715326671872349,1.3883436256609434
ID149301,149301,891,2.61702823638916,23.0,129.0,0.0,150.0,150,5.0,1,,131.1340206185567,134.0,76.0,148.0,12720.0,13.94380751592753,0.0628910570651983,1.1129204816575082
ID144059,144059,891,2.5186386108398438,32.0,140.0,0.0,128.0,128,5.0,1,,132.1443298969072,133.0,92.0,147.0,12818.0,11.313699007104956,0.059896442374087255,1.3201141963956493
ID153400,153400,891,2.805642604827881,32.0,148.0,0.0,163.0,163,5.0,1,,130.72164948453607,134.0,84.0,150.0,12680.0,13.629580474744103,0.06063150246350003,1.0965509987079483
ID155960,155960,891,2.60579252243042,28.0,152.0,0.0,174.0,174,5.0,1,,131.89690721649484,134.0,87.0,149.0,12794.0,12.856163029265442,0.0612836399191902,1.1848580386964471
ID146873,146873,891,2.3928489685058594,28.0,137.0,0.0,142.0,142,5.0,1,,131.91752577319588,135.0,87.0,145.0,12796.0,11.900341471897605,0.05737767974818995,1.203056192828409
ID158270,158270,891,2.7116851806640625,30.0,151.0,0.0,181.0,181,5.0,1,,129.4536082474227,134.0,80.0,148.0,12557.0,14.879390541503986,0.0613943401570294,1.0064925888833105
ID158653,158653,891,2.545957565307617,28.0,151.0,0.0,183.0,183,5.0,1,,132.2577319587629,134.0,95.0,143.0,12829.0,9.7599077336352,0.06230995127306289,1.5896866106490564
ID151234,151234,891,2.2459988594055176,21.0,134.0,0.0,154.0,154,5.0,1,,130.09278350515464,131.0,97.0,142.0,12619.0,8.635057510697797,0.05336908216292046,1.5266065949913223
ID160194,160194,891,2.509021759033203,25.0,152.0,0.0,189.0,189,5.0,1,,128.63917525773195,133.0,78.0,148.0,12478.0,15.005683344854646,0.05380227546776383,0.8753645943723339
ID144449,144449,891,2.783750057220459,30.0,137.0,0.0,132.0,132,5.0,1,,130.1958762886598,134.0,78.0,153.0,12629.0,15.850630360268624,0.05754870455773645,0.8939554177727094
ID149572,149572,891,2.371737241744995,25.0,138.0,0.0,153.0,153,5.0,1,,128.50515463917526,132.0,67.0,150.0,12465.0,15.873932845588527,0.05262262353101322,0.8094048492107286
ID155076,155076,891,2.5777852535247803,29.0,149.0,0.0,171.0,171,5.0,1,,128.28865979381445,133.0,72.0,146.0,12444.0,15.736077684527068,0.055154998211610844,0.8522958764597462
ID151499,151499,891,2.3222508430480957,28.0,136.0,0.0,159.0,159,5.0,1,,129.8659793814433,133.0,84.0,143.0,12597.0,11.795681471393268,0.054811685740107065,1.144196410279508
ID157385,157385,891,2.3110625743865967,26.0,148.0,0.0,179.0,179,5.0,1,,128.8556701030928,131.0,76.0,144.0,12499.0,14.07049934757237,0.05327349003523564,0.92639033332912
ID142287,142287,891,2.59281063079834,34.0,144.0,0.0,127.0,127,5.0,1,,130.15463917525773,135.0,77.0,148.0,12625.0,14.06335383051281,0.05633412564896954,0.9871223666033597
ID147154,147154,891,2.374239921569824,30.0,136.0,0.0,141.0,141,5.0,1,,130.24742268041237,134.0,83.0,146.0,12634.0,12.751659146815507,0.057713913438579525,1.1146659761847364
ID156241,156241,891,2.6841866970062256,24.0,152.0,0.0,175.0,175,5.0,1,,131.93814432989691,134.0,91.0,149.0,12798.0,11.12318752369505,0.06706090374931228,1.4909095690987355
ID151766,151766,891,2.311892032623291,27.0,136.0,0.0,158.0,158,5.0,1,,129.53608247422682,131.0,95.0,144.0,12565.0,10.922131446126281,0.05503249138643808,1.2372763028152511
ID144983,144983,891,2.2816660404205322,30.0,136.0,0.0,133.0,133,5.0,1,,129.6701030927835,133.0,85.0,145.0,12578.0,12.559625831645143,0.050379452983196876,0.9903766223561219
ID144724,144724,891,2.653299570083618,29.0,136.0,0.0,134.0,134,5.0,1,,133.11340206185568,135.0,89.0,150.0,12912.0,12.112215157176895,0.06315552095424251,1.3056979581309907
ID145236,145236,891,2.67864990234375,28.0,135.0,0.0,135.0,135,5.0,1,,132.1340206185567,136.0,80.0,145.0,12817.0,12.831949762522601,0.06401338288880389,1.239012487262535
ID149845,149845,891,2.5453081130981445,24.0,134.0,0.0,151.0,151,5.0,1,,130.68041237113403,134.0,79.0,147.0,12676.0,14.121899653664816,0.05931958687020067,1.0363787175001562
ID153688,153688,891,2.306185245513916,34.0,144.0,0.0,167.0,167,5.0,1,,130.41237113402062,133.0,86.0,145.0,12650.0,12.15846119762522,0.05148303087145745,1.0503450956226963
ID143964,143964,891,2.4107210636138916,33.0,137.0,0.0,131.0,131,5.0,1,,132.43298969072166,135.0,83.0,150.0,12846.0,12.024200611418737,0.05933677755247104,1.233842917695468
ID156893,156893,891,2.486924409866333,26.0,146.0,0.0,176.0,176,5.0,1,,130.49484536082474,133.0,82.0,148.0,12658.0,14.205430088042194,0.0552894441316365,0.9625861204967742
ID150114,150114,891,2.289696216583252,24.0,136.0,0.0,157.0,157,5.0,1,,130.0721649484536,132.0,93.0,147.0,12617.0,11.048423174334662,0.054150048898558796,1.2095128430286384
ID147430,147430,891,2.691720485687256,26.0,134.0,0.0,144.0,144,5.0,1,,129.57731958762886,134.0,68.0,157.0,12569.0,17.120184877522483,0.05758523691017349,0.8242260102989692
ID145511,145511,891,2.7577834129333496,27.0,137.0,0.0,136.0,136,5.0,1,,130.91752577319588,135.0,75.0,144.0,12699.0,15.86247544199097,0.06358130048334631,0.986769086407923
ID142826,142826,891,2.565457582473755,35.0,141.0,0.0,129.0,129,5.0,1,,130.39175257731958,135.0,83.0,149.0,12648.0,13.95196872385678,0.05661788909836311,1.0015677648176067
ID142571,142571,891,2.1518099308013916,25.0,144.0,0.0,123.0,123,5.0,1,,129.44329896907217,133.0,83.0,141.0,12556.0,12.668011775206487,0.04922064761548417,0.9586975226968987
ID155369,155369,891,2.53545880317688,27.0,146.0,0.0,172.0,172,5.0,1,,130.79381443298968,133.0,86.0,148.0,12687.0,12.57720999825502,0.06170977529679238,1.2088740027631864
ID156910,156910,891,2.5997204780578613,24.0,146.0,0.0,178.0,178,5.0,1,,132.51546391752578,136.0,81.0,150.0,12854.0,14.48570660604061,0.058920266950039574,1.0180247054678286
ID156524,156524,891,2.63344669342041,25.0,144.0,0.0,177.0,177,5.0,1,,133.71134020618555,135.0,81.0,152.0,12970.0,11.323793867787307,0.06307996404570801,1.4013021439074156
ID150381,150381,891,2.6054887771606445,26.0,136.0,0.0,152.0,152,5.0,1,,130.5979381443299,133.0,84.0,150.0,12668.0,12.963618799206262,0.06032040501142296,1.146217919882868
ID159986,159986,891,2.658240556716919,30.0,145.0,0.0,186.0,186,5.0,1,,128.88659793814432,132.0,80.0,156.0,12502.0,15.457519939512036,0.05829883094059181,0.9186487114059954
ID154227,154227,891,2.023768424987793,30.0,145.0,0.0,164.0,164,5.0,1,,127.52577319587628,131.0,79.0,144.0,12370.0,12.11756024631295,0.046478941929850755,0.934842639242767
ID147963,147963,891,2.4153530597686768,24.0,141.0,0.0,145.0,145,5.0,1,,129.4742268041237,132.0,88.0,145.0,12559.0,12.376971882883577,0.05553238369835797,1.1007119240779106
ID152056,152056,891,2.355602979660034,27.0,144.0,0.0,161.0,161,5.0,1,,129.60824742268042,134.0,79.0,152.0,12572.0,15.363347007455038,0.05085632275952028,0.816541771839963
ID160505,160505,891,2.409308433532715,26.0,154.0,0.0,190.0,190,5.0,1,,128.4742268041237,133.0,67.0,144.0,12462.0,16.849884262402433,0.05387174841748809,0.7795112631500659
ID143102,143102,891,2.6252450942993164,31.0,143.0,0.0,126.0,126,5.0,1,,130.71134020618555,134.0,76.0,149.0,12679.0,14.86954295061343,0.060527996234751205,1.003413183553878
ID145791,145791,891,2.5959880352020264,29.0,137.0,0.0,137.0,137,5.0,1,,130.76288659793815,135.0,81.0,149.0,12684.0,14.16257774020756,0.059153546343139886,1.031321447829429
ID141821,141821,891,2.2929468154907227,29.0,147.0,0.0,125.0,125,5.0,1,,129.69072164948454,132.0,89.0,146.0,12580.0,12.049689505631697,0.051730199496944934,1.0587729934971633
ID162818,162818,975,2.8701436519622803,60.0,300.0,0.0,198.0,198,5.0,1,,125.05154639175258,129.0,67.0,150.0,12130.0,15.996986131521657,0.07626816188452543,1.1079079544786417
ID154631,154631,975,2.4464519023895264,92.0,312.0,0.0,166.0,166,5.0,1,,129.93814432989691,133.0,78.0,143.0,12604.0,13.903547533655518,0.05532842327709081,0.9799449716768666
ID159749,159749,975,3.149279832839966,73.0,293.0,0.0,187.0,187,5.0,1,,135.60824742268042,137.0,93.0,149.0,13154.0,8.943755620812267,0.08878217759400488,2.472754293261766
ID168453,168453,975,2.858469009399414,57.0,309.0,0.0,219.0,219,5.0,1,,123.22680412371135,127.0,71.0,141.0,11953.0,13.7337063723399,0.0789101518939508,1.3124870371993274
ID163080,163080,975,3.297417163848877,57.0,298.0,0.0,199.0,199,5.0,1,,127.01030927835052,133.0,75.0,146.0,12320.0,17.48004507846067,0.08468019319354769,1.1345053580654125
ID151058,151058,975,2.540125846862793,101.0,304.0,0.0,155.0,155,5.0,1,,133.30927835051546,135.0,95.0,149.0,12931.0,11.10120191009953,0.05964369085383293,1.351839167152916
ID172561,172561,975,4.35024881362915,59.0,313.0,0.0,231.0,231,5.0,1,,129.93814432989691,136.0,66.0,161.0,12604.0,20.900465720982197,0.10308180667350596,1.1619434504222514
ID170516,170516,975,3.04337215423584,58.0,312.0,0.0,228.0,228,5.0,1,,123.4639175257732,129.0,69.0,145.0,11976.0,16.74879464299229,0.0838978972589902,1.141166971386412
ID154906,154906,975,2.599374294281006,84.0,303.0,0.0,170.0,170,5.0,1,,130.77319587628867,133.0,85.0,145.0,12685.0,12.011717503684318,0.06171165002410232,1.265622534765545
ID166426,166426,975,2.4718410968780518,56.0,306.0,0.0,212.0,212,5.0,1,,130.2164948453608,132.0,77.0,153.0,12631.0,15.019589156140189,0.057803937842486275,0.9475239349457951
ID146456,146456,975,2.384263277053833,102.0,314.0,0.0,140.0,140,5.0,1,,131.75257731958763,135.0,87.0,145.0,12780.0,11.529880499376253,0.056358944418279926,1.2193142391720277
ID157478,157478,975,2.5436997413635254,82.0,291.0,0.0,179.0,179,5.0,1,,130.53608247422682,134.0,76.0,147.0,12662.0,16.413321479613053,0.049447082172642785,0.7494526846769072
ID146729,146729,975,2.5744965076446533,103.0,318.0,0.0,139.0,139,5.0,1,,134.2164948453608,139.0,79.0,147.0,13019.0,14.98417693499526,0.056822473953450706,0.9632102462765759
ID163369,163369,975,3.3218953609466553,57.0,301.0,0.0,201.0,201,5.0,1,,128.5979381443299,133.0,79.0,150.0,12474.0,14.432789486829428,0.08807125024634348,1.442416063579303
ID151342,151342,975,2.355764865875244,101.0,308.0,0.0,154.0,154,5.0,1,,130.6701030927835,135.0,71.0,145.0,12675.0,15.124291753035182,0.049329677303863076,0.8123206650062806
ID172847,172847,975,2.334991216659546,58.0,311.0,0.0,234.0,234,5.0,1,,132.42268041237114,134.0,82.0,146.0,12845.0,9.115960193010375,0.060500851799252665,1.6574499292060532
ID146989,146989,975,2.5860626697540283,108.0,309.0,0.0,142.0,142,5.0,1,,129.46391752577318,132.0,88.0,146.0,12558.0,12.992034302851133,0.054209893249135443,1.0248328694381579
ID155186,155186,975,2.8940937519073486,89.0,305.0,0.0,171.0,171,5.0,1,,131.36082474226805,135.0,76.0,149.0,12742.0,15.627290210164862,0.0673476308728084,1.0607880464095463
ID161329,161329,975,2.8920185565948486,67.0,294.0,0.0,192.0,192,5.0,1,,126.64948453608247,130.0,70.0,146.0,12285.0,12.9591033295722,0.06986584189487371,1.2764213047913582
ID163636,163636,975,3.5599782466888428,58.0,304.0,0.0,200.0,200,5.0,1,,128.02061855670104,134.0,57.0,151.0,12418.0,19.011498374582036,0.09164271198438256,1.1306052121832568
ID170811,170811,975,3.25253963470459,50.0,310.0,0.0,225.0,225,5.0,1,,125.97938144329896,130.0,74.0,142.0,12220.0,14.128118668577288,0.08878764425365769,1.4543016026685522
ID151608,151608,975,2.8566486835479736,97.0,303.0,0.0,159.0,159,5.0,1,,131.89690721649484,137.0,66.0,149.0,12794.0,16.858161065244285,0.06863089761714199,1.0049544117137266
ID147267,147267,975,2.4830691814422607,103.0,315.0,0.0,141.0,141,5.0,1,,133.23711340206185,135.0,93.0,147.0,12924.0,10.2700750523429,0.06027040992498954,1.4749221486750763
ID151872,151872,975,2.8051347732543945,97.0,302.0,0.0,158.0,158,5.0,1,,132.03092783505156,136.0,87.0,148.0,12807.0,14.56054429517734,0.06327314024643838,1.0792016656377124
ID173121,173121,975,3.8951618671417236,57.0,309.0,0.0,233.0,233,5.0,1,,133.88659793814432,139.0,87.0,157.0,12987.0,14.863178978505216,0.10403915332116634,1.6977265025207404
ID168772,168772,975,2.419783115386963,54.0,307.0,0.0,220.0,220,5.0,1,,124.03092783505154,128.0,82.0,142.0,12031.0,12.178749942905528,0.06939916718213372,1.3218180921379066
ID163914,163914,975,2.919542074203491,61.0,296.0,0.0,203.0,203,5.0,1,,127.18556701030928,130.0,88.0,143.0,12337.0,11.857952585455061,0.08224593996073064,1.630221512445619
ID157768,157768,975,2.6334822177886963,81.0,289.0,0.0,180.0,180,5.0,1,,135.2164948453608,137.0,94.0,152.0,13116.0,10.631347911682882,0.06223097369842943,1.4902494630612362
ID166728,166728,975,2.458744525909424,59.0,306.0,0.0,211.0,211,5.0,1,,128.4020618556701,130.0,76.0,145.0,12455.0,14.221213463383986,0.05257647793002601,0.901992999614684
ID160338,160338,975,3.4125237464904785,70.0,294.0,0.0,189.0,189,5.0,1,,126.80412371134021,129.0,84.0,157.0,12300.0,15.428355371993996,0.08029030589873115,1.2217050603435198
ID158801,158801,975,4.197819232940674,71.0,291.0,0.0,184.0,184,5.0,1,,130.5463917525773,138.0,66.0,154.0,12663.0,21.210758187452843,0.10054088481478604,1.1245407491345982
ID155479,155479,975,2.277766704559326,86.0,305.0,0.0,172.0,172,5.0,1,,129.8041237113402,133.0,85.0,153.0,12591.0,12.965209195556238,0.051371049555197126,0.9783660668285393
ID152154,152154,975,2.7695391178131104,98.0,303.0,0.0,161.0,161,5.0,1,,131.1340206185567,135.0,74.0,150.0,12720.0,15.484285626872508,0.06414623270176283,1.020996004197205
ID173402,173402,975,3.427027702331543,55.0,311.0,0.0,235.0,235,5.0,1,,126.87628865979381,135.0,68.0,150.0,12307.0,19.129633279700048,0.08351695678761806,1.022451617064978
ID160601,160601,975,2.797466993331909,69.0,296.0,0.0,190.0,190,5.0,1,,126.75257731958763,128.0,82.0,153.0,12295.0,12.330543824039697,0.06835204914783859,1.3153511687306723
ID171102,171102,975,3.6412994861602783,54.0,314.0,0.0,227.0,227,5.0,1,,128.03092783505156,134.0,68.0,153.0,12419.0,17.563250937829093,0.09281262928402102,1.2382300874981065
ID167007,167007,975,2.4577558040618896,56.0,306.0,0.0,214.0,214,5.0,1,,129.37113402061857,133.0,76.0,146.0,12549.0,15.375385894634801,0.05556899071572024,0.8859051807845438
ID161372,161372,975,3.6505751609802246,66.0,292.0,0.0,193.0,193,5.0,1,,129.1340206185567,135.0,80.0,157.0,12526.0,17.452094469563544,0.09306137108061555,1.2599346324216232
ID173661,173661,975,2.856414794921875,57.0,313.0,0.0,237.0,237,5.0,1,,123.15463917525773,126.0,82.0,151.0,11946.0,16.190493742590622,0.059013301970627374,0.8477526946284207
ID147810,147810,975,2.4656081199645996,108.0,307.0,0.0,143.0,143,5.0,1,,129.5979381443299,134.0,63.0,143.0,12571.0,16.12687960221901,0.0542294699591689,0.8267571346760093
ID147552,147552,975,2.377903938293457,101.0,311.0,0.0,144.0,144,5.0,1,,130.5257731958763,133.0,86.0,149.0,12661.0,12.968786874248908,0.0540877513853132,1.032878118118254
ID148070,148070,975,2.4887497425079346,100.0,305.0,0.0,145.0,145,5.0,1,,129.51546391752578,134.0,70.0,144.0,12563.0,16.235322475278668,0.055273871339911775,0.8356903747465014
ID164196,164196,975,3.459355592727661,61.0,301.0,0.0,205.0,205,5.0,1,,127.64948453608247,131.0,75.0,148.0,12382.0,15.829851308204457,0.08696432619123423,1.2903219077289216
ID169061,169061,975,3.267399311065674,52.0,307.0,0.0,221.0,221,5.0,1,,125.70103092783505,133.0,75.0,143.0,12193.0,15.635273255029793,0.0877605286669747,1.297266772971101
ID152425,152425,975,2.7840805053710938,98.0,303.0,0.0,162.0,162,5.0,1,,131.23711340206185,136.0,70.0,148.0,12730.0,16.72994645082353,0.06334671332130341,0.9346334239244043
ID160876,160876,975,2.877401828765869,65.0,293.0,0.0,191.0,191,5.0,1,,126.94845360824742,129.0,88.0,147.0,12314.0,12.197481924237325,0.06999469404343557,1.3616664056241234
ID152946,152946,975,2.554548978805542,94.0,312.0,0.0,165.0,165,5.0,1,,130.57731958762886,133.0,88.0,148.0,12666.0,11.385146620658123,0.059792224416362894,1.2941454771258452
ID152691,152691,975,2.758105754852295,96.0,302.0,0.0,160.0,160,5.0,1,,132.0721649484536,135.0,88.0,148.0,12811.0,12.47351145317583,0.0654453198471289,1.3007684391029644
ID148341,148341,975,2.4972729682922363,100.0,303.0,0.0,146.0,146,5.0,1,,129.94845360824743,133.0,80.0,146.0,12605.0,13.960040542876753,0.054281710624459724,0.9585423042321239
ID173941,173941,975,3.7187509536743164,54.0,313.0,0.0,236.0,236,5.0,1,,124.26804123711341,130.0,76.0,158.0,12054.0,21.155926801528103,0.07942126747308483,0.8643770667712113
ID164475,164475,975,2.690965414047241,61.0,298.0,0.0,206.0,206,5.0,1,,128.1340206185567,132.0,85.0,140.0,12429.0,10.552082008205957,0.07916036665194724,1.781468311980105
ID155769,155769,975,2.495617389678955,85.0,304.0,0.0,173.0,173,5.0,1,,130.64948453608247,132.0,95.0,152.0,12673.0,10.648788308528932,0.05816132395567228,1.3487141153649904
ID171390,171390,975,3.777796745300293,63.0,315.0,0.0,230.0,230,5.0,1,,126.61855670103093,133.0,67.0,153.0,12282.0,18.827862386948116,0.08996552854574173,1.1101705738551066
ID160127,160127,975,3.2994065284729004,73.0,291.0,0.0,186.0,186,5.0,1,,134.93814432989691,137.0,92.0,150.0,13089.0,10.860684479071836,0.09252705504506864,2.10447645557708
ID165503,165503,975,2.4811298847198486,61.0,306.0,0.0,207.0,207,5.0,1,,128.89690721649484,134.0,75.0,147.0,12503.0,16.007475165321512,0.05359366888685763,0.8192000919265031
ID153219,153219,975,2.7815778255462646,84.0,305.0,0.0,169.0,169,5.0,1,,129.72164948453607,133.0,75.0,149.0,12583.0,16.9027501879879,0.06197023423378024,0.895686190940474
ID148609,148609,975,2.6426212787628174,101.0,302.0,0.0,147.0,147,5.0,1,,130.1958762886598,133.0,79.0,155.0,12629.0,16.15655128684758,0.05830248702829231,0.8878831729195138
ID148872,148872,975,2.6184194087982178,99.0,304.0,0.0,149.0,149,5.0,1,,132.1443298969072,135.0,79.0,147.0,12818.0,14.932479763590324,0.059959887685519395,1.0011933907062147
ID169359,169359,975,3.9392805099487305,51.0,306.0,0.0,223.0,223,5.0,1,,132.89690721649484,138.0,83.0,155.0,12891.0,15.999013339423517,0.10033418132740927,1.5148721324945218
ID164748,164748,975,3.3103647232055664,59.0,299.0,0.0,204.0,204,5.0,1,,129.75257731958763,133.0,94.0,145.0,12586.0,12.561540948329691,0.09341445166677685,1.764949687187608
ID167309,167309,975,2.5096449851989746,57.0,306.0,0.0,218.0,218,5.0,1,,122.89690721649484,128.0,83.0,145.0,11921.0,13.176276453094964,0.07069461659612382,1.231683080307687
ID149138,149138,975,2.5875303745269775,97.0,303.0,0.0,148.0,148,5.0,1,,131.31958762886597,133.0,90.0,150.0,12738.0,12.118809752949275,0.05965631004885621,1.2200872726560759
ID149397,149397,975,2.346320629119873,99.0,304.0,0.0,150.0,150,5.0,1,,132.11340206185568,135.0,90.0,143.0,12815.0,10.201997648193498,0.05693258678004893,1.3950998165002086
ID156057,156057,975,2.9355597496032715,85.0,304.0,0.0,174.0,174,5.0,1,,131.36082474226805,135.0,77.0,151.0,12742.0,15.716356638209163,0.06405706702346545,1.0063431994418819
ID158361,158361,975,2.3926191329956055,79.0,296.0,0.0,181.0,181,5.0,1,,130.340206185567,133.0,90.0,146.0,12643.0,10.211193406765839,0.05880641616581549,1.4178818586930682
ID171673,171673,975,3.3036201000213623,63.0,310.0,0.0,229.0,229,5.0,1,,126.50515463917526,132.0,74.0,143.0,12271.0,14.52951286128527,0.09669315779811527,1.5353159915350467
ID174236,174236,975,3.5449414253234863,55.0,312.0,0.0,238.0,238,5.0,1,,126.64948453608247,131.0,65.0,156.0,12285.0,19.642662559843117,0.07940939646603068,0.9486778641223559
ID153506,153506,975,2.6291680335998535,99.0,305.0,0.0,163.0,163,5.0,1,,131.11340206185568,136.0,85.0,147.0,12718.0,15.001302921649147,0.05817187845141781,0.960959254213971
ID165025,165025,975,3.2490499019622803,60.0,300.0,0.0,202.0,202,5.0,1,,127.08247422680412,132.0,76.0,142.0,12327.0,14.916901839225845,0.0853424839800714,1.339786204724948
ID165542,165542,975,2.394711971282959,65.0,306.0,0.0,209.0,209,5.0,1,,130.1340206185567,132.0,90.0,151.0,12623.0,12.256485414175783,0.052954560309758036,1.0679443622569615
ID161711,161711,975,3.7378764152526855,62.0,291.0,0.0,194.0,194,5.0,1,,131.83505154639175,136.0,85.0,145.0,12788.0,11.576449164477506,0.10900869911882716,2.238781575455596
ID157105,157105,975,2.307529926300049,85.0,294.0,0.0,178.0,178,5.0,1,,129.22680412371133,134.0,82.0,153.0,12535.0,15.93117041279923,0.048576139116798596,0.7515501039903819
ID149686,149686,975,2.67307710647583,100.0,305.0,0.0,153.0,153,5.0,1,,133.57731958762886,136.0,93.0,147.0,12957.0,11.182049465127132,0.06552183774866951,1.469146233659485
ID157110,157110,975,2.8059513568878174,84.0,302.0,0.0,176.0,176,5.0,1,,131.15463917525773,135.0,84.0,146.0,12722.0,13.998764979890172,0.06261587069076344,1.1041601172269373
ID169655,169655,975,3.637228012084961,58.0,306.0,0.0,216.0,216,5.0,1,,128.94845360824743,132.0,64.0,152.0,12508.0,16.530509125818323,0.09919316719462515,1.4078864901728774
ID156340,156340,975,2.507133722305298,83.0,301.0,0.0,175.0,175,5.0,1,,127.81443298969072,132.0,69.0,151.0,12398.0,16.887082030916428,0.04576790983895493,0.6624926258762179
ID167605,167605,975,2.4403011798858643,56.0,309.0,0.0,215.0,215,5.0,1,,129.2164948453608,131.0,85.0,153.0,12534.0,13.894863262584146,0.054844263356845925,0.9670224057025544
ID168383,168383,975,2.6693596839904785,57.0,305.0,0.0,217.0,217,5.0,1,,126.17525773195877,130.0,83.0,147.0,12239.0,12.616961392373057,0.07900653364284102,1.4644965585056435
ID149954,149954,975,2.4617888927459717,100.0,306.0,0.0,151.0,151,5.0,1,,131.1958762886598,134.0,82.0,146.0,12726.0,13.903416228318473,0.05427987983829238,0.9716539376103075
ID150212,150212,975,2.686461925506592,99.0,300.0,0.0,157.0,157,5.0,1,,129.60824742268042,133.0,78.0,149.0,12572.0,15.124866873402375,0.05797800453172967,0.9391991656491218
ID161988,161988,975,3.872471809387207,59.0,291.0,0.0,195.0,195,5.0,1,,130.8041237113402,137.0,74.0,150.0,12688.0,17.438367167958596,0.09913391563612947,1.3530606541427552
ID171973,171973,975,4.194116115570068,52.0,308.0,0.0,222.0,222,5.0,1,,136.44329896907217,139.0,92.0,156.0,13235.0,14.12221142987539,0.10362358973720734,1.8143336526232847
ID153807,153807,975,2.424636125564575,86.0,311.0,0.0,167.0,167,5.0,1,,131.02061855670104,133.0,88.0,144.0,12709.0,11.260161504765463,0.060294627631193115,1.3233571796745542
ID156620,156620,975,2.6469404697418213,84.0,300.0,0.0,177.0,177,5.0,1,,129.95876288659792,133.0,85.0,146.0,12606.0,13.355646064003864,0.057699162255031536,1.0616418009566964
ID158925,158925,975,3.7909600734710693,74.0,291.0,0.0,183.0,183,5.0,1,,128.48453608247422,136.0,79.0,154.0,12463.0,19.498457952949906,0.09298463855268911,1.1211861885113137
ID154064,154064,975,2.2068889141082764,87.0,307.0,0.0,168.0,168,5.0,1,,130.60824742268042,132.0,101.0,141.0,12669.0,8.701720017989413,0.053942305423906024,1.5364136544145277
ID169942,169942,975,3.1252176761627197,51.0,306.0,0.0,224.0,224,5.0,1,,127.6082474226804,134.0,80.0,143.0,12378.0,14.771563828455806,0.08356715377534815,1.332484124019093
ID162263,162263,975,3.9288339614868164,59.0,298.0,0.0,197.0,197,5.0,1,,132.88659793814432,136.0,77.0,158.0,12890.0,16.146385230563084,0.09575936128177562,1.4384736797302526
ID167899,167899,975,2.5937998294830322,55.0,309.0,0.0,213.0,213,5.0,1,,129.0,134.0,78.0,147.0,12513.0,15.152695029817853,0.05379949401042461,0.8692606671701166
ID162526,162526,975,3.070556879043579,59.0,293.0,0.0,196.0,196,5.0,1,,124.77319587628865,131.0,69.0,150.0,12103.0,18.64666254467493,0.0771344327600423,0.9583597471583524
ID150493,150493,975,2.5370264053344727,98.0,305.0,0.0,152.0,152,5.0,1,,131.27835051546393,135.0,77.0,150.0,12734.0,14.7836778436285,0.055970052847824636,0.9413361386898855
ID159203,159203,975,4.048984050750732,72.0,289.0,0.0,185.0,185,5.0,1,,135.09278350515464,140.0,85.0,154.0,13104.0,14.45328860662485,0.10760811320974895,1.8161610577009646
ID154341,154341,975,2.5894718170166016,100.0,306.0,0.0,164.0,164,5.0,1,,129.79381443298968,134.0,75.0,143.0,12590.0,14.55445102618232,0.06177708540597757,1.0377248786887905
ID165868,165868,975,2.328011989593506,63.0,308.0,0.0,208.0,208,5.0,1,,129.5257731958763,131.0,92.0,147.0,12564.0,10.897336050140456,0.05192369633111703,1.173403037851827
ID172268,172268,975,4.446510314941406,61.0,313.0,0.0,232.0,232,5.0,1,,130.340206185567,138.0,80.0,162.0,12643.0,21.6144659304144,0.09585980545497122,1.054982937174706
ID150768,150768,975,2.7024285793304443,100.0,304.0,0.0,156.0,156,5.0,1,,131.3298969072165,136.0,80.0,149.0,12739.0,16.31890624493345,0.05936052089707292,0.9018960209590352
ID170225,170225,975,3.0147249698638916,52.0,311.0,0.0,226.0,226,5.0,1,,126.79381443298969,130.0,76.0,145.0,12299.0,14.610882177571376,0.08585934039651716,1.3723522560695773
ID159478,159478,975,4.725255966186523,72.0,293.0,0.0,188.0,188,5.0,1,,134.1443298969072,137.0,84.0,169.0,13012.0,21.51742980059114,0.10802124968603503,1.2155505638521655
ID166142,166142,975,2.545138120651245,62.0,307.0,0.0,210.0,210,5.0,1,,129.3298969072165,131.0,90.0,155.0,12545.0,12.908106020285384,0.05484797847420626,1.0419266677198995
ID168961,168961,977,1.8235310316085815,59.0,168.0,0.0,221.0,221,5.0,1,,126.44329896907216,130.0,79.0,142.0,12265.0,13.78402537976854,0.0399701077645461,0.705121914990296
ID156934,156934,977,3.52178692817688,82.0,165.0,0.0,178.0,178,5.0,1,,127.34020618556701,133.0,61.0,150.0,12352.0,18.762710468472072,0.08898255600700435,1.10913375091872
ID166918,166918,977,2.059882640838623,66.0,170.0,0.0,214.0,214,5.0,1,,128.05154639175257,131.0,78.0,140.0,12421.0,13.054669609968286,0.04938115152283187,0.9231598157451832
ID173831,173831,977,3.045546531677246,59.0,149.0,0.0,236.0,236,5.0,1,,124.54639175257732,130.0,74.0,146.0,12081.0,16.981620345339973,0.06741931240523659,0.9264698301345434
ID152325,152325,977,3.1717050075531006,90.0,140.0,0.0,162.0,162,5.0,1,,124.95876288659794,133.0,61.0,150.0,12121.0,17.8208197095497,0.07797712122459058,1.014440758972774
ID155659,155659,977,1.959691047668457,91.0,144.0,0.0,173.0,173,5.0,1,,90.08247422680412,80.0,44.0,157.0,8738.0,29.420680829666395,-0.05349403862480452,-0.3460984198592276
ID148233,148233,977,3.3193135261535645,82.0,131.0,0.0,146.0,146,5.0,1,,125.24742268041237,133.0,64.0,146.0,12149.0,19.342866324907238,0.08563291870470216,1.0214937320236002
ID152590,152590,977,3.4964985847473145,89.0,138.0,0.0,160.0,160,5.0,1,,129.62886597938143,137.0,78.0,150.0,12574.0,16.104683317043772,0.09100239142163888,1.342785462487904
ID157967,157967,977,2.3354830741882324,82.0,159.0,0.0,182.0,182,5.0,1,,129.11340206185568,133.0,68.0,148.0,12524.0,16.89605247822932,0.04872588861908614,0.7100907407528356
ID160783,160783,977,3.2851779460906982,86.0,155.0,0.0,191.0,191,5.0,1,,131.8041237113402,135.0,88.0,143.0,12785.0,10.422970601090778,0.09612661705532292,2.2179431787653514
ID164108,164108,977,2.5979013442993164,73.0,160.0,0.0,205.0,205,5.0,1,,129.24742268041237,134.0,77.0,146.0,12537.0,16.662102038155233,0.05444972432197738,0.8011095429917888
ID152850,152850,977,3.186980962753296,89.0,146.0,0.0,165.0,165,5.0,1,,132.2680412371134,136.0,80.0,150.0,12830.0,13.559679402488904,0.08102601958865278,1.4622574871505667
ID171287,171287,977,3.1608197689056396,59.0,152.0,0.0,230.0,230,5.0,1,,126.47422680412372,131.0,74.0,144.0,12268.0,15.364388467807327,0.08316825224675554,1.2640911832480701
ID168213,168213,977,1.8522281646728516,62.0,173.0,0.0,217.0,217,5.0,1,,125.68041237113403,129.0,79.0,142.0,12191.0,12.911998934899474,0.03986194534339253,0.7462544181046327
ID148504,148504,977,3.292180061340332,79.0,130.0,0.0,147.0,147,5.0,1,,127.0618556701031,133.0,71.0,148.0,12325.0,15.462868449524015,0.08871434902176063,1.3391679639362273
ID148761,148761,977,3.1902105808258057,81.0,126.0,0.0,149.0,149,5.0,1,,128.53608247422682,133.0,76.0,146.0,12468.0,14.912985012837872,0.07964985785552402,1.271723061178734
ID164377,164377,977,2.40966796875,71.0,161.0,0.0,206.0,206,5.0,1,,131.6701030927835,133.0,78.0,146.0,12772.0,12.562942902212884,0.06037851055818096,1.1935682646312056
ID149026,149026,977,3.566988229751587,81.0,130.0,0.0,148.0,148,5.0,1,,129.09278350515464,135.0,81.0,150.0,12522.0,17.22224970437152,0.09102471071994259,1.2507393092620682
ID161056,161056,977,3.3617682456970215,83.0,152.0,0.0,192.0,192,5.0,1,,128.2577319587629,134.0,72.0,146.0,12441.0,15.872065575587161,0.08937447651956965,1.3259172406626212
ID174118,174118,977,3.1995327472686768,59.0,150.0,0.0,238.0,238,5.0,1,,127.21649484536083,131.0,82.0,143.0,12340.0,13.480098605694392,0.079624740366527,1.39205230294981
ID171563,171563,977,3.0083069801330566,59.0,153.0,0.0,229.0,229,5.0,1,,123.47422680412372,129.0,71.0,143.0,11977.0,15.70833960002427,0.07023215555102104,1.0316539176222528
ID153134,153134,977,3.5004801750183105,86.0,150.0,0.0,169.0,169,5.0,1,,130.88659793814432,137.0,75.0,152.0,12696.0,16.55286750627855,0.07971619484805872,1.1675860051605114
ID155954,155954,977,1.4190539121627808,90.0,143.0,0.0,174.0,174,5.0,1,,90.27835051546391,85.0,51.0,160.0,8757.0,25.110896650342692,-0.05561046118583289,-0.4234057187912095
ID153395,153395,977,3.598559856414795,90.0,139.0,0.0,163.0,163,5.0,1,,128.17525773195877,133.0,79.0,150.0,12433.0,17.516664868346528,0.09107900787780078,1.221644559041772
ID149297,149297,977,3.714338779449463,82.0,123.0,0.0,150.0,150,5.0,1,,133.2164948453608,137.0,80.0,157.0,12922.0,16.793616597363535,0.09153752493556701,1.3304674658649966
ID169265,169265,977,2.4116055965423584,62.0,164.0,0.0,223.0,223,5.0,1,,135.340206185567,139.0,87.0,148.0,13128.0,12.869445887723554,0.058113787929071604,1.1551643884476333
ID168244,168244,977,1.706723928451538,64.0,169.0,0.0,219.0,219,5.0,1,,127.02061855670104,131.0,81.0,141.0,12321.0,12.007792072097828,0.03987207981312699,0.8112039042603626
ID149560,149560,977,3.6271586418151855,83.0,124.0,0.0,153.0,153,5.0,1,,130.35051546391753,135.0,81.0,157.0,12644.0,16.866535677879913,0.09708634921364667,1.367836594203844
ID158274,158274,977,3.909566640853882,85.0,155.0,0.0,181.0,181,5.0,1,,131.76288659793815,139.0,71.0,155.0,12781.0,20.036827133574715,0.08574438043090829,1.0386571647240548
ID164930,164930,977,2.3974242210388184,75.0,159.0,0.0,202.0,202,5.0,1,,128.62886597938143,133.0,77.0,146.0,12477.0,14.360913088737357,0.0502149214467294,0.8565268583146683
ID174400,174400,977,3.164893865585327,61.0,148.0,0.0,239.0,239,5.0,1,,125.37113402061856,131.0,82.0,146.0,12161.0,15.679949768486766,0.07831489434631655,1.1613995279515483
ID174665,174665,977,3.3977200984954834,63.0,147.0,0.0,240.0,240,5.0,1,,128.7422680412371,135.0,76.0,148.0,12488.0,16.667882258075622,0.08539147800813432,1.215342963234384
ID149842,149842,977,3.482741355895996,81.0,128.0,0.0,151.0,151,5.0,1,,133.60824742268042,137.0,89.0,150.0,12960.0,13.046836063639248,0.09062956878231121,1.7019653071244063
ID161619,161619,977,2.5149221420288086,83.0,158.0,0.0,194.0,194,5.0,1,,129.5257731958763,133.0,78.0,148.0,12564.0,15.57715527055644,0.05587529506023504,0.8800457322707372
ID156247,156247,977,2.9284934997558594,84.0,156.0,0.0,175.0,175,5.0,1,,126.18556701030928,131.0,78.0,141.0,12240.0,12.609792736291654,0.08073683907075582,1.4951457055919057
ID153691,153691,977,3.467148542404175,89.0,149.0,0.0,167.0,167,5.0,1,,130.82474226804123,137.0,76.0,155.0,12690.0,17.15797331009597,0.08189632479030806,1.1543371232527315
ID169567,169567,977,2.026479482650757,65.0,175.0,0.0,216.0,216,5.0,1,,125.54639175257732,129.0,71.0,142.0,12178.0,13.56774715590609,0.04725492605818762,0.8350666998682668
ID171872,171872,977,2.1982569694519043,61.0,166.0,0.0,222.0,222,5.0,1,,133.38144329896906,137.0,87.0,146.0,12938.0,11.181684521060433,0.05209876071211941,1.181378483988163
ID175200,175200,977,1.6114864349365234,70.0,142.0,0.0,242.0,242,5.0,1,,126.43298969072166,129.0,78.0,140.0,12264.0,11.143857815420523,0.038526981462774695,0.8417866631222373
ID150113,150113,977,3.6865007877349854,85.0,134.0,0.0,157.0,157,5.0,1,,128.98969072164948,136.0,69.0,149.0,12512.0,17.992182819538158,0.08810538593695719,1.1610011226825094
ID150375,150375,977,3.461495876312256,82.0,126.0,0.0,152.0,152,5.0,1,,131.93814432989691,134.0,81.0,154.0,12798.0,15.72803655961604,0.08785800828454166,1.3549865920947084
ID161903,161903,977,2.543929100036621,81.0,162.0,0.0,195.0,195,5.0,1,,130.96907216494844,133.0,89.0,144.0,12704.0,10.785265419627901,0.05949060510054614,1.3637010831769714
ID169839,169839,977,2.2164151668548584,61.0,159.0,0.0,224.0,224,5.0,1,,133.62886597938143,137.0,82.0,144.0,12962.0,12.734729080049876,0.05268236096977967,1.0502881177936665
ID154226,154226,977,3.713430404663086,86.0,142.0,0.0,164.0,164,5.0,1,,133.10309278350516,138.0,82.0,153.0,12911.0,14.678842864308189,0.09395951511211974,1.557635504699811
ID153975,153975,977,3.064061164855957,89.0,153.0,0.0,168.0,168,5.0,1,,129.6701030927835,133.0,93.0,158.0,12578.0,13.544465082248951,0.06936866273559657,1.2420636817513235
ID156535,156535,977,3.615070343017578,79.0,161.0,0.0,177.0,177,5.0,1,,130.48453608247422,136.0,76.0,151.0,12657.0,16.257122414794754,0.09195736053551064,1.3518427699053845
ID167803,167803,977,1.8094587326049805,62.0,164.0,0.0,213.0,213,5.0,1,,126.47422680412372,131.0,82.0,140.0,12268.0,11.662879846891345,0.043936256786504584,0.9127993029959982
ID150658,150658,977,3.207573175430298,83.0,131.0,0.0,156.0,156,5.0,1,,127.20618556701031,133.0,75.0,145.0,12339.0,16.990155326154987,0.0797896422085707,1.106491894171184
ID175490,175490,977,3.363698720932007,62.0,146.0,0.0,241.0,241,5.0,1,,127.22680412371135,133.0,70.0,145.0,12341.0,15.576762309767165,0.08706564997798684,1.3083456493111787
ID162182,162182,977,2.6625044345855713,77.0,166.0,0.0,197.0,197,5.0,1,,131.4020618556701,133.0,84.0,150.0,12746.0,12.055997637599338,0.06308893598613226,1.2936375881309445
ID165769,165769,977,2.47985577583313,74.0,166.0,0.0,208.0,208,5.0,1,,130.51546391752578,133.0,80.0,146.0,12660.0,12.06934253427344,0.06154985502902395,1.2539926561551935
ID162446,162446,977,2.763941764831543,80.0,162.0,0.0,196.0,196,5.0,1,,131.4536082474227,134.0,79.0,149.0,12751.0,14.888488715109105,0.06374978657411498,1.0582569765730168
ID154515,154515,977,3.6231045722961426,88.0,148.0,0.0,166.0,166,5.0,1,,133.03092783505156,137.0,86.0,157.0,12904.0,13.793456788340666,0.08826579540922018,1.5644689818420858
ID146064,146064,977,2.4552133083343506,91.0,141.0,0.0,138.0,138,5.0,1,,129.04123711340208,134.0,75.0,148.0,12517.0,16.722563054755543,0.04994305926296765,0.7341166363117178
ID150939,150939,977,3.2117717266082764,84.0,127.0,0.0,155.0,155,5.0,1,,129.50515463917526,132.0,86.0,154.0,12562.0,12.905202206329598,0.09212458193166227,1.6929946444813424
ID159391,159391,977,4.084593296051025,84.0,157.0,0.0,188.0,188,5.0,1,,127.05154639175258,136.0,65.0,154.0,12324.0,22.311885441592853,0.09260415250393744,0.9652532985164315
ID162719,162719,977,2.586000680923462,74.0,161.0,0.0,198.0,198,5.0,1,,129.98969072164948,133.0,78.0,149.0,12609.0,14.59844087377201,0.05595804681578622,0.9437312020927845
ID146332,146332,977,2.677701473236084,91.0,139.0,0.0,140.0,140,5.0,1,,133.06185567010309,136.0,82.0,147.0,12907.0,12.7015537377894,0.06410450451780729,1.2622081719133578
ID166052,166052,977,2.521188974380493,73.0,169.0,0.0,210.0,210,5.0,1,,131.72164948453607,135.0,72.0,153.0,12777.0,15.713411381710157,0.0538927094825186,0.8573344869094808
ID159659,159659,977,3.518770933151245,82.0,155.0,0.0,187.0,187,5.0,1,,126.6701030927835,132.0,76.0,151.0,12287.0,18.076643337861736,0.07888989783703759,1.0247798973786166
ID170409,170409,977,3.0313141345977783,60.0,154.0,0.0,228.0,228,5.0,1,,128.5257731958763,133.0,78.0,146.0,12467.0,13.669531800919783,0.08161016750254735,1.418861776937077
ID172457,172457,977,2.611788034439087,59.0,154.0,0.0,231.0,231,5.0,1,,126.35051546391753,131.0,89.0,140.0,12256.0,12.534985405118316,0.06365444365124102,1.206455614814199
ID162996,162996,977,2.5731899738311768,75.0,159.0,0.0,199.0,199,5.0,1,,130.23711340206185,133.0,84.0,153.0,12633.0,13.62119457245788,0.05916691798195281,1.0682283525487564
ID146874,146874,977,2.5401997566223145,87.0,137.0,0.0,142.0,142,5.0,1,,131.28865979381445,135.0,81.0,150.0,12735.0,13.96495521750085,0.05933160843050398,1.0531054351785814
ID151226,151226,977,3.884556770324707,84.0,124.0,0.0,154.0,154,5.0,1,,127.6082474226804,133.0,71.0,154.0,12378.0,18.34709144809637,0.10152364580543732,1.2820793199675593
ID146617,146617,977,2.653299570083618,92.0,141.0,0.0,139.0,139,5.0,1,,129.37113402061857,133.0,85.0,144.0,12549.0,14.237801494926625,0.057855638097350066,0.9939023782519836
ID154809,154809,977,3.3084940910339355,86.0,152.0,0.0,170.0,170,5.0,1,,133.44329896907217,136.0,80.0,152.0,12944.0,13.787803390561164,0.08296975404292212,1.4829795387388067
ID166334,166334,977,2.2998178005218506,73.0,171.0,0.0,212.0,212,5.0,1,,129.98969072164948,133.0,77.0,145.0,12609.0,14.135132682257257,0.05386571992071087,0.9400830174743039
ID158652,158652,977,2.303834915161133,80.0,158.0,0.0,184.0,184,5.0,1,,128.5979381443299,131.0,86.0,145.0,12474.0,13.92065296736474,0.050671222569823544,0.8910435683342631
ID163261,163261,977,2.346755266189575,74.0,157.0,0.0,201.0,201,5.0,1,,130.35051546391753,135.0,92.0,143.0,12644.0,12.781856637692714,0.05344965472753207,1.0348560080507236
ID155077,155077,977,3.0130746364593506,83.0,149.0,0.0,171.0,171,5.0,1,,129.55670103092783,133.0,75.0,150.0,12567.0,13.163213475570322,0.0828176646905843,1.5055514443763072
ID172744,172744,977,2.773740291595459,55.0,151.0,0.0,234.0,234,5.0,1,,125.3298969072165,130.0,81.0,143.0,12157.0,13.248208722852352,0.07031823485052933,1.243032696209172
ID158671,158671,977,2.2997236251831055,80.0,157.0,0.0,183.0,183,5.0,1,,129.97938144329896,134.0,82.0,154.0,12608.0,12.979935944117834,0.05590251161465136,1.0603259979174409
ID170703,170703,977,3.079442024230957,59.0,153.0,0.0,225.0,225,5.0,1,,127.78350515463917,135.0,68.0,147.0,12395.0,18.17692378867348,0.07268454495769386,0.9526962562819428
ID151501,151501,977,3.535865545272827,89.0,137.0,0.0,159.0,159,5.0,1,,129.659793814433,134.0,80.0,146.0,12577.0,15.34864719740402,0.09419572149565536,1.4544586654312013
ID160210,160210,977,3.9635024070739746,84.0,160.0,0.0,189.0,189,5.0,1,,131.9278350515464,137.0,76.0,152.0,12797.0,16.822757046310073,0.10436656150871025,1.4822360965845907
ID147158,147158,977,2.3032476902008057,89.0,140.0,0.0,141.0,141,5.0,1,,129.96907216494844,134.0,82.0,147.0,12607.0,13.79119103528848,0.055559000831187914,0.9920650578404838
ID151767,151767,977,3.658381462097168,88.0,138.0,0.0,158.0,158,5.0,1,,129.9278350515464,137.0,65.0,153.0,12603.0,18.86754677497426,0.08418732189902685,1.0694466690449702
ID157399,157399,977,3.386664867401123,85.0,166.0,0.0,179.0,179,5.0,1,,130.09278350515464,133.0,85.0,152.0,12619.0,14.153240555189416,0.08249312337246746,1.4009412229448925
ID161237,161237,977,2.3937411308288574,82.0,160.0,0.0,193.0,193,5.0,1,,132.1237113402062,135.0,88.0,144.0,12816.0,11.049375672369049,0.05869379840361603,1.3258514487678983
ID165333,165333,977,2.6354849338531494,72.0,170.0,0.0,209.0,209,5.0,1,,130.5979381443299,134.0,76.0,153.0,12668.0,15.509177252124003,0.058989014197370765,0.9381175058561385
ID165338,165338,977,2.7926228046417236,72.0,164.0,0.0,207.0,207,5.0,1,,131.4020618556701,134.0,84.0,152.0,12746.0,14.458028186367628,0.06408473233624162,1.094716014243355
ID163544,163544,977,3.007451295852661,72.0,159.0,0.0,200.0,200,5.0,1,,131.18556701030928,133.0,72.0,154.0,12725.0,17.77541015519943,0.06488996610606654,0.8994338626612725
ID147427,147427,977,3.12613582611084,86.0,131.0,0.0,144.0,144,5.0,1,,127.17525773195877,133.0,67.0,142.0,12336.0,14.878683233963692,0.0852380390433828,1.3426925100687754
ID168678,168678,977,2.1415653228759766,65.0,170.0,0.0,220.0,220,5.0,1,,127.15463917525773,131.0,76.0,142.0,12334.0,13.988343515067559,0.04614758460416881,0.8019585735076538
ID166629,166629,977,2.6373562812805176,72.0,173.0,0.0,211.0,211,5.0,1,,131.70103092783506,136.0,77.0,151.0,12775.0,16.44698867349634,0.058841194077948925,0.8899865125828216
ID173034,173034,977,2.9745914936065674,55.0,155.0,0.0,233.0,233,5.0,1,,125.21649484536083,128.0,87.0,142.0,12146.0,12.263790540417913,0.0704821469179795,1.344517655509504
ID156905,156905,977,3.480300188064575,79.0,157.0,0.0,176.0,176,5.0,1,,125.97938144329896,134.0,55.0,149.0,12220.0,18.6010636912714,0.08722741174468929,1.0867365654820225
ID173294,173294,977,2.6636359691619873,58.0,152.0,0.0,235.0,235,5.0,1,,126.85567010309278,130.0,96.0,142.0,12305.0,10.413322487245255,0.06981602774344446,1.5899980684057586
ID157681,157681,977,3.481783151626587,82.0,161.0,0.0,180.0,180,5.0,1,,132.08247422680412,137.0,68.0,147.0,12812.0,16.14173556801642,0.08898638567210643,1.3372914875931352
ID163825,163825,977,2.482862949371338,72.0,158.0,0.0,203.0,203,5.0,1,,130.8762886597938,132.0,89.0,149.0,12695.0,12.336647413937367,0.058562139413989626,1.173800773083164
ID147959,147959,977,3.4570515155792236,82.0,133.0,0.0,145.0,145,5.0,1,,128.38144329896906,133.0,62.0,149.0,12453.0,16.51857748299943,0.09114877158452434,1.2984536652837082
ID152055,152055,977,3.7206106185913086,91.0,142.0,0.0,161.0,161,5.0,1,,130.91752577319588,138.0,72.0,154.0,12699.0,17.593008852413497,0.09089632767931481,1.240082335407125
ID159991,159991,977,3.6945505142211914,85.0,152.0,0.0,186.0,186,5.0,1,,129.16494845360825,137.0,66.0,154.0,12529.0,19.589899827659455,0.09438969861009912,1.1373524260670664
ID170996,170996,977,3.23807430267334,59.0,153.0,0.0,227.0,227,5.0,1,,128.36082474226805,134.0,75.0,147.0,12451.0,16.15174498248971,0.08236676298717151,1.2095410061127028
ID160507,160507,977,3.643561363220215,85.0,156.0,0.0,190.0,190,5.0,1,,128.88659793814432,136.0,69.0,150.0,12502.0,17.27948946044835,0.09442905502349946,1.2871373081359274
ID147711,147711,977,2.514735698699951,85.0,135.0,0.0,143.0,143,5.0,1,,131.27835051546393,133.0,77.0,145.0,12734.0,11.58100300423897,0.061625846253774624,1.316037745353271
ID154627,154627,1080,3.743863344192505,118.0,309.0,0.0,166.0,166,5.0,1,,140.01030927835052,142.0,102.0,156.0,13581.0,9.985922221391668,0.10590766145572214,2.685408401255007
ID158080,158080,1080,2.748476505279541,112.0,314.0,0.0,182.0,182,5.0,1,,131.55670103092783,135.0,82.0,150.0,12761.0,15.19317902887468,0.062328572662204776,1.0160676719806019
ID159492,159492,1080,2.4288995265960693,110.0,319.0,0.0,188.0,188,5.0,1,,128.94845360824743,133.0,82.0,143.0,12508.0,13.472480542155656,0.055918100563058654,1.0137263727636292
ID153226,153226,1080,2.3134539127349854,118.0,313.0,0.0,169.0,169,5.0,1,,130.72164948453607,134.0,84.0,146.0,12680.0,13.008604738820345,0.05133740597258544,0.9813831583214626
ID164488,164488,1080,2.5164942741394043,108.0,321.0,0.0,206.0,206,5.0,1,,128.75257731958763,132.0,74.0,143.0,12489.0,14.732355921459531,0.05714845661723748,0.9448921707811766
ID166152,166152,1080,2.470235824584961,103.0,326.0,0.0,210.0,210,5.0,1,,130.17525773195877,132.0,87.0,148.0,12627.0,11.87084164848049,0.05942865032135506,1.230271841040026
ID162831,162831,1080,2.8895151615142822,103.0,321.0,0.0,198.0,198,5.0,1,,131.1958762886598,135.0,79.0,152.0,12726.0,14.010144520472878,0.06641485540525228,1.1663975808986118
ID165517,165517,1080,2.8559155464172363,108.0,321.0,0.0,207.0,207,5.0,1,,131.46391752577318,133.0,82.0,146.0,12752.0,13.13793953884933,0.0681427248682416,1.276731329803303
ID163094,163094,1080,2.7275452613830566,104.0,321.0,0.0,199.0,199,5.0,1,,130.55670103092783,135.0,76.0,147.0,12664.0,15.870549948571536,0.06367604620318065,0.9849266690349571
ID151060,151060,1080,3.271602153778076,124.0,305.0,0.0,155.0,155,5.0,1,,120.65979381443299,130.0,74.0,158.0,11704.0,24.674078249390487,0.06111397156580238,0.563287497271578
ID159764,159764,1080,2.5756688117980957,111.0,318.0,0.0,187.0,187,5.0,1,,128.9278350515464,132.0,83.0,147.0,12506.0,14.415159427000516,0.05405079439658677,0.9172712405929123
ID160149,160149,1080,2.414227247238159,112.0,315.0,0.0,186.0,186,5.0,1,,129.43298969072166,131.0,87.0,149.0,12555.0,14.2250565438938,0.054170868141544294,0.9351381229838713
ID156056,156056,1080,1.8748795986175537,109.0,303.0,0.0,174.0,174,5.0,1,,130.76288659793815,133.0,96.0,141.0,12684.0,9.711219023072706,0.04281195322778045,1.1056044734902783
ID164760,164760,1080,2.7182793617248535,110.0,320.0,0.0,204.0,204,5.0,1,,128.5463917525773,133.0,66.0,149.0,12469.0,17.52856039591571,0.05871951881166629,0.8134768627698579
ID153503,153503,1080,4.44858455657959,122.0,302.0,0.0,163.0,163,5.0,1,,135.4020618556701,141.0,84.0,157.0,13134.0,18.463172687933866,0.1067261232411222,1.4144236672769088
ID167327,167327,1080,2.732403516769409,102.0,328.0,0.0,218.0,218,5.0,1,,130.95876288659792,134.0,76.0,148.0,12703.0,14.540115145816712,0.06328695643211482,1.0721620664750002
ID154914,154914,1080,2.6271681785583496,116.0,313.0,0.0,170.0,170,5.0,1,,130.55670103092783,136.0,74.0,152.0,12664.0,17.517235008321677,0.05193971562512104,0.7359906926136196
ID168480,168480,1080,2.580281972885132,103.0,329.0,0.0,219.0,219,5.0,1,,130.9278350515464,132.0,92.0,148.0,12700.0,11.121719949682928,0.06079086515573471,1.3492691174020646
ID169380,169380,1080,2.7868478298187256,113.0,334.0,0.0,223.0,223,5.0,1,,130.7422680412371,132.0,89.0,148.0,12682.0,13.067356234872925,0.06512748369846415,1.2235479320051625
ID158373,158373,1080,2.510695695877075,115.0,316.0,0.0,181.0,181,5.0,1,,129.0721649484536,135.0,79.0,147.0,12520.0,16.194937109248325,0.051834682494427096,0.7855182514127922
ID166446,166446,1080,2.539945363998413,101.0,329.0,0.0,212.0,212,5.0,1,,131.24742268041237,133.0,89.0,145.0,12731.0,10.760683574781094,0.05952603874081934,1.3704912497357193
ID165037,165037,1080,2.61513090133667,109.0,321.0,0.0,202.0,202,5.0,1,,132.36082474226805,134.0,96.0,145.0,12839.0,9.967849951019932,0.0641006748717172,1.5998079541876273
ID151344,151344,1080,2.9011034965515137,124.0,313.0,0.0,154.0,154,5.0,1,,123.70103092783505,126.0,73.0,144.0,11999.0,12.34247826651723,0.06946924662150421,1.3020427150765723
ID163382,163382,1080,2.561087131500244,107.0,324.0,0.0,201.0,201,5.0,1,,128.60824742268042,132.0,78.0,146.0,12475.0,15.537962047991089,0.05476260033226936,0.8594766828590277
ID155188,155188,1080,2.642214298248291,116.0,308.0,0.0,171.0,171,5.0,1,,136.2164948453608,137.0,98.0,150.0,13213.0,7.15924053834697,0.07569937027057401,2.6778983920526964
ID157492,157492,1080,2.612151861190796,114.0,311.0,0.0,179.0,179,5.0,1,,127.57731958762886,131.0,77.0,151.0,12375.0,15.883583671216957,0.05225334986353069,0.7977169026835637
ID156344,156344,1080,2.2571003437042236,116.0,304.0,0.0,175.0,175,5.0,1,,130.4742268041237,133.0,77.0,146.0,12656.0,12.914053055606676,0.05124521651701381,0.9850118631282442
ID149689,149689,1080,3.2754578590393066,123.0,309.0,0.0,153.0,153,5.0,1,,123.36082474226804,130.0,74.0,150.0,11966.0,21.749131001323125,0.06529379483724715,0.6952930106126456
ID151609,151609,1080,4.52650260925293,119.0,305.0,0.0,159.0,159,5.0,1,,125.22680412371135,136.0,60.0,166.0,12147.0,30.739329162952053,0.09427613615240156,0.7019525467840713
ID157118,157118,1080,2.8576698303222656,113.0,309.0,0.0,176.0,176,5.0,1,,132.62886597938143,136.0,85.0,156.0,12865.0,14.984936594536128,0.058289861020072144,0.9749930652553285
ID161726,161726,1080,2.7520620822906494,108.0,316.0,0.0,194.0,194,5.0,1,,130.7319587628866,134.0,75.0,152.0,12681.0,16.676777431454845,0.060446063409439164,0.8936738896461492
ID163647,163647,1080,2.4836831092834473,107.0,322.0,0.0,200.0,200,5.0,1,,129.75257731958763,134.0,83.0,141.0,12586.0,13.268878789479423,0.05840372522686483,1.0791975513444203
ID165567,165567,1080,2.4911890029907227,104.0,330.0,0.0,209.0,209,5.0,1,,131.23711340206185,133.0,94.0,143.0,12730.0,10.463003468448056,0.060685081485034924,1.4352441145236396
ID151875,151875,1080,4.857954025268555,120.0,305.0,0.0,158.0,158,5.0,1,,134.1958762886598,144.0,78.0,165.0,13017.0,24.685369813269343,0.10538400664772372,1.0365519142306532
ID161347,161347,1080,2.433581829071045,106.0,313.0,0.0,192.0,192,5.0,1,,129.51546391752578,131.0,78.0,147.0,12563.0,12.593908416755383,0.05781452451059861,1.1241351369100459
ID169668,169668,1080,2.3859009742736816,102.0,328.0,0.0,216.0,216,5.0,1,,130.01030927835052,132.0,84.0,143.0,12611.0,11.739795964085173,0.05916703776838805,1.2372646591065974
ID157125,157125,1080,2.184953212738037,115.0,311.0,0.0,178.0,178,5.0,1,,127.71134020618557,130.0,82.0,142.0,12388.0,12.305113065719368,0.0479739204751259,0.9502296669131902
ID167621,167621,1080,2.5256643295288086,103.0,332.0,0.0,215.0,215,5.0,1,,128.69072164948454,132.0,75.0,144.0,12483.0,14.880328754728417,0.05466274029011514,0.8964839151546886
ID153802,153802,1080,3.0689988136291504,114.0,309.0,0.0,167.0,167,5.0,1,,139.55670103092783,141.0,112.0,149.0,13537.0,6.737595194387712,0.08926750918715431,3.3949598558675356
ID150216,150216,1080,4.71539831161499,122.0,303.0,0.0,157.0,157,5.0,1,,134.48453608247422,143.0,74.0,160.0,13045.0,21.93034114059687,0.10865856676944943,1.2020516044466123
ID156627,156627,1080,2.4605159759521484,114.0,310.0,0.0,177.0,177,5.0,1,,131.5979381443299,134.0,84.0,147.0,12765.0,12.54961801694116,0.058212809342161116,1.153703255326991
ID168787,168787,1080,2.6170215606689453,107.0,327.0,0.0,220.0,220,5.0,1,,129.88659793814432,133.0,87.0,147.0,12599.0,13.205803876089702,0.05743842080670838,1.0685058378541832
ID162006,162006,1080,2.7885775566101074,109.0,318.0,0.0,195.0,195,5.0,1,,130.2577319587629,134.0,78.0,150.0,12635.0,17.25922359114315,0.05877995697879787,0.8379841516614807
ID163927,163927,1080,2.6725504398345947,108.0,321.0,0.0,203.0,203,5.0,1,,128.83505154639175,132.0,76.0,152.0,12497.0,15.952847455059514,0.057257113418203595,0.874731271064757
ID154068,154068,1080,2.3036487102508545,116.0,312.0,0.0,168.0,168,5.0,1,,134.84536082474227,137.0,109.0,144.0,13080.0,7.17974611637018,0.05898117047592736,2.0920982045343637
ID166740,166740,1080,2.839371919631958,103.0,327.0,0.0,211.0,211,5.0,1,,131.340206185567,135.0,84.0,151.0,12740.0,13.896857107167957,0.06383419576110842,1.1342023491399271
ID171994,171994,1080,2.754974365234375,115.0,335.0,0.0,222.0,222,5.0,1,,130.69072164948454,136.0,81.0,147.0,12677.0,13.515701382051816,0.06328237618903655,1.1509867561837157
ID152155,152155,1080,4.83358097076416,121.0,304.0,0.0,161.0,161,5.0,1,,131.76288659793815,143.0,69.0,161.0,12781.0,26.19031834312231,0.11128529595165164,1.0076147958128965
ID170840,170840,1080,2.4147255420684814,112.0,341.0,0.0,225.0,225,5.0,1,,127.71134020618557,130.0,86.0,147.0,12388.0,13.220847459982945,0.05418739858954124,0.993071790116826
ID155481,155481,1080,3.116276979446411,112.0,307.0,0.0,172.0,172,5.0,1,,137.37113402061857,138.0,108.0,153.0,13325.0,7.330472341006957,0.09373767722778496,3.2121405087673294
ID157788,157788,1080,2.452803611755371,115.0,316.0,0.0,180.0,180,5.0,1,,131.28865979381445,133.0,95.0,144.0,12735.0,9.938308418780545,0.06102466422709359,1.5195838158027701
ID158940,158940,1080,2.4989891052246094,110.0,314.0,0.0,183.0,183,5.0,1,,131.04123711340208,133.0,83.0,157.0,12711.0,13.396919364301949,0.057196914387808176,1.0583998029186787
ID154339,154339,1080,3.7038533687591553,124.0,303.0,0.0,164.0,164,5.0,1,,139.5979381443299,141.0,99.0,161.0,13541.0,10.486757317579192,0.10105246582410138,2.4434681542940617
ID160353,160353,1080,2.750615119934082,107.0,321.0,0.0,189.0,189,5.0,1,,132.64948453608247,136.0,90.0,148.0,12867.0,12.74839960308205,0.06568029306891034,1.2825905668538102
ID158823,158823,1080,2.5955166816711426,113.0,318.0,0.0,184.0,184,5.0,1,,130.61855670103094,135.0,95.0,143.0,12670.0,11.005153431999736,0.0612348736463674,1.3697019923227836
ID168423,168423,1080,2.6889736652374268,102.0,328.0,0.0,217.0,217,5.0,1,,130.5463917525773,133.0,81.0,146.0,12663.0,14.20535449117449,0.061249226035236484,1.0607816807134764
ID152939,152939,1080,3.6685991287231445,120.0,306.0,0.0,165.0,165,5.0,1,,140.16494845360825,143.0,102.0,154.0,13596.0,9.8273432451366,0.100537397732464,2.6058902864747306
ID160619,160619,1080,2.601435422897339,105.0,317.0,0.0,190.0,190,5.0,1,,130.1340206185567,134.0,79.0,147.0,12623.0,15.790707226337387,0.0602529715919383,0.9366735019820773
ID152424,152424,1080,4.640626907348633,121.0,302.0,0.0,162.0,162,5.0,1,,132.61855670103094,143.0,67.0,161.0,12864.0,24.6852871577759,0.10543352059955123,1.024807247205714
ID162280,162280,1080,2.608752965927124,103.0,326.0,0.0,197.0,197,5.0,1,,129.46391752577318,131.0,81.0,145.0,12558.0,13.738678563085823,0.05856803770220606,1.0427391367007088
ID167912,167912,1080,2.6499783992767334,101.0,332.0,0.0,213.0,213,5.0,1,,131.70103092783506,133.0,93.0,150.0,12775.0,10.939383122131852,0.06500738244814211,1.4697260732142288
ID169960,169960,1080,2.6479663848876953,113.0,339.0,0.0,224.0,224,5.0,1,,128.0,133.0,77.0,146.0,12416.0,16.117407773377618,0.05526416980696761,0.8318159226606754
ID150765,150765,1080,4.464600563049316,123.0,302.0,0.0,156.0,156,5.0,1,,131.5979381443299,141.0,81.0,160.0,12765.0,23.696720849893993,0.09883198793315445,0.998980625207789
ID169074,169074,1080,2.6674256324768066,112.0,326.0,0.0,221.0,221,5.0,1,,129.15463917525773,134.0,76.0,146.0,12528.0,16.27007747253219,0.05990165576487165,0.8972710210292528
ID161395,161395,1080,2.683542013168335,108.0,310.0,0.0,193.0,193,5.0,1,,131.39175257731958,133.0,87.0,151.0,12745.0,12.389979739214443,0.06032897683900484,1.206737572179828
ID165875,165875,1080,2.370755434036255,107.0,326.0,0.0,208.0,208,5.0,1,,130.36082474226805,133.0,94.0,141.0,12645.0,9.97829474306013,0.06037968104689364,1.4878192869036053
ID159217,159217,1080,2.480940103530884,113.0,316.0,0.0,185.0,185,5.0,1,,131.0,133.0,88.0,148.0,12707.0,12.430640905976382,0.06096916033302606,1.2111982208427516
ID162545,162545,1080,2.6700429916381836,105.0,321.0,0.0,196.0,196,5.0,1,,130.8762886597938,133.0,76.0,145.0,12695.0,12.644380942371496,0.06281217917169145,1.223434528933291
ID167025,167025,1080,2.4027538299560547,102.0,332.0,0.0,214.0,214,5.0,1,,129.76288659793815,132.0,84.0,144.0,12587.0,12.094913872399253,0.058572187985813394,1.1872677784073151
ID164214,164214,1080,2.4705913066864014,111.0,326.0,0.0,205.0,205,5.0,1,,129.28865979381445,133.0,84.0,144.0,12541.0,13.44274801619089,0.06092161304853021,1.1045629411834472
ID155767,155767,1080,2.0226151943206787,110.0,303.0,0.0,173.0,173,5.0,1,,130.4742268041237,133.0,89.0,145.0,12656.0,10.718065729864264,0.04522760487728587,1.0534914851069102
ID152693,152693,1080,4.219730377197266,119.0,303.0,0.0,160.0,160,5.0,1,,126.1340206185567,135.0,70.0,165.0,12235.0,27.18977629014082,0.09050316934613145,0.7700048430379498
ID160889,160889,1080,2.891462564468384,108.0,312.0,0.0,191.0,191,5.0,1,,131.4536082474227,136.0,77.0,147.0,12751.0,16.275634024104804,0.06589004508077459,0.9985549985972463
ID154883,154883,1129,2.3514089584350586,46.0,260.0,0.0,170.0,170,5.0,1,,128.8659793814433,134.0,84.0,149.0,12500.0,13.951275976575424,0.05079759458315414,0.8930554441366015
ID163591,163591,1129,2.461087942123413,65.0,233.0,0.0,200.0,200,5.0,1,,130.63917525773195,135.0,73.0,143.0,12672.0,14.000138070011378,0.05654141176821951,0.9987372102973939
ID172807,172807,1129,2.247922420501709,59.0,252.0,0.0,234.0,234,5.0,1,,130.44329896907217,132.0,94.0,145.0,12653.0,10.75287662302992,0.05335986765765012,1.229037353638843
ID157454,157454,1129,2.5087192058563232,48.0,259.0,0.0,179.0,179,5.0,1,,131.340206185567,132.0,89.0,149.0,12740.0,13.519959471970001,0.05501769321947383,1.013199423355586
ID180237,180237,1129,2.518256902694702,52.0,257.0,0.0,262.0,262,5.0,1,,131.01030927835052,133.0,91.0,145.0,12708.0,11.371102670586398,0.0622442047821425,1.3502290239762915
ID155155,155155,1129,2.6883833408355713,42.0,257.0,0.0,171.0,171,5.0,1,,131.30927835051546,136.0,69.0,149.0,12737.0,16.187289782896457,0.05776989313119025,0.8860569392674004
ID176400,176400,1129,2.8162734508514404,56.0,258.0,0.0,248.0,248,5.0,1,,129.6701030927835,135.0,74.0,153.0,12578.0,17.246208308811752,0.06089710200984513,0.863176458075435
ID170772,170772,1129,2.618180274963379,51.0,258.0,0.0,225.0,225,5.0,1,,130.5257731958763,135.0,90.0,147.0,12661.0,14.001557043998977,0.0573535529487286,1.0113233485096027
ID158751,158751,1129,2.2552926540374756,49.0,249.0,0.0,184.0,184,5.0,1,,127.9278350515464,130.0,78.0,148.0,12409.0,15.99495195280401,0.04433017370373801,0.6790061579733583
ID161308,161308,1129,2.5795397758483887,50.0,235.0,0.0,193.0,193,5.0,1,,130.98969072164948,135.0,80.0,148.0,12706.0,14.415338218197219,0.0560786952316695,0.9650368449304416
ID166685,166685,1129,2.1527624130249023,55.0,247.0,0.0,211.0,211,5.0,1,,128.77319587628867,132.0,86.0,141.0,12491.0,12.579335861707861,0.047171366536004414,0.9222707949598207
ID168738,168738,1129,2.480114698410034,60.0,258.0,0.0,220.0,220,5.0,1,,127.52577319587628,133.0,76.0,145.0,12370.0,16.660890322039336,0.04991877377939373,0.7278434243392035
ID180515,180515,1129,2.332803726196289,51.0,261.0,0.0,261.0,261,5.0,1,,131.63917525773195,133.0,91.0,151.0,12769.0,10.280630621677911,0.05984740403985496,1.4460968149835178
ID173089,173089,1129,2.5278480052948,59.0,251.0,0.0,233.0,233,5.0,1,,132.70103092783506,137.0,93.0,145.0,12872.0,11.601153811559007,0.05879727831358326,1.2704205633396637
ID163880,163880,1129,2.297093391418457,62.0,244.0,0.0,203.0,203,5.0,1,,129.43298969072166,134.0,79.0,145.0,12555.0,15.491198587487537,0.04905400130448178,0.7813876643182095
ID160297,160297,1129,2.5472848415374756,54.0,243.0,0.0,189.0,189,5.0,1,,131.9278350515464,133.0,88.0,153.0,12797.0,12.497705975064994,0.05895263114342068,1.175338026891031
ID173359,173359,1129,2.870851755142212,56.0,255.0,0.0,235.0,235,5.0,1,,131.68041237113403,132.0,86.0,152.0,12773.0,12.407613918941536,0.06647417257579183,1.3230172300042085
ID171058,171058,1129,2.539595603942871,51.0,252.0,0.0,227.0,227,5.0,1,,129.8556701030928,135.0,80.0,150.0,12596.0,15.055445921328086,0.05378201967540837,0.8804072561981487
ID176691,176691,1129,2.8951752185821533,50.0,264.0,0.0,246.0,246,5.0,1,,131.5979381443299,132.0,85.0,156.0,12765.0,13.17483380177782,0.0659850551077711,1.2365976102770821
ID160560,160560,1129,2.2387895584106445,54.0,240.0,0.0,190.0,190,5.0,1,,130.89690721649484,133.0,98.0,147.0,12697.0,9.787837410193578,0.053711870715458424,1.3633929387330073
ID165424,165424,1129,2.3177828788757324,57.0,238.0,0.0,207.0,207,5.0,1,,130.659793814433,135.0,83.0,143.0,12674.0,12.54067266100101,0.0578809535414743,1.1401185488549588
ID157745,157745,1129,2.0593020915985107,49.0,256.0,0.0,180.0,180,5.0,1,,129.53608247422682,132.0,86.0,143.0,12565.0,12.641747848291939,0.04788309361109097,0.9364465596263631
ID155446,155446,1129,2.571683645248413,41.0,256.0,0.0,172.0,172,5.0,1,,131.55670103092783,133.0,92.0,148.0,12761.0,10.847397030475541,0.05694648462598512,1.3068668894643554
ID181307,181307,1129,2.5308618545532227,50.0,261.0,0.0,263.0,263,5.0,1,,132.22680412371133,133.0,90.0,157.0,12826.0,11.96827851955533,0.059145739582497206,1.233915878185915
ID166969,166969,1129,2.34220552444458,57.0,249.0,0.0,214.0,214,5.0,1,,130.8556701030928,134.0,89.0,146.0,12693.0,12.475801319221986,0.05491753330221872,1.0920602589686268
ID173628,173628,1129,2.7201147079467773,49.0,262.0,0.0,237.0,237,5.0,1,,132.3298969072165,135.0,85.0,150.0,12836.0,12.675206810841171,0.06380877190866585,1.2524192514982702
ID176956,176956,1129,2.7853896617889404,55.0,262.0,0.0,251.0,251,5.0,1,,131.63917525773195,137.0,84.0,146.0,12769.0,14.636701563058818,0.06445221766062893,1.089139789796371
ID169026,169026,1129,2.5275585651397705,58.0,259.0,0.0,221.0,221,5.0,1,,130.01030927835052,134.0,78.0,145.0,12611.0,14.474470949860327,0.05667762973287359,0.9635499971530366
ID160064,160064,1129,2.26198148727417,53.0,243.0,0.0,186.0,186,5.0,1,,131.09278350515464,135.0,85.0,146.0,12716.0,13.183862037091359,0.0506575072300592,0.9588458171267509
ID164161,164161,1129,2.22401762008667,60.0,249.0,0.0,205.0,205,5.0,1,,131.5257731958763,133.0,93.0,148.0,12758.0,10.581127837949229,0.050717816860744766,1.2000058199260932
ID160838,160838,1129,2.685741424560547,48.0,239.0,0.0,191.0,191,5.0,1,,133.1340206185567,135.0,90.0,149.0,12914.0,12.455444647806456,0.06473975119938698,1.2998324207286855
ID165445,165445,1129,2.4407827854156494,51.0,240.0,0.0,209.0,209,5.0,1,,133.24742268041237,136.0,84.0,150.0,12925.0,13.133156931848625,0.058486101162901524,1.1212105891312283
ID173897,173897,1129,2.9579010009765625,51.0,258.0,0.0,236.0,236,5.0,1,,131.68041237113403,136.0,83.0,154.0,12773.0,16.511073551655535,0.0671998149402687,1.0043803265656284
ID164430,164430,1129,2.4661202430725098,56.0,239.0,0.0,206.0,206,5.0,1,,132.38144329896906,136.0,85.0,148.0,12841.0,13.17703439303355,0.06034569349758774,1.1435054363305255
ID177229,177229,1129,2.7032370567321777,51.0,260.0,0.0,252.0,252,5.0,1,,130.20618556701032,133.0,89.0,148.0,12630.0,13.786268941965632,0.0601747288126516,1.072140148643766
ID152400,152400,1129,2.4761579036712646,38.0,264.0,0.0,162.0,162,5.0,1,,129.7319587628866,134.0,82.0,149.0,12584.0,14.996885415477054,0.0530994425228332,0.8723614716720931
ID158032,158032,1129,2.4663045406341553,49.0,247.0,0.0,182.0,182,5.0,1,,130.43298969072166,132.0,83.0,147.0,12652.0,12.921967097813555,0.05462338755792756,1.045610764785421
ID171344,171344,1129,3.169776678085327,58.0,251.0,0.0,230.0,230,5.0,1,,131.69072164948454,135.0,70.0,145.0,12774.0,13.909949095837748,0.07962839357659594,1.3965397099952697
ID152913,152913,1129,2.5709896087646484,45.0,263.0,0.0,165.0,165,5.0,1,,131.77319587628867,135.0,89.0,148.0,12782.0,12.391617760472176,0.06284351415337654,1.2575353493014947
ID177750,177750,1129,2.8586840629577637,51.0,261.0,0.0,250.0,250,5.0,1,,132.61855670103094,133.0,89.0,149.0,12864.0,12.552758079210678,0.06589974571833991,1.3063589168071283
ID155743,155743,1129,2.44844388961792,44.0,263.0,0.0,173.0,173,5.0,1,,129.50515463917526,134.0,81.0,149.0,12562.0,14.726763979896859,0.05427257698680396,0.9053932599403189
ID167270,167270,1129,2.820892810821533,55.0,258.0,0.0,218.0,218,5.0,1,,131.96907216494844,136.0,78.0,150.0,12801.0,14.465802783524365,0.0652008878878571,1.1168159535209345
ID153191,153191,1129,2.7761073112487793,50.0,256.0,0.0,169.0,169,5.0,1,,132.72164948453607,132.0,78.0,155.0,12874.0,13.550632110133916,0.06209971922434376,1.1453456061002356
ID164714,164714,1129,2.285799741744995,59.0,246.0,0.0,204.0,204,5.0,1,,128.75257731958763,132.0,81.0,146.0,12489.0,15.586473120301997,0.04645637607813505,0.7334360832605136
ID169327,169327,1129,2.703112840652466,56.0,256.0,0.0,223.0,223,5.0,1,,130.5463917525773,133.0,81.0,157.0,12663.0,16.669595962508055,0.05794387512231854,0.857856610803501
ID171629,171629,1129,2.972648859024048,55.0,248.0,0.0,229.0,229,5.0,1,,129.77319587628867,135.0,78.0,142.0,12588.0,14.090854861279693,0.07463964552268522,1.2793352423995579
ID164983,164983,1129,2.6493213176727295,63.0,241.0,0.0,202.0,202,5.0,1,,132.18556701030928,133.0,96.0,147.0,12822.0,10.41266246062458,0.06401581518931337,1.527535951941975
ID157045,157045,1129,2.2504940032958984,47.0,260.0,0.0,176.0,176,5.0,1,,129.51546391752578,133.0,90.0,147.0,12563.0,12.256047318621476,0.05394410773451652,1.0817517986255485
ID174201,174201,1129,2.461566925048828,53.0,260.0,0.0,238.0,238,5.0,1,,131.6701030927835,136.0,90.0,144.0,12772.0,11.679506312237448,0.05686919464614494,1.2132450391277654
ID156031,156031,1129,2.5953738689422607,43.0,260.0,0.0,174.0,174,5.0,1,,130.2164948453608,134.0,88.0,149.0,12631.0,14.000912770931901,0.05406577721092188,0.9541010724579922
ID157052,157052,1129,2.330167293548584,49.0,260.0,0.0,178.0,178,5.0,1,,129.4742268041237,132.0,79.0,147.0,12559.0,15.766587022023009,0.04666518541484194,0.7322524722938044
ID158332,158332,1129,2.457326889038086,51.0,252.0,0.0,181.0,181,5.0,1,,130.64948453608247,133.0,82.0,148.0,12673.0,15.442123961420027,0.054242506593353515,0.870622505626431
ID161665,161665,1129,2.684446096420288,53.0,230.0,0.0,194.0,194,5.0,1,,131.77319587628867,136.0,84.0,148.0,12782.0,14.282495955597165,0.060927739121938045,1.0596982643544754
ID174470,174470,1129,2.7325289249420166,54.0,262.0,0.0,239.0,239,5.0,1,,132.57731958762886,135.0,85.0,151.0,12860.0,12.473167076056365,0.06587280613790429,1.3137818951870606
ID153477,153477,1129,2.898752450942993,43.0,264.0,0.0,163.0,163,5.0,1,,132.50515463917526,136.0,83.0,149.0,12853.0,15.121124649076895,0.06493067648184983,1.0685805513010265
ID167563,167563,1129,2.2972612380981445,58.0,252.0,0.0,215.0,215,5.0,1,,130.43298969072166,134.0,79.0,152.0,12652.0,14.290809412940046,0.052765315341888164,0.9149083412769337
ID168331,168331,1129,2.754617929458618,56.0,261.0,0.0,217.0,217,5.0,1,,131.46391752577318,133.0,91.0,145.0,12752.0,10.903995689339162,0.0724507791857305,1.6289831264172345
ID178060,178060,1129,2.583491802215576,52.0,261.0,0.0,256.0,256,5.0,1,,131.8659793814433,133.0,96.0,145.0,12791.0,10.427956081669947,0.06213956494573947,1.479619984628216
ID156310,156310,1129,2.193246364593506,45.0,259.0,0.0,175.0,175,5.0,1,,131.36082474226805,133.0,96.0,144.0,12742.0,9.451835764163205,0.05299729123140048,1.3989626323078794
ID174743,174743,1129,2.516301393508911,52.0,260.0,0.0,240.0,240,5.0,1,,132.1443298969072,135.0,91.0,149.0,12818.0,11.749990860565283,0.0621534119492042,1.3161904211516335
ID161947,161947,1129,2.606482982635498,53.0,233.0,0.0,195.0,195,5.0,1,,130.93814432989691,133.0,81.0,150.0,12701.0,14.736444642018817,0.05581897771729228,0.9394980325397324
ID169624,169624,1129,3.1646511554718018,56.0,257.0,0.0,216.0,216,5.0,1,,133.22680412371133,136.0,81.0,150.0,12923.0,15.890579726837622,0.07575661568930017,1.180832787670824
ID175007,175007,1129,2.5539703369140625,53.0,262.0,0.0,243.0,243,5.0,1,,130.5979381443299,133.0,85.0,146.0,12668.0,13.352324855162893,0.05541249472103189,1.0270578296197124
ID153762,153762,1129,2.4881842136383057,46.0,257.0,0.0,167.0,167,5.0,1,,131.09278350515464,135.0,81.0,148.0,12716.0,13.958332692209044,0.0567885936264685,1.0093649773611562
ID171936,171936,1129,2.7945477962493896,58.0,257.0,0.0,222.0,222,5.0,1,,131.91752577319588,134.0,82.0,152.0,12796.0,13.156644473969523,0.06398073165956743,1.2058763918577617
ID169903,169903,1129,2.69230580329895,54.0,255.0,0.0,224.0,224,5.0,1,,131.89690721649484,135.0,90.0,149.0,12794.0,11.54202875733081,0.06582763007911349,1.4115741649150337
ID175277,175277,1129,2.3210911750793457,53.0,260.0,0.0,242.0,242,5.0,1,,131.2164948453608,132.0,98.0,145.0,12728.0,9.419866864907238,0.05215000962359406,1.3808623633459718
ID156594,156594,1129,2.598050355911255,45.0,263.0,0.0,177.0,177,5.0,1,,132.5257731958763,134.0,93.0,150.0,12855.0,11.445607584994805,0.062459436592484104,1.3613731931153827
ID167858,167858,1129,2.1814444065093994,58.0,250.0,0.0,213.0,213,5.0,1,,126.83505154639175,131.0,75.0,146.0,12303.0,15.940436273548642,0.04210497870643804,0.6429705232018529
ID178354,178354,1129,2.542781352996826,54.0,263.0,0.0,249.0,249,5.0,1,,130.27835051546393,135.0,78.0,149.0,12637.0,15.187537563767824,0.055976597571362,0.9094254119223796
ID162227,162227,1129,2.504472255706787,54.0,234.0,0.0,197.0,197,5.0,1,,130.81443298969072,132.0,85.0,148.0,12689.0,11.005992588232724,0.05855026340396864,1.3148427360448414
ID158897,158897,1129,2.4793951511383057,48.0,249.0,0.0,183.0,183,5.0,1,,131.29896907216494,135.0,87.0,150.0,12736.0,13.08319926825176,0.060264497046199045,1.1408398234846417
ID180918,180918,1129,1.366499662399292,52.0,267.0,0.0,264.0,264,5.0,1,,126.02061855670104,128.0,92.0,140.0,12224.0,6.729876456028167,0.03449792684030131,1.2489006254165955
ID165815,165815,1129,2.6528799533843994,54.0,239.0,0.0,208.0,208,5.0,1,,131.18556701030928,137.0,73.0,150.0,12725.0,18.159782657993645,0.055998122284663075,0.7661533847974457
ID162490,162490,1129,2.6623611450195312,53.0,236.0,0.0,196.0,196,5.0,1,,131.55670103092783,136.0,79.0,148.0,12761.0,14.448881929181816,0.05986959686844054,1.0286381502062123
ID168378,168378,1129,2.4616894721984863,60.0,258.0,0.0,219.0,219,5.0,1,,129.18556701030928,135.0,80.0,142.0,12531.0,14.32097085345707,0.05451612103026639,0.9327027432731381
ID178617,178617,1129,2.676302433013916,51.0,258.0,0.0,254.0,254,5.0,1,,130.44329896907217,133.0,79.0,156.0,12653.0,14.5537574416404,0.06034085962867168,1.0200997304807131
ID172224,172224,1129,2.4636895656585693,60.0,246.0,0.0,232.0,232,5.0,1,,131.17525773195877,136.0,69.0,144.0,12724.0,15.237023378708159,0.05421733212867207,0.8855024748414592
ID154305,154305,1129,2.2798519134521484,45.0,260.0,0.0,164.0,164,5.0,1,,129.97938144329896,133.0,86.0,142.0,12608.0,11.093334505311532,0.05590251161465136,1.2406516297026329
ID178884,178884,1129,2.682908058166504,51.0,258.0,0.0,255.0,255,5.0,1,,131.58762886597938,135.0,88.0,146.0,12764.0,13.325846265590718,0.06432144277815194,1.1935296811994869
ID159173,159173,1129,2.61875319480896,53.0,247.0,0.0,185.0,185,5.0,1,,131.68041237113403,134.0,88.0,148.0,12773.0,12.424393338436223,0.05965333382449201,1.1932924494050001
ID161221,161221,1129,2.5441300868988037,47.0,237.0,0.0,192.0,192,5.0,1,,131.7835051546392,135.0,86.0,149.0,12783.0,12.687942770700745,0.059963694745020155,1.1751606305091722
ID170185,170185,1129,2.361511468887329,50.0,258.0,0.0,226.0,226,5.0,1,,128.28865979381445,132.0,77.0,145.0,12444.0,15.352767640617904,0.05006326370835698,0.7967742319109568
ID162764,162764,1129,2.281827211380005,56.0,236.0,0.0,198.0,198,5.0,1,,131.11340206185568,132.0,91.0,142.0,12718.0,9.884622198837228,0.056422134435619824,1.4168668083519962
ID159440,159440,1129,2.688483238220215,53.0,243.0,0.0,188.0,188,5.0,1,,133.31958762886597,135.0,87.0,152.0,12932.0,11.827357403981322,0.06327721315008564,1.341643323149348
ID175568,175568,1129,2.4860565662384033,51.0,261.0,0.0,241.0,241,5.0,1,,129.69072164948454,133.0,82.0,143.0,12580.0,14.646786354537433,0.05514650883159106,0.9255541088080351
ID166097,166097,1129,2.5575649738311768,53.0,245.0,0.0,210.0,210,5.0,1,,129.4742268041237,134.0,78.0,148.0,12559.0,16.334455393115828,0.055083050896337735,0.8276371999047046
ID179159,179159,1129,2.680921792984009,49.0,260.0,0.0,245.0,245,5.0,1,,132.27835051546393,133.0,95.0,146.0,12831.0,11.347487119072902,0.061433315939658964,1.3493677009141354
ID163038,163038,1129,2.3593251705169678,59.0,236.0,0.0,199.0,199,5.0,1,,130.11340206185568,133.0,89.0,145.0,12621.0,13.010313447943743,0.05273251761555449,1.0019008308336048
ID154591,154591,1129,2.572680950164795,46.0,259.0,0.0,166.0,166,5.0,1,,130.89690721649484,134.0,82.0,149.0,12697.0,13.816117200636299,0.05798612098919389,1.038526204246983
ID159715,159715,1129,2.6055688858032227,54.0,244.0,0.0,187.0,187,5.0,1,,132.44329896907217,135.0,80.0,150.0,12847.0,14.031934613710138,0.05638033909142601,1.0075110246027896
ID172518,172518,1129,2.604252815246582,59.0,254.0,0.0,231.0,231,5.0,1,,131.05154639175257,134.0,82.0,147.0,12712.0,14.508884586995746,0.055266651974116475,0.9461043985686054
ID177637,177637,1129,2.7449662685394287,51.0,260.0,0.0,253.0,253,5.0,1,,132.28865979381445,136.0,75.0,147.0,12832.0,14.097102807319574,0.06260154110742461,1.105700048410498
ID170472,170472,1129,3.1215929985046387,55.0,248.0,0.0,228.0,228,5.0,1,,129.5257731958763,136.0,79.0,148.0,12564.0,15.69706234691778,0.07965157077081945,1.2175268001755355
ID175854,175854,1129,2.4466328620910645,49.0,263.0,0.0,244.0,244,5.0,1,,131.71134020618555,132.0,96.0,148.0,12776.0,10.284453034887376,0.06042299628043244,1.4594697081074763
ID179441,179441,1129,2.84302020072937,53.0,259.0,0.0,258.0,258,5.0,1,,130.89690721649484,135.0,88.0,157.0,12697.0,14.65327362179017,0.0601923446906587,1.014334783514864
ID166390,166390,1129,2.5176424980163574,56.0,247.0,0.0,212.0,212,5.0,1,,132.4020618556701,135.0,89.0,150.0,12843.0,13.484296262855816,0.05936270939380309,1.1004377781823196
ID163317,163317,1129,2.7527427673339844,65.0,238.0,0.0,201.0,201,5.0,1,,131.89690721649484,133.0,84.0,148.0,12794.0,13.789703689167924,0.062400035694344824,1.1235862996852313
ID179967,179967,1129,2.4707207679748535,52.0,262.0,0.0,259.0,259,5.0,1,,129.38144329896906,133.0,80.0,145.0,12550.0,15.293274188190997,0.052468696847929104,0.8435145971127644
ID180991,180991,1129,2.786224126815796,56.0,256.0,0.0,260.0,260,5.0,1,,130.91752577319588,132.0,78.0,151.0,12699.0,15.354607141867865,0.061730667421213234,0.9914611153377699
ID176124,176124,1129,2.6173393726348877,55.0,263.0,0.0,247.0,247,5.0,1,,132.659793814433,136.0,91.0,147.0,12868.0,11.935492063186086,0.06264512241549024,1.3104727492768153
ID179708,179708,1129,2.797349452972412,53.0,260.0,0.0,257.0,257,5.0,1,,131.24742268041237,133.0,84.0,158.0,12731.0,13.273588223607698,0.06373957880451092,1.1849671467147154
ID167554,167554,1270,2.762897253036499,17.0,240.0,0.0,215.0,215,5.0,1,,134.20618556701032,138.0,93.0,150.0,13018.0,11.560473375841473,0.06619791116738978,1.4415621444807731
ID172803,172803,1270,2.1794302463531494,34.0,246.0,0.0,234.0,234,5.0,1,,126.14432989690722,128.0,87.0,142.0,12236.0,10.850297318047753,0.05127335031251302,1.1340498142510995
ID169607,169607,1270,2.4535348415374756,21.0,239.0,0.0,216.0,216,5.0,1,,131.43298969072166,136.0,90.0,149.0,12749.0,14.096325774599658,0.05286184718870466,0.936266320379561
ID170757,170757,1270,3.5490498542785645,32.0,233.0,0.0,225.0,225,5.0,1,,126.19587628865979,131.0,73.0,146.0,12241.0,15.38508421007837,0.09268450609603676,1.3915141811053449
ID176392,176392,1270,1.985493779182434,11.0,250.0,0.0,248.0,248,5.0,1,,126.38144329896907,129.0,81.0,144.0,12259.0,12.848024571707088,0.0443422660815693,0.8353182629537759
ID161679,161679,1270,2.088238000869751,20.0,247.0,0.0,194.0,194,5.0,1,,128.50515463917526,132.0,83.0,140.0,12465.0,12.553322693730175,0.046179468216687426,0.9037214413079175
ID158738,158738,1270,2.400736093521118,17.0,239.0,0.0,184.0,184,5.0,1,,129.24742268041237,134.0,81.0,146.0,12537.0,15.401590101779428,0.05287920306332833,0.8429322700763281
ID171922,171922,1270,1.524946928024292,27.0,242.0,0.0,222.0,222,5.0,1,,92.88659793814433,91.0,38.0,146.0,9010.0,26.069968469749735,-0.050235810697728665,-0.3769121792541308
ID163600,163600,1270,2.5300095081329346,23.0,248.0,0.0,200.0,200,5.0,1,,132.18556701030928,136.0,82.0,147.0,12822.0,13.873182986811894,0.05785191133464881,1.0421512556818997
ID174736,174736,1270,1.6617106199264526,15.0,255.0,0.0,240.0,240,5.0,1,,122.0,125.0,69.0,142.0,11834.0,13.379866715828426,0.03466717298776916,0.6110205212027158
ID174996,174996,1270,2.2206010818481445,17.0,250.0,0.0,243.0,243,5.0,1,,128.38144329896906,131.0,85.0,141.0,12453.0,11.53838096940767,0.05343092198295011,1.1286881910273525
ID168730,168730,1270,2.734576940536499,20.0,243.0,0.0,220.0,220,5.0,1,,129.7319587628866,133.0,96.0,142.0,12584.0,11.20222770248319,0.06722564091853543,1.4589865065652177
ID166683,166683,1270,2.698962688446045,15.0,244.0,0.0,211.0,211,5.0,1,,131.29896907216494,136.0,80.0,147.0,12736.0,14.515914361811666,0.05980146545020353,1.0207848723305313
ID157725,157725,1270,3.322822332382202,22.0,228.0,0.0,180.0,180,5.0,1,,127.37113402061856,134.0,76.0,147.0,12355.0,17.98049845644631,0.08122052259830047,1.06426745844147
ID169890,169890,1270,3.316904067993164,31.0,235.0,0.0,224.0,224,5.0,1,,127.97938144329896,133.0,78.0,144.0,12414.0,15.162302060705317,0.09075404583954273,1.404572045665523
ID175266,175266,1270,2.160475969314575,15.0,251.0,0.0,242.0,242,5.0,1,,128.10309278350516,131.0,79.0,145.0,12426.0,11.176132060558846,0.05242935371298418,1.1420355875842232
ID171046,171046,1270,3.791038751602173,28.0,231.0,0.0,227.0,227,5.0,1,,130.4020618556701,134.0,74.0,148.0,12649.0,14.954556018299822,0.10068623806145457,1.5953188919198311
ID173350,173350,1270,2.3260114192962646,33.0,244.0,0.0,235.0,235,5.0,1,,129.62886597938143,132.0,91.0,141.0,12574.0,10.538935338809202,0.05598288783727519,1.3041675633551681
ID163877,163877,1270,4.415837287902832,19.0,242.0,0.0,203.0,203,5.0,1,,133.06185567010309,139.0,79.0,159.0,12907.0,19.032764749783947,0.10571015303472246,1.336771247872292
ID176682,176682,1270,2.194727659225464,13.0,254.0,0.0,246.0,246,5.0,1,,128.48453608247422,130.0,85.0,146.0,12463.0,11.008626732837998,0.05273568867039042,1.1693189438032872
ID161960,161960,1270,2.4448983669281006,19.0,250.0,0.0,195.0,195,5.0,1,,130.7319587628866,133.0,98.0,142.0,12681.0,9.861029636822,0.05908370543487691,1.4792001354868443
ID168360,168360,1270,2.549955129623413,20.0,244.0,0.0,219.0,219,5.0,1,,132.39175257731958,135.0,93.0,146.0,12842.0,11.26347036240656,0.05892871977428593,1.3082145808799233
ID178344,178344,1270,2.304952383041382,13.0,251.0,0.0,249.0,249,5.0,1,,129.01030927835052,130.0,95.0,149.0,12514.0,10.261675104241863,0.05477166939237641,1.305670745150037
ID161321,161321,1270,2.2105422019958496,15.0,250.0,0.0,193.0,193,5.0,1,,131.01030927835052,134.0,94.0,141.0,12708.0,9.930482160752172,0.05313180288937265,1.3311805296299768
ID167855,167855,1270,2.41668701171875,15.0,248.0,0.0,213.0,213,5.0,1,,127.58762886597938,132.0,79.0,152.0,12376.0,14.727208788299233,0.04802018709590577,0.7939119113466401
ID160306,160306,1270,2.672802448272705,12.0,254.0,0.0,189.0,189,5.0,1,,131.55670103092783,134.0,89.0,143.0,12761.0,11.082051058811402,0.06229656478507886,1.3923266800884915
ID166966,166966,1270,2.2782561779022217,17.0,246.0,0.0,214.0,214,5.0,1,,129.62886597938143,133.0,81.0,149.0,12574.0,14.32750820655618,0.04781345876213161,0.8257094217737986
ID169015,169015,1270,1.8137991428375244,25.0,243.0,0.0,221.0,221,5.0,1,,93.3298969072165,90.0,52.0,142.0,9053.0,22.011228975932443,-0.021795080881592554,-0.18894488206361426
ID176951,176951,1270,2.200615882873535,10.0,252.0,0.0,251.0,251,5.0,1,,127.88659793814433,132.0,81.0,143.0,12405.0,13.492186233041668,0.04782443911967417,0.865234971511981
ID172219,172219,1270,2.735560178756714,34.0,237.0,0.0,232.0,232,5.0,1,,128.72164948453607,132.0,81.0,148.0,12486.0,11.351158410085693,0.07820551052356589,1.6450428535344994
ID178619,178619,1270,1.9507344961166382,8.0,260.0,0.0,254.0,254,5.0,1,,126.82474226804123,129.0,84.0,140.0,12302.0,11.498197602666508,0.04952955683175988,1.0410557436693342
ID160569,160569,1270,2.523635149002075,12.0,252.0,0.0,190.0,190,5.0,1,,129.31958762886597,133.0,86.0,144.0,12544.0,13.411396266913393,0.05490455849261689,1.0037268607782475
ID162233,162233,1270,2.0631558895111084,15.0,249.0,0.0,197.0,197,5.0,1,,129.96907216494844,133.0,93.0,141.0,12607.0,10.056562542530193,0.049547655632726804,1.2202291706556798
ID170169,170169,1270,3.758279800415039,32.0,230.0,0.0,226.0,226,5.0,1,,128.27835051546393,135.0,71.0,153.0,12443.0,17.38698164099198,0.09270922403195896,1.2519226703670288
ID164156,164156,1270,2.4781253337860107,23.0,244.0,0.0,205.0,205,5.0,1,,130.53608247422682,135.0,81.0,146.0,12662.0,14.312772454226346,0.05419065526242424,0.9376527765920664
ID165436,165436,1270,1.5753672122955322,21.0,249.0,0.0,207.0,207,5.0,1,,124.29896907216495,125.0,87.0,140.0,12057.0,9.611370163827674,0.034118515669029716,0.8533595113899388
ID158787,158787,1270,2.374079465866089,15.0,236.0,0.0,183.0,183,5.0,1,,129.4020618556701,133.0,89.0,150.0,12552.0,12.89352210883955,0.05312348311252747,1.0125275948723647
ID171331,171331,1270,3.0994317531585693,31.0,232.0,0.0,230.0,230,5.0,1,,127.0721649484536,134.0,82.0,144.0,12326.0,15.16179918872346,0.07960805736482418,1.2360060414302718
ID173891,173891,1270,1.9433658123016357,31.0,248.0,0.0,236.0,236,5.0,1,,125.4020618556701,128.0,85.0,143.0,12164.0,10.011097793838628,0.05008225228565362,1.1948503145748242
ID178880,178880,1270,2.1402273178100586,11.0,255.0,0.0,255.0,255,5.0,1,,125.3917525773196,129.0,69.0,145.0,12163.0,15.316492133366493,0.042160768562570713,0.6623895231533827
ID159169,159169,1270,2.586418390274048,14.0,240.0,0.0,185.0,185,5.0,1,,132.2577319587629,135.0,86.0,154.0,12829.0,12.33328689505514,0.06032379274698328,1.2201756808978386
ID165825,165825,1270,1.6919467449188232,24.0,251.0,0.0,208.0,208,5.0,1,,123.22680412371135,125.0,70.0,146.0,11953.0,11.67306832221001,0.040678646118860545,0.8252774913766563
ID158021,158021,1270,2.2369608879089355,17.0,236.0,0.0,182.0,182,5.0,1,,129.0,132.0,89.0,145.0,12513.0,12.514991010783827,0.04735072253021903,0.9320165787116351
ID162501,162501,1270,2.23087739944458,16.0,252.0,0.0,196.0,196,5.0,1,,130.17525773195877,132.0,97.0,145.0,12627.0,10.004176533326746,0.05647705800493735,1.3911984658634804
ID177736,177736,1270,2.1051652431488037,11.0,253.0,0.0,250.0,250,5.0,1,,126.11340206185567,132.0,74.0,140.0,12233.0,13.540738138930214,0.0447662166197308,0.798142006862248
ID177224,177224,1270,2.272376775741577,9.0,248.0,0.0,252.0,252,5.0,1,,127.0618556701031,131.0,74.0,140.0,12325.0,14.019937019138812,0.05198639624990789,0.8957332910751491
ID160073,160073,1270,2.424330949783325,16.0,247.0,0.0,186.0,186,5.0,1,,130.23711340206185,132.0,93.0,145.0,12633.0,10.748811170578632,0.05460654694201249,1.2547539619058923
ID160850,160850,1270,2.204408884048462,13.0,253.0,0.0,191.0,191,5.0,1,,129.10309278350516,132.0,89.0,141.0,12523.0,11.748656426802663,0.04900400280491715,1.0266746740391641
ID179154,179154,1270,2.3202967643737793,11.0,253.0,0.0,245.0,245,5.0,1,,128.05154639175257,129.0,85.0,149.0,12421.0,11.807810915890792,0.051309989192644394,1.0585626476251426
ID166096,166096,1270,2.7581355571746826,17.0,245.0,0.0,210.0,210,5.0,1,,129.27835051546393,136.0,73.0,145.0,12540.0,17.884899512834625,0.058887860860436236,0.8039797357430982
ID164433,164433,1270,2.373163938522339,21.0,243.0,0.0,206.0,206,5.0,1,,128.01030927835052,135.0,58.0,148.0,12417.0,18.225722919681875,0.051600458592091954,0.689275708825488
ID159446,159446,1270,2.491767644882202,14.0,251.0,0.0,188.0,188,5.0,1,,129.49484536082474,133.0,87.0,152.0,12561.0,14.408564952355745,0.05561175565270887,0.9469436503416159
ID167253,167253,1270,2.705702304840088,19.0,237.0,0.0,218.0,218,5.0,1,,134.1443298969072,137.0,88.0,150.0,13012.0,13.76362180617325,0.06117006304243896,1.1236305121635073
ID162778,162778,1270,2.443978786468506,21.0,251.0,0.0,198.0,198,5.0,1,,129.75257731958763,133.0,85.0,148.0,12586.0,13.740929529325767,0.054056583564669865,0.968533274291115
ID170460,170460,1270,3.210150718688965,32.0,233.0,0.0,228.0,228,5.0,1,,126.38144329896907,132.0,56.0,144.0,12259.0,16.69608443303966,0.08081704785774217,1.1320079322302556
ID172508,172508,1270,3.173542022705078,32.0,235.0,0.0,231.0,231,5.0,1,,126.63917525773196,133.0,68.0,144.0,12284.0,16.401972421410626,0.0778093255817951,1.1147865132319934
ID164706,164706,1270,2.7095019817352295,17.0,238.0,0.0,204.0,204,5.0,1,,136.18556701030928,138.0,95.0,147.0,13210.0,8.410472015226038,0.07261515006638174,2.1924213433218696
ID169312,169312,1270,3.4251067638397217,31.0,232.0,0.0,223.0,223,5.0,1,,129.1340206185567,134.0,85.0,147.0,12526.0,14.411098779802918,0.08640461854196761,1.4253414920210576
ID171616,171616,1270,2.9138569831848145,30.0,232.0,0.0,229.0,229,5.0,1,,122.56701030927834,131.0,73.0,154.0,11889.0,17.459421535195336,0.07069920268453397,0.9270876049200034
ID163046,163046,1270,2.379146099090576,22.0,250.0,0.0,199.0,199,5.0,1,,131.16494845360825,133.0,89.0,152.0,12723.0,12.24377427883516,0.05230048498670644,1.0648744811070514
ID159719,159719,1270,2.476254463195801,17.0,248.0,0.0,187.0,187,5.0,1,,130.9278350515464,133.0,91.0,147.0,12700.0,11.966313326968137,0.06037412488992733,1.2459291285251657
ID161255,161255,1270,2.426621437072754,14.0,254.0,0.0,192.0,192,5.0,1,,129.68041237113403,132.0,88.0,142.0,12579.0,11.38122210023357,0.056309450604542614,1.2148022978050825
ID168295,168295,1270,2.463895082473755,18.0,238.0,0.0,217.0,217,5.0,1,,132.89690721649484,134.0,94.0,151.0,12891.0,11.290191665115854,0.05409164447624369,1.2080790950671352
ID158318,158318,1270,3.0914103984832764,19.0,229.0,0.0,181.0,181,5.0,1,,130.8556701030928,133.0,89.0,146.0,12693.0,10.1622152386525,0.08553043170248568,2.0291437439541373
ID166384,166384,1270,2.2707135677337646,14.0,242.0,0.0,212.0,212,5.0,1,,130.1443298969072,134.0,86.0,146.0,12624.0,12.32121281462859,0.05410788800614659,1.0843695347500346
ID174193,174193,1270,1.991696834564209,21.0,251.0,0.0,238.0,238,5.0,1,,125.0721649484536,128.0,77.0,140.0,12132.0,13.218711030423577,0.04826000418804146,0.8712040661676268
ID176117,176117,1270,1.9890333414077759,15.0,252.0,0.0,247.0,247,5.0,1,,126.3298969072165,129.0,87.0,149.0,12254.0,12.30829805582103,0.04454136526896592,0.8753384675200807
ID163322,163322,1270,2.9146366119384766,20.0,243.0,0.0,201.0,201,5.0,1,,136.7422680412371,137.0,117.0,147.0,13264.0,5.031729222550849,0.08475933446363683,4.246876723236264
ID164984,164984,1270,3.362581491470337,20.0,242.0,0.0,202.0,202,5.0,1,,137.82474226804123,139.0,108.0,153.0,13369.0,8.825873787334919,0.0952575721170747,2.7163311618830384
ID157438,157438,1270,3.1860384941101074,21.0,229.0,0.0,179.0,179,5.0,1,,130.91752577319588,135.0,86.0,146.0,12699.0,12.921775954350577,0.08900020302768842,1.6560315805176358
ID174460,174460,1270,2.4033594131469727,19.0,251.0,0.0,239.0,239,5.0,1,,127.51546391752578,132.0,81.0,143.0,12369.0,13.600791492028028,0.055732719894951994,0.9898854136133892
ID184834,184834,1404,3.0159192085266113,67.0,206.0,0.0,278.0,278,5.0,1,,135.0721649484536,137.0,82.0,152.0,13102.0,13.874622684569664,0.07251996999308474,1.3165183093241304
ID169600,169600,1404,2.8182733058929443,82.0,226.0,0.0,216.0,216,5.0,1,,137.0,139.0,103.0,151.0,13289.0,8.703447592764606,0.07567456713444468,2.2147682510330498
ID173062,173062,1404,2.318262815475464,64.0,198.0,0.0,233.0,233,5.0,1,,129.23711340206185,134.0,80.0,145.0,12536.0,15.092612152333214,0.05333572448873377,0.8671699463697726
ID175239,175239,1404,2.7179105281829834,69.0,207.0,0.0,242.0,242,5.0,1,,131.04123711340208,136.0,83.0,150.0,12711.0,15.621111199920298,0.05890230073707144,0.9332595075766617
ID178308,178308,1404,2.5102322101593018,62.0,205.0,0.0,249.0,249,5.0,1,,129.1340206185567,133.0,81.0,149.0,12526.0,15.359327286958363,0.05271364065840228,0.8419983401372206
ID182664,182664,1404,2.4416489601135254,76.0,207.0,0.0,272.0,272,5.0,1,,132.37113402061857,135.0,85.0,144.0,12840.0,10.754184832377332,0.059515214027849456,1.3828229895999602
ID185096,185096,1404,2.727316379547119,69.0,209.0,0.0,277.0,277,5.0,1,,132.60824742268042,136.0,82.0,149.0,12863.0,14.617738012593149,0.059426893273762015,1.0177295643335453
ID176649,176649,1404,2.693572759628296,67.0,211.0,0.0,246.0,246,5.0,1,,133.10309278350516,137.0,96.0,149.0,12911.0,12.211235038618527,0.05997371929022173,1.2334582013818762
ID173327,173327,1404,2.3667104244232178,65.0,208.0,0.0,235.0,235,5.0,1,,129.2577319587629,134.0,82.0,142.0,12538.0,13.593256868845137,0.05231125474512368,0.945396358271294
ID188687,188687,1404,2.465885639190674,64.0,209.0,0.0,291.0,291,5.0,1,,130.90721649484536,135.0,83.0,147.0,12698.0,13.993363363146779,0.058121097707701325,1.0277084013793745
ID169868,169868,1404,2.6953516006469727,72.0,202.0,0.0,224.0,224,5.0,1,,131.02061855670104,133.0,85.0,150.0,12709.0,13.872168916457708,0.06254055484012663,1.1118379342274014
ID187026,187026,1404,2.4715962409973145,64.0,217.0,0.0,283.0,283,5.0,1,,131.16494845360825,133.0,88.0,147.0,12723.0,11.870552160327895,0.05932457326225736,1.237606107801098
ID171025,171025,1404,2.5938825607299805,68.0,198.0,0.0,227.0,227,5.0,1,,132.1958762886598,136.0,77.0,145.0,12823.0,13.33357227019586,0.05830158462043747,1.092376369856394
ID177681,177681,1404,2.6105573177337646,66.0,206.0,0.0,250.0,250,5.0,1,,132.2680412371134,135.0,80.0,150.0,12830.0,13.384938257793657,0.05982367505858646,1.1155987464414656
ID182929,182929,1404,2.1108860969543457,75.0,201.0,0.0,273.0,273,5.0,1,,129.5257731958763,133.0,83.0,142.0,12564.0,12.210047760882178,0.05012572403399111,1.0127172044566077
ID166678,166678,1404,2.720146417617798,86.0,235.0,0.0,211.0,211,5.0,1,,132.18556701030928,136.0,100.0,145.0,12822.0,11.045672132207878,0.0662415306881072,1.4869509780728514
ID181274,181274,1404,2.605379581451416,72.0,202.0,0.0,263.0,263,5.0,1,,131.61855670103094,133.0,88.0,150.0,12767.0,12.282646378604882,0.06293091062160173,1.268861296750034
ID173595,173595,1404,2.7533297538757324,62.0,201.0,0.0,237.0,237,5.0,1,,130.8659793814433,133.0,81.0,155.0,12694.0,14.710136008024211,0.06052338916265375,1.0154137864995587
ID187288,187288,1404,2.6172194480895996,66.0,209.0,0.0,284.0,284,5.0,1,,131.29896907216494,133.0,80.0,148.0,12736.0,13.355839038642115,0.060584064988913236,1.1231388433237257
ID168985,168985,1404,2.282581329345703,75.0,205.0,0.0,221.0,221,5.0,1,,127.4639175257732,132.0,73.0,150.0,12364.0,16.108397043978663,0.04991875812735582,0.7524419661740551
ID178585,178585,1404,2.4466254711151123,68.0,200.0,0.0,254.0,254,5.0,1,,131.43298969072166,133.0,78.0,146.0,12749.0,13.014340821198333,0.057937210511339314,1.106139485331253
ID185374,185374,1404,2.836740732192993,67.0,208.0,0.0,280.0,280,5.0,1,,133.8659793814433,136.0,83.0,154.0,12985.0,14.474567398529409,0.06626360853561186,1.149489790129081
ID177567,177567,1404,2.63718581199646,65.0,206.0,0.0,253.0,253,5.0,1,,131.05154639175257,133.0,83.0,150.0,12712.0,13.176186801401592,0.05930879399715392,1.113727434294555
ID176930,176930,1404,2.7218849658966064,65.0,210.0,0.0,251.0,251,5.0,1,,131.8659793814433,133.0,78.0,152.0,12791.0,14.32773306241793,0.05533606937658303,0.9651677546171274
ID178848,178848,1404,2.410900115966797,71.0,203.0,0.0,255.0,255,5.0,1,,131.17525773195877,133.0,82.0,149.0,12724.0,13.993309643420039,0.0538696974974229,0.9583388562497983
ID182176,182176,1404,2.62113881111145,77.0,207.0,0.0,269.0,269,5.0,1,,131.7835051546392,135.0,87.0,150.0,12783.0,12.418255047277936,0.0596138821306818,1.194071245725663
ID167846,167846,1404,3.8663113117218018,88.0,234.0,0.0,213.0,213,5.0,1,,132.2680412371134,138.0,85.0,151.0,12830.0,16.722935512790464,0.09623718032101168,1.3887074491167064
ID175526,175526,1404,2.5482606887817383,68.0,202.0,0.0,241.0,241,5.0,1,,133.24742268041237,136.0,92.0,147.0,12925.0,10.307795318587624,0.060718387979974385,1.4799367755654818
ID172196,172196,1404,2.370126485824585,68.0,197.0,0.0,232.0,232,5.0,1,,131.51546391752578,135.0,85.0,145.0,12757.0,11.70124049875149,0.055951229900409925,1.191079331294629
ID170152,170152,1404,2.6542301177978516,68.0,200.0,0.0,226.0,226,5.0,1,,130.75257731958763,133.0,78.0,148.0,12683.0,14.502895492391517,0.05745229782125338,0.9796527326311024
ID173865,173865,1404,2.2754480838775635,60.0,202.0,0.0,236.0,236,5.0,1,,131.22680412371133,134.0,91.0,143.0,12729.0,10.660973566626835,0.05365502907891217,1.2536250785801877
ID165422,165422,1404,3.6537835597991943,80.0,234.0,0.0,207.0,207,5.0,1,,137.659793814433,140.0,90.0,151.0,13353.0,11.050911159585201,0.10611844844389093,2.3901671795457635
ID181550,181550,1404,2.2441320419311523,76.0,199.0,0.0,266.0,266,5.0,1,,129.30927835051546,132.0,68.0,142.0,12543.0,13.530336920495754,0.0530857636133036,0.9635303516400745
ID182318,182318,1404,2.403916120529175,75.0,204.0,0.0,268.0,268,5.0,1,,130.48453608247422,131.0,91.0,145.0,12657.0,11.405511644651838,0.05690851216040719,1.2320096370396227
ID177199,177199,1404,2.7046163082122803,66.0,209.0,0.0,252.0,252,5.0,1,,129.6701030927835,135.0,73.0,152.0,12578.0,16.793303259462114,0.05255871007770138,0.7711379732129569
ID180911,180911,1404,2.6914737224578857,70.0,200.0,0.0,260.0,260,5.0,1,,132.50515463917526,135.0,94.0,159.0,12853.0,11.279704960071179,0.06282709024192512,1.3888308653305803
ID166956,166956,1404,3.2770135402679443,89.0,230.0,0.0,214.0,214,5.0,1,,136.02061855670104,137.0,100.0,153.0,13194.0,9.457117449135088,0.09110399546771167,2.4018574930064664
ID171314,171314,1404,2.76886248588562,70.0,200.0,0.0,230.0,230,5.0,1,,132.84536082474227,136.0,89.0,152.0,12886.0,12.625486959408713,0.0654893194927164,1.2934499480384984
ID165811,165811,1404,2.8182339668273926,83.0,232.0,0.0,208.0,208,5.0,1,,135.43298969072166,138.0,83.0,157.0,13137.0,16.65702255337497,0.05445780967462964,0.8398235516071269
ID179123,179123,1404,2.478494167327881,68.0,204.0,0.0,245.0,245,5.0,1,,129.659793814433,135.0,66.0,146.0,12577.0,16.062953364508605,0.05517178445812358,0.8441192125811207
ID190899,190899,1404,2.590597629547119,67.0,206.0,0.0,292.0,292,5.0,1,,132.5257731958763,135.0,86.0,145.0,12855.0,10.726809077712286,0.0625230056181898,1.4539895886345604
ID183216,183216,1404,2.5375149250030518,75.0,207.0,0.0,270.0,270,5.0,1,,131.72164948453607,133.0,94.0,150.0,12777.0,10.573889094566509,0.06038235235371465,1.4187306199866787
ID165425,165425,1404,3.4717037677764893,80.0,228.0,0.0,209.0,209,5.0,1,,139.89690721649484,143.0,88.0,155.0,13570.0,12.43020894843358,0.09041164481776671,1.8663520556014852
ID185653,185653,1404,2.7894811630249023,63.0,205.0,0.0,279.0,279,5.0,1,,133.2164948453608,136.0,86.0,152.0,12922.0,13.300396927131306,0.06703755695536374,1.2585250648359887
ID187573,187573,1404,2.0969786643981934,62.0,215.0,0.0,287.0,287,5.0,1,,128.50515463917526,132.0,81.0,145.0,12465.0,13.209942366247772,0.048807924502356104,0.9054073203477248
ID185919,185919,1404,2.875927448272705,67.0,213.0,0.0,281.0,281,5.0,1,,132.24742268041237,135.0,80.0,152.0,12828.0,14.370855147249598,0.06453646085002109,1.1157816253069
ID187843,187843,1404,2.39928936958313,61.0,210.0,0.0,290.0,290,5.0,1,,131.5463917525773,135.0,91.0,144.0,12760.0,11.117760395868006,0.05838285940218979,1.3053716887457707
ID181824,181824,1404,2.3214316368103027,74.0,204.0,0.0,265.0,265,5.0,1,,128.51546391752578,133.0,71.0,141.0,12466.0,15.472498048999347,0.051601991972806634,0.8151546571831428
ID166086,166086,1404,3.7004947662353516,83.0,230.0,0.0,210.0,210,5.0,1,,132.55670103092783,140.0,80.0,158.0,12858.0,17.873962133135738,0.08382548176133621,1.1471693893177368
ID172484,172484,1404,2.7886762619018555,72.0,198.0,0.0,231.0,231,5.0,1,,130.7422680412371,132.0,73.0,148.0,12682.0,17.059502697980548,0.061208011571332974,0.884071508240883
ID170442,170442,1404,2.646662473678589,68.0,199.0,0.0,228.0,228,5.0,1,,132.46391752577318,135.0,90.0,148.0,12849.0,12.751684411341916,0.060275820024201156,1.1810935689210165
ID174154,174154,1404,2.5298447608947754,65.0,204.0,0.0,238.0,238,5.0,1,,129.4536082474227,135.0,81.0,148.0,12557.0,15.951110605636988,0.053082258224007466,0.8181639194567333
ID179402,179402,1404,2.616893768310547,69.0,204.0,0.0,258.0,258,5.0,1,,131.11340206185568,135.0,91.0,147.0,12718.0,13.84728936219693,0.05618398121912104,1.0073612670693095
ID167241,167241,1404,2.6602060794830322,81.0,219.0,0.0,218.0,218,5.0,1,,134.340206185567,137.0,90.0,150.0,13031.0,12.630886909624026,0.059038782661619195,1.1858443507753167
ID175817,175817,1404,2.5453710556030273,65.0,204.0,0.0,244.0,244,5.0,1,,130.94845360824743,133.0,83.0,147.0,12702.0,13.877718302808143,0.057592364761585225,1.027682370608607
ID183625,183625,1404,2.2044808864593506,74.0,206.0,0.0,271.0,271,5.0,1,,130.49484536082474,132.0,87.0,143.0,12658.0,9.97927405440501,0.053461638491547454,1.3272353568622814
ID164429,164429,1404,2.026372194290161,80.0,236.0,0.0,206.0,206,5.0,1,,131.1443298969072,134.0,81.0,143.0,12721.0,9.27136012442085,0.05504905000099802,1.4760913705616083
ID169293,169293,1404,2.6266815662384033,70.0,206.0,0.0,223.0,223,5.0,1,,131.35051546391753,133.0,83.0,153.0,12741.0,13.312776786726197,0.05789457296565798,1.0799125604837867
ID171597,171597,1404,2.7256226539611816,69.0,201.0,0.0,229.0,229,5.0,1,,129.69072164948454,135.0,78.0,152.0,12580.0,17.504975973956583,0.05444227877429186,0.765051846213473
ID186193,186193,1404,2.4720048904418945,65.0,212.0,0.0,286.0,286,5.0,1,,129.03092783505156,135.0,77.0,143.0,12516.0,16.60224232360861,0.05306849396350653,0.7833163845327972
ID189521,189521,1404,2.421571969985962,68.0,207.0,0.0,294.0,294,5.0,1,,131.06185567010309,133.0,75.0,149.0,12713.0,15.211573467394876,0.0527438875078038,0.8633394316926143
ID179671,179671,1404,2.843679666519165,69.0,202.0,0.0,257.0,257,5.0,1,,131.4020618556701,133.0,82.0,152.0,12746.0,15.103572834635317,0.06247952988644353,1.0232215139321634
ID168277,168277,1404,2.4665215015411377,84.0,224.0,0.0,217.0,217,5.0,1,,133.76288659793815,135.0,91.0,150.0,12975.0,11.126894216900306,0.05948525402677066,1.3499139105404054
ID188117,188117,1404,2.4649460315704346,66.0,205.0,0.0,289.0,289,5.0,1,,129.18556701030928,136.0,71.0,148.0,12531.0,17.486500684401292,0.05683374836005964,0.7945856340819742
ID176091,176091,1404,2.4969305992126465,66.0,206.0,0.0,247.0,247,5.0,1,,129.77319587628867,133.0,71.0,145.0,12588.0,15.566728110138714,0.05360888363650448,0.8483498654147502
ID179933,179933,1404,2.7901883125305176,70.0,203.0,0.0,259.0,259,5.0,1,,133.1443298969072,137.0,77.0,155.0,12915.0,15.047833240150148,0.06368325704249699,1.0594772752435622
ID184029,184029,1404,2.710960626602173,66.0,206.0,0.0,276.0,276,5.0,1,,130.84536082474227,136.0,73.0,150.0,12692.0,16.116335014373846,0.05885985949340923,0.9026154736223617
ID174433,174433,1404,2.647843837738037,68.0,201.0,0.0,239.0,239,5.0,1,,132.27835051546393,135.0,94.0,148.0,12831.0,11.813430093930897,0.061004451413502,1.2876180935945212
ID183655,183655,1404,2.2956342697143555,73.0,208.0,0.0,274.0,274,5.0,1,,130.37113402061857,133.0,89.0,147.0,12646.0,12.047060142441445,0.051752557324013085,1.064997525769721
ID180196,180196,1404,2.75134539604187,76.0,201.0,0.0,262.0,262,5.0,1,,132.1958762886598,137.0,82.0,144.0,12823.0,13.721667153977185,0.06496622324114956,1.1754192787631104
ID180836,180836,1404,2.345308780670166,74.0,203.0,0.0,264.0,264,5.0,1,,129.7319587628866,132.0,92.0,145.0,12584.0,11.399484147610153,0.05734289500238347,1.2343989271341353
ID186469,186469,1404,2.558875799179077,66.0,213.0,0.0,282.0,282,5.0,1,,128.72164948453607,134.0,76.0,147.0,12486.0,16.167574459934453,0.05518581766346635,0.8327895338496862
ID172778,172778,1404,2.6406054496765137,65.0,202.0,0.0,234.0,234,5.0,1,,131.43298969072166,133.0,87.0,146.0,12749.0,11.101714597768634,0.06354320893695395,1.414680373208281
ID174699,174699,1404,2.4952197074890137,67.0,201.0,0.0,240.0,240,5.0,1,,131.2164948453608,135.0,92.0,148.0,12728.0,12.173422899329124,0.05679798424486476,1.1586350579860862
ID184299,184299,1404,2.7082135677337646,70.0,207.0,0.0,275.0,275,5.0,1,,132.10309278350516,135.0,86.0,156.0,12814.0,12.881256195277883,0.060868251648188536,1.1768311027239735
ID176366,176366,1404,2.6021931171417236,62.0,203.0,0.0,248.0,248,5.0,1,,133.64948453608247,135.0,89.0,150.0,12964.0,11.535309233242481,0.06253423298091394,1.3637756708754711
ID178028,178028,1404,2.8571770191192627,68.0,204.0,0.0,256.0,256,5.0,1,,133.7835051546392,136.0,87.0,155.0,12977.0,13.39638228848535,0.06686078436064175,1.2517244895226693
ID166381,166381,1404,2.971648931503296,86.0,236.0,0.0,212.0,212,5.0,1,,129.659793814433,136.0,91.0,149.0,12577.0,14.020733603858892,0.0722327419404864,1.2459758383942348
ID168306,168306,1404,2.6722700595855713,82.0,210.0,0.0,219.0,219,5.0,1,,133.77319587628867,137.0,85.0,150.0,12976.0,13.6774640944505,0.06126434929516949,1.1292179281684271
ID170738,170738,1404,2.576084613800049,70.0,199.0,0.0,225.0,225,5.0,1,,131.62886597938143,133.0,89.0,149.0,12768.0,11.918402776474203,0.059776546607712124,1.2458896977725344
ID171895,171895,1404,2.8465399742126465,72.0,204.0,0.0,222.0,222,5.0,1,,132.57731958762886,135.0,82.0,148.0,12860.0,14.442295416837878,0.06879047042093968,1.1816768086519815
ID180471,180471,1404,2.617513418197632,75.0,198.0,0.0,261.0,261,5.0,1,,132.44329896907217,135.0,86.0,154.0,12847.0,13.102138082647809,0.06257864032365636,1.190646540936929
ID190068,190068,1404,2.4662058353424072,67.0,207.0,0.0,293.0,293,5.0,1,,131.53608247422682,136.0,83.0,145.0,12759.0,13.01766576591699,0.056108460605476626,1.073647244675972
ID167547,167547,1404,3.0253586769104004,87.0,229.0,0.0,215.0,215,5.0,1,,137.340206185567,140.0,113.0,146.0,13322.0,7.28995684420545,0.0830549324208518,2.8894665953098335
ID168699,168699,1404,2.402710199356079,77.0,207.0,0.0,220.0,220,5.0,1,,133.81443298969072,136.0,91.0,157.0,12980.0,11.98465155322564,0.057396362380698125,1.2121436732922752
ID186747,186747,1404,2.389389991760254,66.0,210.0,0.0,285.0,285,5.0,1,,130.38144329896906,135.0,78.0,148.0,12647.0,13.675132006499563,0.05538176364545864,1.0006252296822862
ID188411,188411,1404,2.5414178371429443,61.0,207.0,0.0,288.0,288,5.0,1,,130.43298969072166,135.0,77.0,145.0,12652.0,15.12373081210373,0.05658383060935139,0.9237339183779207
ID174968,174968,1404,2.5813376903533936,65.0,204.0,0.0,243.0,243,5.0,1,,130.8762886597938,133.0,79.0,148.0,12695.0,15.052863606275748,0.057668364547502016,0.9481126927838094
ID184574,184574,1404,2.3194527626037598,72.0,201.0,0.0,267.0,267,5.0,1,,129.79381443298968,133.0,81.0,141.0,12590.0,12.929245067167413,0.05531842491038393,1.0524394269055102
ID183042,183042,1505,2.1954824924468994,102.0,365.0,0.0,273.0,273,5.0,1,,95.68041237113403,90.0,51.0,140.0,9281.0,21.28161686749494,-0.0045352671853488005,-0.040966174716157544
ID178947,178947,1505,2.6357460021972656,111.0,351.0,0.0,255.0,255,5.0,1,,89.48453608247422,83.0,45.0,148.0,8680.0,27.07093821566383,-0.017134155796472293,-0.11525058734982482
ID183811,183811,1505,3.2302348613739014,109.0,365.0,0.0,271.0,271,5.0,1,,95.73195876288659,88.0,47.0,151.0,9286.0,27.593974079466733,0.011635247609272268,0.07980394597299334
ID188806,188806,1505,2.5952131748199463,91.0,380.0,0.0,291.0,291,5.0,1,,128.83505154639175,133.0,73.0,148.0,12497.0,16.940877838069635,0.05599604489722691,0.8065349320117571
ID173956,173956,1505,3.04581356048584,123.0,333.0,0.0,236.0,236,5.0,1,,91.49484536082474,81.0,39.0,163.0,8875.0,30.67135054063082,-0.011915177165665062,-0.07194489768442074
ID171403,171403,1505,2.847673177719116,122.0,334.0,0.0,230.0,230,5.0,1,,95.35051546391753,87.0,52.0,160.0,9249.0,25.996410504270187,0.0011937668848541571,0.008746635829664904
ID187400,187400,1505,1.6099183559417725,98.0,371.0,0.0,284.0,284,5.0,1,,92.03092783505154,85.0,51.0,146.0,8927.0,21.3587675246448,-0.033593277103182516,-0.29955738949721084
ID175631,175631,1505,2.6164331436157227,118.0,338.0,0.0,241.0,241,5.0,1,,92.9381443298969,90.0,48.0,142.0,9015.0,25.374205419821237,-0.004667026593008834,-0.03434815586223603
ID190477,190477,1505,3.0263822078704834,85.0,397.0,0.0,298.0,298,5.0,1,,115.0,126.0,26.0,142.0,11155.0,25.73624227945227,0.20233288470165997,1.503919004970634
ID182802,182802,1505,3.2436180114746094,106.0,364.0,0.0,272.0,272,5.0,1,,94.28865979381443,85.0,47.0,168.0,9146.0,30.695058900309512,-0.0052286687785344866,-0.032291547498683036
ID177297,177297,1505,3.0566840171813965,107.0,347.0,0.0,252.0,252,5.0,1,,98.1340206185567,91.0,53.0,158.0,9519.0,26.920263768666352,0.013017460122066003,0.0936870582592433
ID185750,185750,1505,3.0015506744384766,104.0,364.0,0.0,279.0,279,5.0,1,,92.8659793814433,91.0,42.0,147.0,9008.0,28.97075711888174,-0.0050554100388207415,-0.03257498957384673
ID189079,189079,1505,2.519493818283081,82.0,390.0,0.0,295.0,295,5.0,1,,130.5463917525773,136.0,79.0,147.0,12663.0,14.370122809261744,0.05911283082998137,1.0140839677563642
ID179221,179221,1505,3.4181604385375977,121.0,340.0,0.0,245.0,245,5.0,1,,100.9278350515464,93.0,55.0,154.0,9790.0,26.040132257200778,0.031158538286828675,0.23423371211582492
ID181653,181653,1505,2.9944772720336914,107.0,357.0,0.0,266.0,266,5.0,1,,96.41237113402062,88.0,43.0,167.0,9352.0,28.68171331517973,-0.002788118695275815,-0.018796694512927918
ID170530,170530,1505,2.4557864665985107,130.0,333.0,0.0,228.0,228,5.0,1,,92.31958762886597,83.0,51.0,156.0,8955.0,25.202738935047886,-0.007408844249661972,-0.054683483756098286
ID172578,172578,1505,3.7658040523529053,117.0,334.0,0.0,231.0,231,5.0,1,,98.27835051546391,87.0,51.0,164.0,9533.0,30.133294939609993,0.019086603318556005,0.12216837214345565
ID175906,175906,1505,3.25445294380188,121.0,342.0,0.0,244.0,244,5.0,1,,98.98969072164948,91.0,59.0,166.0,9602.0,26.350005868658748,0.021804721010870855,0.16033261508833946
ID169376,169376,1505,2.2078769207000732,136.0,330.0,0.0,223.0,223,5.0,1,,124.20618556701031,129.0,72.0,142.0,12048.0,15.981068320783177,0.048330765696808956,0.7166263227116652
ID187680,187680,1505,2.665576934814453,90.0,374.0,0.0,287.0,287,5.0,1,,131.58762886597938,134.0,73.0,154.0,12764.0,13.169371486932269,0.0634548685188786,1.1924107785517726
ID183329,183329,1505,3.6843318939208984,108.0,363.0,0.0,270.0,270,5.0,1,,99.77319587628865,92.0,52.0,172.0,9678.0,28.580480356150698,0.02423172866529426,0.16518116600872754
ID190758,190758,1505,2.8935818672180176,78.0,397.0,0.0,299.0,299,5.0,1,,115.98969072164948,125.0,33.0,150.0,11251.0,22.787741059869965,0.2148309006979117,1.800234288401898
ID171687,171687,1505,2.774258852005005,128.0,335.0,0.0,229.0,229,5.0,1,,91.30927835051547,82.0,39.0,155.0,8857.0,30.45261374412379,-0.015134928128021658,-0.092156072869676
ID176167,176167,1505,3.9031548500061035,115.0,335.0,0.0,247.0,247,5.0,1,,98.48453608247422,89.0,47.0,168.0,9553.0,31.471916516310568,0.018893597579842894,0.11605415031977794
ID181924,181924,1505,1.9702616930007935,113.0,357.0,0.0,265.0,265,5.0,1,,91.74226804123711,85.0,53.0,144.0,8899.0,24.729064525420394,-0.031952171797060586,-0.2449037008748921
ID186020,186020,1505,1.9561960697174072,102.0,372.0,0.0,281.0,281,5.0,1,,89.25773195876289,83.0,53.0,148.0,8658.0,24.481829295127003,-0.027066192459706793,-0.2028503907279725
ID181036,181036,1505,2.098067283630371,118.0,355.0,0.0,264.0,264,5.0,1,,90.9381443298969,84.0,50.0,148.0,8821.0,24.075754761875114,-0.025716413475451828,-0.19939817828076528
ID174253,174253,1505,3.4303951263427734,119.0,335.0,0.0,238.0,238,5.0,1,,96.65979381443299,88.0,46.0,169.0,9376.0,29.43314691732851,0.012563311198340107,0.08149314754957752
ID179507,179507,1505,3.1063828468322754,114.0,350.0,0.0,258.0,258,5.0,1,,97.45360824742268,91.0,51.0,153.0,9453.0,26.2579434880177,0.012415396570365356,0.09102675587265616
ID189361,189361,1505,2.6876959800720215,81.0,391.0,0.0,296.0,296,5.0,1,,130.20618556701032,135.0,75.0,150.0,12630.0,15.705584293711357,0.06719433013995414,1.043990708517498
ID191030,191030,1505,2.6457786560058594,87.0,392.0,0.0,292.0,292,5.0,1,,129.98969072164948,135.0,71.0,145.0,12609.0,15.678737489936827,0.08471061646473929,1.2949463290970744
ID174516,174516,1505,2.5893516540527344,117.0,335.0,0.0,239.0,239,5.0,1,,95.18556701030928,87.0,56.0,152.0,9233.0,24.407277729922424,0.0014669222094127543,0.011424895290841019
ID177844,177844,1505,3.1106791496276855,107.0,343.0,0.0,250.0,250,5.0,1,,97.36082474226804,94.0,42.0,158.0,9444.0,28.54644810327048,0.006804604504738868,0.04610200954262601
ID183867,183867,1505,3.34014892578125,102.0,369.0,0.0,274.0,274,5.0,1,,96.57731958762886,86.0,51.0,168.0,9368.0,29.005328192831804,0.011187560087270777,0.07367684536988996
ID187963,187963,1505,2.502849578857422,95.0,380.0,0.0,290.0,290,5.0,1,,129.4742268041237,131.0,90.0,146.0,12559.0,12.40723309161598,0.057253008399913985,1.1302064016421154
ID180024,180024,1505,3.3743793964385986,111.0,350.0,0.0,259.0,259,5.0,1,,96.9278350515464,90.0,50.0,165.0,9402.0,28.890687449519817,0.012288135422989939,0.08145213539783253
ID179769,179769,1505,2.4331812858581543,113.0,349.0,0.0,257.0,257,5.0,1,,90.12371134020619,83.0,38.0,152.0,8742.0,26.37954452631447,-0.016628520029398033,-0.11554143581964355
ID172867,172867,1505,3.4960875511169434,120.0,334.0,0.0,234.0,234,5.0,1,,97.23711340206185,89.0,49.0,164.0,9432.0,29.627469375239528,0.014848085498892431,0.09603663145336505
ID186566,186566,1505,2.138401508331299,98.0,370.0,0.0,282.0,282,5.0,1,,90.11340206185567,83.0,47.0,141.0,8741.0,25.66282829334573,-0.02731936172125411,-0.19724915019539122
ID168779,168779,1505,2.2236549854278564,127.0,316.0,0.0,220.0,220,5.0,1,,125.58762886597938,128.0,84.0,140.0,12182.0,11.053612321807963,0.05750552475226678,1.2356616091393198
ID176459,176459,1505,3.508631467819214,112.0,339.0,0.0,248.0,248,5.0,1,,98.21649484536083,89.0,56.0,158.0,9527.0,27.94124296482252,0.02080665857853117,0.143293849999349
ID180299,180299,1505,3.314570426940918,113.0,352.0,0.0,262.0,262,5.0,1,,98.22680412371135,89.0,48.0,164.0,9528.0,28.689612360370372,0.005630498025564686,0.038339258065017354
ID189641,189641,1505,2.7883658409118652,80.0,390.0,0.0,294.0,294,5.0,1,,131.18556701030928,134.0,78.0,151.0,12725.0,13.812230311776842,0.06679638103177664,1.1893882416465993
ID184142,184142,1505,3.7716612815856934,104.0,367.0,0.0,276.0,276,5.0,1,,99.89690721649484,95.0,48.0,161.0,9690.0,29.937603352668663,0.027032916489606425,0.17566027089919084
ID174799,174799,1505,3.2663679122924805,117.0,337.0,0.0,240.0,240,5.0,1,,95.35051546391753,89.0,43.0,161.0,9249.0,29.1547742077782,0.005685639151083583,0.03697944619747389
ID173136,173136,1505,3.0382466316223145,123.0,332.0,0.0,233.0,233,5.0,1,,95.98969072164948,88.0,44.0,160.0,9311.0,27.335300302204182,5.880391670574171E-4,0.004127448711386145
ID171991,171991,1505,1.8826290369033813,138.0,328.0,0.0,222.0,222,5.0,1,,123.61855670103093,127.0,78.0,140.0,11991.0,13.147752738086293,0.04252533695419971,0.7670493058684181
ID170837,170837,1505,2.1604645252227783,136.0,339.0,0.0,225.0,225,5.0,1,,127.23711340206185,131.0,81.0,142.0,12342.0,11.991987946712149,0.05189434613181117,1.0468887758187204
ID189915,189915,1505,2.939028024673462,79.0,397.0,0.0,297.0,297,5.0,1,,117.94845360824742,127.0,41.0,150.0,11441.0,23.064389549521927,0.22348939647683785,1.868258622692084
ID175064,175064,1505,2.6567695140838623,117.0,342.0,0.0,243.0,243,5.0,1,,98.51546391752578,92.0,58.0,147.0,9556.0,23.529730042571433,0.01200012645022604,0.09929393306624215
ID182488,182488,1505,3.5536344051361084,111.0,357.0,0.0,268.0,268,5.0,1,,98.54639175257732,88.0,44.0,159.0,9559.0,29.03195818783038,0.015953262720325292,0.10660318519476285
ID184668,184668,1505,2.9634602069854736,110.0,357.0,0.0,267.0,267,5.0,1,,97.01030927835052,92.0,53.0,154.0,9410.0,26.607680143366196,0.008725167910533562,0.06307275632709071
ID184412,184412,1505,2.878467559814453,102.0,368.0,0.0,275.0,275,5.0,1,,93.27835051546391,89.0,43.0,158.0,9048.0,28.628272108486144,-0.004329459376005987,-0.02833568579577637
ID188252,188252,1505,2.2068393230438232,93.0,379.0,0.0,289.0,289,5.0,1,,128.56701030927834,131.0,88.0,146.0,12471.0,10.979058870275534,0.05334537254586797,1.186097491938173
ID177757,177757,1505,3.9228272438049316,107.0,349.0,0.0,253.0,253,5.0,1,,99.70103092783505,92.0,46.0,166.0,9671.0,30.249712446447873,0.02636755623764599,0.16934616247835987
ID175330,175330,1505,3.2713818550109863,118.0,339.0,0.0,242.0,242,5.0,1,,93.91752577319588,88.0,44.0,164.0,9110.0,28.959983203513193,0.002806772975050007,0.018153834024184988
ID186978,186978,1505,2.461153268814087,93.0,374.0,0.0,285.0,285,5.0,1,,129.58762886597938,133.0,82.0,141.0,12570.0,12.516449657450442,0.056081151934633026,1.0995931256045344
ID178403,178403,1505,3.6421759128570557,109.0,340.0,0.0,249.0,249,5.0,1,,98.83505154639175,94.0,34.0,159.0,9587.0,28.41496099928813,0.022521153814392444,0.15321887166829942
ID180576,180576,1505,2.2393014430999756,109.0,350.0,0.0,261.0,261,5.0,1,,94.15463917525773,85.0,56.0,144.0,9133.0,23.500594055516967,-0.010151267083490826,-0.08217586822284177
ID169957,169957,1505,2.4864492416381836,135.0,332.0,0.0,224.0,224,5.0,1,,126.88659793814433,131.0,65.0,146.0,12308.0,15.570990848810663,0.05892586189267672,0.9069218974005523
ID173413,173413,1505,3.147787094116211,121.0,334.0,0.0,235.0,235,5.0,1,,96.87628865979381,91.0,40.0,156.0,9397.0,28.216520623253217,0.008386349044215657,0.057107086595629346
ID182379,182379,1505,2.3194775581359863,111.0,362.0,0.0,269.0,269,5.0,1,,93.35051546391753,90.0,45.0,148.0,9055.0,25.631621598587866,-0.014400353505498,-0.10642489920294303
ID184937,184937,1505,3.05273699760437,104.0,363.0,0.0,278.0,278,5.0,1,,98.19587628865979,90.0,50.0,152.0,9525.0,26.447132475018968,0.007648250352451851,0.05636347946117749
ID171118,171118,1505,1.7788960933685303,132.0,338.0,0.0,227.0,227,5.0,1,,84.0721649484536,76.0,43.0,145.0,8155.0,25.617070896295733,-0.04642043341154248,-0.3195251233542539
ID173678,173678,1505,1.9414286613464355,120.0,334.0,0.0,237.0,237,5.0,1,,96.6701030927835,91.0,68.0,140.0,9377.0,18.879398852477475,-5.865951670125937E-4,-0.006010731467429246
ID186350,186350,1505,2.6689364910125732,91.0,376.0,0.0,286.0,286,5.0,1,,132.6701030927835,135.0,87.0,148.0,12869.0,11.55216578673718,0.06424241788390568,1.3865034759582122
ID169071,169071,1505,2.1538846492767334,134.0,321.0,0.0,221.0,221,5.0,1,,124.78350515463917,129.0,68.0,144.0,12104.0,14.828341953364522,0.049259230627157646,0.7901315610594128
ID176752,176752,1505,3.3285346031188965,122.0,338.0,0.0,246.0,246,5.0,1,,96.78350515463917,91.0,38.0,162.0,9388.0,29.477825989816658,0.004530798088025522,0.029617428155887124
ID181104,181104,1505,3.684032440185547,108.0,348.0,0.0,260.0,260,5.0,1,,97.24742268041237,88.0,44.0,159.0,9433.0,30.65195444007712,0.013854839207747216,0.0867112877517287
ID188528,188528,1505,2.5699336528778076,94.0,377.0,0.0,288.0,288,5.0,1,,130.4536082474227,133.0,83.0,144.0,12654.0,11.361503548676906,0.06265245419030176,1.353932836365308
ID178673,178673,1505,2.652164936065674,107.0,350.0,0.0,254.0,254,5.0,1,,93.20618556701031,87.0,43.0,160.0,9041.0,25.86299566317753,-0.006596551360094175,-0.047861597312887826
ID190197,190197,1505,2.449381113052368,84.0,392.0,0.0,293.0,293,5.0,1,,129.89690721649484,135.0,82.0,142.0,12600.0,13.561191976926349,0.08400161855489238,1.4845289320890087
ID172282,172282,1505,3.988961696624756,122.0,333.0,0.0,232.0,232,5.0,1,,98.71134020618557,93.0,40.0,164.0,9575.0,30.924625692590105,0.026255889693388983,0.16332913760058168
ID181370,181370,1505,2.795307159423828,115.0,351.0,0.0,263.0,263,5.0,1,,97.22680412371135,89.0,55.0,151.0,9431.0,26.90473361179496,-0.004512272621377732,-0.03276021402888505
ID177019,177019,1505,3.695923089981079,107.0,343.0,0.0,251.0,251,5.0,1,,96.08247422680412,85.0,41.0,162.0,9320.0,31.140029872835697,0.012446218760063837,0.07586135860240438
ID187135,187135,1505,2.715113401412964,96.0,374.0,0.0,283.0,283,5.0,1,,93.84536082474227,85.0,49.0,157.0,9103.0,27.137128703964475,-0.0032585254125555075,-0.022610881417556943
ID185213,185213,1505,4.04827356338501,102.0,366.0,0.0,277.0,277,5.0,1,,101.37113402061856,92.0,57.0,161.0,9833.0,28.713135636422603,0.03751091303333603,0.25528696472986157
ID177795,177795,1553,2.750286102294922,25.0,295.0,0.0,250.0,250,5.0,1,,130.01030927835052,133.0,71.0,150.0,12611.0,15.979475667608247,0.060149959668951335,0.9232372137021132
ID170503,170503,1553,2.467299461364746,44.0,297.0,0.0,228.0,228,5.0,1,,129.63917525773195,133.0,76.0,142.0,12575.0,14.04470953702432,0.05832251751440385,1.0173531144527
ID186506,186506,1553,2.0764660835266113,26.0,275.0,0.0,282.0,282,5.0,1,,94.30927835051547,88.0,57.0,144.0,9148.0,21.814254143765663,-0.012658987413905353,-0.11086024641709659
ID171659,171659,1553,2.8354251384735107,45.0,298.0,0.0,229.0,229,5.0,1,,130.1340206185567,135.0,73.0,146.0,12623.0,16.897749397712815,0.06426491952964211,0.9300712065787144
ID179464,179464,1553,2.586076498031616,37.0,292.0,0.0,258.0,258,5.0,1,,93.90721649484536,87.0,53.0,153.0,9109.0,26.042466310746985,-0.011311421398895101,-0.0825096067618464
ID188174,188174,1553,1.7530457973480225,30.0,276.0,0.0,289.0,289,5.0,1,,90.8659793814433,87.0,54.0,144.0,8814.0,22.712252964157994,-0.02772673305716023,-0.22818203413909569
ID172556,172556,1553,2.994608163833618,40.0,304.0,0.0,231.0,231,5.0,1,,132.06185567010309,136.0,80.0,150.0,12810.0,15.767724440153641,0.06951131979543616,1.0887007410104201
ID184077,184077,1553,2.5924344062805176,27.0,269.0,0.0,276.0,276,5.0,1,,95.50515463917526,93.0,41.0,152.0,9264.0,26.480387282910367,-0.007495893468846525,-0.05447830273183377
ID177680,177680,1553,2.719162940979004,25.0,295.0,0.0,253.0,253,5.0,1,,130.5979381443299,134.0,83.0,146.0,12668.0,14.120507983230185,0.061832293610348164,1.0771481069166164
ID179984,179984,1553,2.7458102703094482,40.0,291.0,0.0,259.0,259,5.0,1,,95.9381443298969,90.0,47.0,153.0,9306.0,26.978700871007216,-0.003962570838641663,-0.028294476115299637
ID176145,176145,1553,2.518488883972168,23.0,296.0,0.0,247.0,247,5.0,1,,131.1237113402062,132.0,89.0,151.0,12719.0,13.024222411177087,0.05786064739535311,1.101321840268021
ID179732,179732,1553,3.0977284908294678,35.0,293.0,0.0,257.0,257,5.0,1,,95.54639175257732,89.0,44.0,157.0,9268.0,28.61891151354173,0.002200235557953175,0.014659050912436597
ID174229,174229,1553,2.6298983097076416,34.0,304.0,0.0,238.0,238,5.0,1,,132.35051546391753,135.0,86.0,150.0,12838.0,13.553936418615164,0.05972247376092041,1.100616026391703
ID184347,184347,1553,2.6044514179229736,26.0,273.0,0.0,275.0,275,5.0,1,,97.16494845360825,92.0,56.0,152.0,9425.0,23.857511226538247,0.005428774034868611,0.043980983676538306
ID174489,174489,1553,2.782327175140381,30.0,300.0,0.0,239.0,239,5.0,1,,133.61855670103094,136.0,88.0,149.0,12961.0,11.131265369602968,0.07095012018925052,1.590508986058322
ID183711,183711,1553,3.4587628841400146,34.0,277.0,0.0,271.0,271,5.0,1,,96.62886597938144,90.0,46.0,161.0,9373.0,29.880428233359286,0.009089568828969328,0.05825908063611438
ID180257,180257,1553,2.7736425399780273,39.0,287.0,0.0,262.0,262,5.0,1,,96.51546391752578,93.0,51.0,153.0,9362.0,25.920999129591603,-1.654007530712274E-5,-1.2317422164814326E-4
ID190113,190113,1553,2.725278854370117,40.0,271.0,0.0,293.0,293,5.0,1,,94.42268041237114,87.0,47.0,155.0,9159.0,26.34934971191035,-0.00346002217905679,-0.024884021949418703
ID178086,178086,1553,3.3624823093414307,33.0,293.0,0.0,256.0,256,5.0,1,,97.83505154639175,90.0,40.0,168.0,9490.0,28.99270037884936,0.009855874414035695,0.06586755932043298
ID182436,182436,1553,2.7581169605255127,36.0,281.0,0.0,268.0,268,5.0,1,,96.03092783505154,89.0,46.0,154.0,9315.0,26.23231690438001,-0.002706939448608913,-0.019872852741862172
ID172842,172842,1553,2.5873212814331055,33.0,301.0,0.0,234.0,234,5.0,1,,129.94845360824743,135.0,77.0,149.0,12605.0,16.07039924702441,0.059622632513602725,0.9099852790081446
ID190378,190378,1553,2.8200490474700928,37.0,261.0,0.0,298.0,298,5.0,1,,95.79381443298969,91.0,45.0,153.0,9292.0,27.474586038862768,-0.006448642465605284,-0.04525997218255434
ID176427,176427,1553,2.5975520610809326,22.0,292.0,0.0,248.0,248,5.0,1,,130.84536082474227,133.0,84.0,143.0,12692.0,12.94406251126487,0.06010827798976062,1.1463092151526681
ID181035,181035,1553,3.29927921295166,38.0,289.0,0.0,260.0,260,5.0,1,,95.73195876288659,89.0,45.0,171.0,9286.0,30.345755971771105,-8.535499407012045E-4,-0.005390000015991203
ID184875,184875,1553,2.261960744857788,26.0,272.0,0.0,278.0,278,5.0,1,,94.81443298969072,88.0,53.0,148.0,9197.0,23.30384888494245,-0.010624325643528804,-0.08738098539086173
ID174767,174767,1553,2.800551414489746,31.0,296.0,0.0,240.0,240,5.0,1,,131.94845360824743,135.0,69.0,154.0,12799.0,17.948056495307867,0.06420954379278687,0.8871341701774179
ID175024,175024,1553,2.5948784351348877,27.0,292.0,0.0,243.0,243,5.0,1,,128.96907216494844,133.0,87.0,150.0,12510.0,14.483074610448615,0.05704738455116356,0.9611608775542088
ID188464,188464,1553,2.0367438793182373,33.0,279.0,0.0,288.0,288,5.0,1,,88.3298969072165,85.0,40.0,147.0,8568.0,25.7636378325007,-0.03139537802161133,-0.22225406517762092
ID180532,180532,1553,1.938698649406433,39.0,288.0,0.0,261.0,261,5.0,1,,92.9278350515464,91.0,44.0,147.0,9014.0,23.907916847197466,-0.020728752324538496,-0.16455240630562218
ID185141,185141,1553,2.9850809574127197,27.0,270.0,0.0,277.0,277,5.0,1,,95.95876288659794,90.0,51.0,153.0,9308.0,27.709398798727875,0.0010499904190631457,0.007264690276860637
ID173115,173115,1553,2.979848623275757,35.0,301.0,0.0,233.0,233,5.0,1,,132.08247422680412,136.0,84.0,152.0,12812.0,15.394581096858929,0.06623838465140601,1.0660135753292936
ID182712,182712,1553,2.271266460418701,29.0,275.0,0.0,272.0,272,5.0,1,,94.4639175257732,88.0,46.0,143.0,9163.0,23.218195924600327,-0.011087235262659416,-0.0912289668561782
ID187064,187064,1553,2.737327814102173,28.0,273.0,0.0,283.0,283,5.0,1,,92.01030927835052,85.0,43.0,154.0,8925.0,27.62226413502371,-0.009385142889328485,-0.06311655179353966
ID188735,188735,1553,1.8433878421783447,33.0,276.0,0.0,291.0,291,5.0,1,,88.11340206185567,81.0,50.0,145.0,8547.0,24.15224122133898,-0.034006155026974405,-0.2568607219676023
ID190655,190655,1553,2.217272996902466,40.0,255.0,0.0,299.0,299,5.0,1,,90.48453608247422,82.0,44.0,152.0,8777.0,28.165105997959405,-0.03367501873299246,-0.22391212353690765
ID188989,188989,1553,2.078495979309082,41.0,268.0,0.0,295.0,295,5.0,1,,91.15463917525773,87.0,46.0,145.0,8842.0,24.515445899042223,-0.024781351606453263,-0.1889696102879809
ID187331,187331,1553,1.841602087020874,27.0,276.0,0.0,284.0,284,5.0,1,,88.95876288659794,84.0,52.0,146.0,8629.0,24.072337826925082,-0.03366340274443584,-0.25747202352652476
ID182982,182982,1553,3.0113422870635986,31.0,271.0,0.0,273.0,273,5.0,1,,95.96907216494846,91.0,40.0,152.0,9309.0,26.958090007240646,0.003564632521846315,0.025289578450458775
ID178372,178372,1553,2.411611318588257,24.0,294.0,0.0,249.0,249,5.0,1,,130.28865979381445,132.0,89.0,154.0,12638.0,12.099379084349916,0.052927171571516045,1.0825647494005697
ID175301,175301,1553,2.6872432231903076,31.0,293.0,0.0,242.0,242,5.0,1,,132.64948453608247,134.0,88.0,155.0,12867.0,11.504565431740389,0.06357603475141164,1.3784475262499356
ID180938,180938,1553,3.244009017944336,41.0,283.0,0.0,264.0,264,5.0,1,,97.15463917525773,92.0,34.0,154.0,9424.0,28.49500694792334,0.011605924084054836,0.07823356720015957
ID185423,185423,1553,2.570986032485962,26.0,277.0,0.0,280.0,280,5.0,1,,92.75257731958763,86.0,46.0,161.0,8997.0,27.771774838191927,-0.015979142575725407,-0.10846797048793949
ID176716,176716,1553,2.632795572280884,25.0,293.0,0.0,246.0,246,5.0,1,,129.58762886597938,134.0,83.0,146.0,12570.0,15.726008564185147,0.055327008647468735,0.8640227309124218
ID181324,181324,1553,2.8205833435058594,40.0,285.0,0.0,263.0,263,5.0,1,,98.12371134020619,90.0,51.0,150.0,9518.0,25.20303294081503,0.004050131970260552,0.03140978269664446
ID173651,173651,1553,2.568297863006592,38.0,303.0,0.0,237.0,237,5.0,1,,129.7835051546392,133.0,87.0,147.0,12589.0,12.964074401433777,0.055743281036701564,1.0571635522369593
ID183760,183760,1553,3.1590161323547363,32.0,272.0,0.0,274.0,274,5.0,1,,95.98969072164948,89.0,52.0,152.0,9311.0,28.39802474254768,0.003085010955014801,0.020791480944855036
ID173393,173393,1553,2.469902753829956,34.0,303.0,0.0,235.0,235,5.0,1,,131.1340206185567,133.0,84.0,145.0,12720.0,11.70703925171677,0.057056610092233825,1.2092219368088504
ID176977,176977,1553,2.574585199356079,28.0,299.0,0.0,251.0,251,5.0,1,,130.98969072164948,135.0,85.0,142.0,12706.0,12.897427751752824,0.05985693894663187,1.1471792015964115
ID178641,178641,1553,2.667569637298584,31.0,295.0,0.0,254.0,254,5.0,1,,93.73195876288659,90.0,40.0,155.0,9092.0,28.478616050730924,-0.015419924903553492,-0.10309320086497821
ID171095,171095,1553,2.442821741104126,47.0,302.0,0.0,227.0,227,5.0,1,,131.58762886597938,134.0,95.0,148.0,12764.0,10.137340809805991,0.06119878553575188,1.497156048073697
ID178904,178904,1553,2.33370304107666,33.0,295.0,0.0,255.0,255,5.0,1,,92.45360824742268,88.0,47.0,144.0,8968.0,25.240930969754885,-0.016247270905457717,-0.12098818553102454
ID189273,189273,1553,2.3635103702545166,39.0,265.0,0.0,296.0,296,5.0,1,,95.79381443298969,90.0,51.0,141.0,9292.0,22.479128349208878,-0.0016383074898495586,-0.013986063754347494
ID186845,186845,1553,2.1951000690460205,27.0,277.0,0.0,285.0,285,5.0,1,,91.27835051546391,87.0,46.0,146.0,8854.0,25.75555856996424,-0.021018299033775896,-0.1521772734192105
ID181601,181601,1553,1.935793161392212,38.0,278.0,0.0,266.0,266,5.0,1,,92.79381443298969,86.0,59.0,147.0,9001.0,21.607742701946897,-0.017390300169799054,-0.15200772340137073
ID185697,185697,1553,2.2774596214294434,29.0,278.0,0.0,279.0,279,5.0,1,,91.50515463917526,85.0,37.0,152.0,8876.0,26.461892297911238,-0.02344714903120324,-0.16605384991740998
ID172262,172262,1553,2.468467950820923,40.0,305.0,0.0,232.0,232,5.0,1,,128.48453608247422,133.0,87.0,142.0,12463.0,13.537843102809573,0.055316798767522046,0.9949598770681924
ID183270,183270,1553,3.2694458961486816,38.0,279.0,0.0,270.0,270,5.0,1,,96.9278350515464,91.0,48.0,155.0,9402.0,28.57163782446692,0.009455826272077668,0.06355585088244108
ID175594,175594,1553,2.612349033355713,32.0,295.0,0.0,241.0,241,5.0,1,,131.46391752577318,134.0,88.0,146.0,12752.0,11.80930234997509,0.06356404883286935,1.3306389370076828
ID177258,177258,1553,2.6430585384368896,29.0,298.0,0.0,252.0,252,5.0,1,,130.94845360824743,135.0,82.0,143.0,12702.0,13.480982850869196,0.0630706086148375,1.1525870197254626
ID170219,170219,1553,2.3945319652557373,48.0,304.0,0.0,226.0,226,5.0,1,,129.53608247422682,133.0,78.0,150.0,12565.0,16.57310940428683,0.05068985238821946,0.7541595687625189
ID173932,173932,1553,2.7684996128082275,35.0,304.0,0.0,236.0,236,5.0,1,,131.95876288659792,136.0,88.0,147.0,12800.0,14.068224779751297,0.06142160691013182,1.0855808718951108
ID179180,179180,1553,2.974194049835205,27.0,293.0,0.0,245.0,245,5.0,1,,131.57731958762886,132.0,91.0,154.0,12763.0,12.799605341853962,0.06452339752766743,1.2461676348590232
ID185964,185964,1553,3.0599629878997803,25.0,275.0,0.0,281.0,281,5.0,1,,94.1340206185567,87.0,44.0,164.0,9131.0,29.154269579392714,-0.0034186485250981722,-0.022152162857423875
ID181872,181872,1553,2.837986946105957,40.0,277.0,0.0,265.0,265,5.0,1,,95.48453608247422,86.0,46.0,149.0,9262.0,26.697422395110646,0.004235465846625844,0.030168890200043597
ID187889,187889,1553,2.209751605987549,30.0,277.0,0.0,290.0,290,5.0,1,,90.44329896907216,81.0,48.0,153.0,8773.0,25.714769212849312,-0.021421507746504715,-0.15398489765858406
ID171383,171383,1553,2.72981595993042,46.0,302.0,0.0,230.0,230,5.0,1,,130.2577319587629,134.0,75.0,146.0,12635.0,16.237352995559515,0.06074244578354584,0.9187568764463426
ID189559,189559,1553,3.5409390926361084,41.0,269.0,0.0,294.0,294,5.0,1,,97.91752577319588,90.0,43.0,164.0,9498.0,29.233139764334243,0.01712981924762096,0.11282136693866551
ID186233,186233,1553,1.7609483003616333,28.0,279.0,0.0,286.0,286,5.0,1,,88.12371134020619,83.0,41.0,140.0,8548.0,23.642853805800904,-0.031868667787415976,-0.24538754254356124
ID175871,175871,1553,2.256166696548462,29.0,294.0,0.0,244.0,244,5.0,1,,127.69072164948453,132.0,87.0,144.0,12386.0,13.646092866291948,0.049403676779868844,0.8810442167971484
ID182268,182268,1553,3.369036912918091,37.0,280.0,0.0,269.0,269,5.0,1,,98.17525773195877,90.0,49.0,159.0,9523.0,28.558423417793314,0.013207976753294002,0.0896263092931446
